name,host_name,neighbourhood,room_type,price_per_night,minimum_nights,number_of_reviews,reviews_per_month,calculated_host_listings_count,availability_365,number_of_reviews_ltm,bathrooms,bedrooms,host_response_rate,review_scores_value,host_response_time
HARBORSIDE-Walk to subway,Frank,East Boston,Entire home/apt,125,29,26,0.21,1,262,1,1.0,1,75,4.88,within a day
** Fort Hill Inn Private! Minutes to center!**,Terry,Roxbury,Entire home/apt,142,3,137,0.69,11,103,13,1.0,1,100,4.77,within an hour
"Fort Hill Inn *Sunny* 1 bedroom, condo duplex",Terry,Roxbury,Entire home/apt,171,3,139,0.72,11,93,11,1.0,0,100,4.72,within an hour
Curved Glass Studio/1bd facing Park,Anne,Beacon Hill,Entire home/apt,140,91,29,0.22,8,210,0,1.0,1,70,4.59,within a day
Bostons Best Rentals -Studio Prestigious Back Bay,Michelle,Back Bay,Entire home/apt,152,91,9,0.08,12,217,0,1.0,0,93,4.67,within a few hours
The Back Bay Nook  -Brownstone in Prestigious Area,Michelle,Back Bay,Entire home/apt,202,32,5,0.07,12,233,0,1.0,0,93,4.8,within a few hours
The Olive & Vine in The North End-Walk to MGH Tuft,Michelle,North End,Entire home/apt,130,32,2,0.11,12,330,1,1.0,0,93,4.0,within a few hours
230B1 | The Dorset Redline | 3BR 1BA w/AC | Pvt,Lance,Dorchester,Entire home/apt,161,30,52,0.28,58,264,0,1.0,3,87,4.48,within a few hours
Moroccan Decor Suite,Elizabeth,Charlestown,Entire home/apt,272,2,103,0.56,1,77,2,1.0,1,100,4.94,Unknown
Private room & bath - Jamaica Plain,Robert,Jamaica Plain,Private room,90,14,103,0.57,1,235,4,1.5,1,100,4.93,within a day
Garden Studio,Atef,Charlestown,Entire home/apt,100,29,142,0.79,1,239,3,1.0,1,100,4.54,within an hour
"Private Room, shared bath in Victorian House/ 1",Hermina,Dorchester,Private room,86,29,334,1.86,5,362,1,1.5,3,100,4.51,within an hour
Room in geographical heart of Hub,Michelle,Roxbury,Private room,80,29,145,0.82,1,209,0,1.0,1,100,4.63,within a few hours
Bookcase 1bd facing Boston Common,Anne,Beacon Hill,Entire home/apt,100,32,19,0.13,8,170,0,1.0,1,70,4.68,within a day
Corner 1 bed facing Golden Dome,Anne,Downtown,Entire home/apt,135,91,49,0.32,8,261,0,1.0,1,70,4.81,within a day
Waterfall Room: Bunker Hill B&B,Christiane,Charlestown,Private room,140,29,71,0.42,1,365,0,1.0,1,100,4.39,Unknown
Private room in Victorian house,Hermina,Dorchester,Private room,90,3,304,1.75,5,361,4,1.5,0,100,4.42,within an hour
Fort Hill Inn  2 bed Duplex ApT!  Location!,Terry,Roxbury,Entire home/apt,252,3,307,1.82,11,101,32,1.0,2,100,4.67,within an hour
"Great Boston neighborhood , Jamaica Plain",Jill,Jamaica Plain,Private room,68,30,65,0.39,1,262,6,1.0,1,100,4.94,Unknown
Serene Studio in a Perfect Location,Kristina,Jamaica Plain,Entire home/apt,135,3,555,3.33,2,64,53,1.0,1,100,4.81,within an hour
Large bedroom in Victorian House/Room D,Hermina,Dorchester,Private room,57,29,217,1.29,5,319,1,1.5,3,100,4.45,within an hour
Treetop Haven in the City,Maria Elena,Jamaica Plain,Entire home/apt,108,3,322,1.92,1,145,23,1.0,0,100,4.83,within a few hours
BOSTON LUXURY FOR LESS!! NEAR BCEC,Meri,South Boston,Entire home/apt,318,2,523,3.33,1,307,44,1.0,2,100,4.71,within an hour
Your cozy stay in South Boston,Albert,South Boston,Entire home/apt,190,3,71,0.44,1,122,16,1.0,2,100,4.31,within an hour
"Beautiful Townhouse, 2 BR & 2 Bath",Hermina,Dorchester,Entire home/apt,224,29,121,0.75,5,362,1,2.0,2,100,4.34,within an hour
Cozy Room in Beautiful Victorian House /E,Hermina,Dorchester,Private room,51,1,102,0.65,5,286,22,0.5,1,100,4.53,within an hour
"Sweet Little House in JP, Boston",Hilary,Jamaica Plain,Private room,76,5,425,2.69,1,209,23,1.0,1,100,4.84,within an hour
230B4 | The Penthouse Redline | 2BR 1B w/AC | Pvt,Lance,Dorchester,Entire home/apt,113,30,64,0.47,58,265,2,1.0,2,87,4.73,within a few hours
230B3  | The Mayhew Redline | 3BR 1B w/AC | Pvt,Lance,Dorchester,Entire home/apt,153,30,58,0.37,58,252,0,1.0,3,87,4.52,within a few hours
145R1 | The Redlands 1 | 2BR 1BA w/AC | Private,Lance,West Roxbury,Entire home/apt,192,30,0,0.0,58,300,0,1.0,2,87,4.7,within a few hours
25A2 | The Alameda 2 | 2BR 1BA w/AC & WD | Private,Lance,West Roxbury,Entire home/apt,150,30,43,0.43,58,219,0,1.0,3,87,4.44,within a few hours
Houseboat in Boston Harbor,Deborah,Charlestown,Entire home/apt,188,2,127,1.19,3,300,14,1.0,1,100,4.65,within an hour
Getaway in Historic Charlestown,Joe,Charlestown,Entire home/apt,175,3,191,1.22,1,2,7,1.0,1,100,4.74,within an hour
1 Bed in Charming Southie Townhouse near BCEC,Ingrid,South Boston,Private room,213,2,8,0.07,1,106,0,1.0,1,100,4.75,within a day
Boston / Charlestown Apartment,Gerard Anthony,Charlestown,Entire home/apt,208,2,503,3.26,1,168,45,1.0,1,100,4.85,within an hour
Unique Find: At Home in the City!,Margaret,Jamaica Plain,Entire home/apt,690,3,90,0.6,2,273,10,2.5,4,100,4.54,within an hour
"Private room for 1 person, separate private bath",Lisa,Jamaica Plain,Private room,104,2,312,2.13,1,237,34,1.0,1,100,4.83,within an hour
6 miles away from downtown Boston!,Sami,Roslindale,Private room,55,91,141,1.18,1,365,0,1.0,1,100,4.85,Unknown
Fort Hill Inn -Cool Space-BOSTON'S BEST-1 bedroom,Terry,Roxbury,Entire home/apt,162,3,74,0.48,11,89,4,1.0,0,100,4.78,within an hour
"Modern Loft, 1700 SqFt. Location!",Kelly & Chris,Downtown,Entire home/apt,444,2,226,1.52,2,307,57,2.0,1,100,4.85,within an hour
"Perfect & Practical Boston Rental (1,500+ sqft)",Damon,Roslindale,Entire home/apt,320,5,111,0.8,2,153,11,2.0,3,100,4.76,within an hour
Gorgeous Water Frt North End Studio,Paolo,North End,Entire home/apt,95,29,615,4.12,1,286,3,1.0,1,90,4.72,within a few hours
Private room in house,Jennifer,Roslindale,Private room,82,29,66,0.46,2,291,3,1.5,1,100,4.88,within an hour
Convenient Boston Hotel Alternative,Damon,West Roxbury,Entire home/apt,137,4,108,0.75,2,153,11,1.0,1,100,4.87,within an hour
Best Location Luxury Beacon Hill North End Condo,Le,Downtown,Private room,180,91,61,0.43,1,365,0,1.0,1,100,4.66,within an hour
"The Dalton - The Upton Boston, South End",Laura And Olivia,South End,Entire home/apt,230,2,91,0.63,7,157,10,1.0,0,100,4.56,within an hour
Cozy JP Studio-Great Location!,Kristina,Jamaica Plain,Entire home/apt,129,3,399,2.71,2,89,47,1.0,1,100,4.81,within an hour
ExclusiveBackBayBostonCtr-EntireFloorBrick townhse,Irene,Back Bay,Private room,204,29,117,0.8,1,364,0,1.0,1,100,4.6,Unknown
Duplex Penthouse in Longwood Area,Anne,Mission Hill,Entire home/apt,135,91,31,0.21,8,174,0,2.0,1,70,4.72,within a day
4 bedroom Victorian Condo unit,Lita,Jamaica Plain,Entire home/apt,442,2,95,0.66,1,254,2,2.0,4,100,4.61,within an hour
"North End 3BR Condo - Spacious, Central  Location",Patricia,North End,Entire home/apt,515,2,189,1.29,1,231,36,1.0,3,100,4.65,within an hour
"The Washington - The Upton Boston, South End",Laura And Olivia,South End,Entire home/apt,309,2,118,0.82,7,165,10,1.0,1,100,4.58,within an hour
Historic Beacon Hill,Larry,Beacon Hill,Entire home/apt,340,91,23,0.16,1,358,0,1.0,1,100,4.39,Unknown
2 bedroom 1st Floor Apartment in Savin Hill,CarneyFamily,Dorchester,Entire home/apt,132,2,676,4.66,2,5,35,1.0,2,100,4.88,within an hour
Bright Sunlit bedroom near MGH labs/Downtown,Rosalia,Charlestown,Private room,58,29,120,0.84,1,246,4,1.0,1,100,4.64,within an hour
Andrea's Private Bath T Downtown,CarneyFamily,Dorchester,Private room,73,2,750,5.21,2,6,61,1.0,1,100,4.85,within an hour
Large Studio Apt w/ Full Kitchen & Bath + Parking!,Nick,Brighton,Entire home/apt,168,2,288,2.02,4,97,53,1.0,1,92,4.78,within an hour
2 bed/2 bath in the heart of Boston,Hamed,Fenway,Entire home/apt,415,91,40,0.28,1,364,0,2.0,2,100,4.73,Unknown
"Fort Hill Top - 2Bk Private room,  brick townhouse",Kevin,Roxbury,Private room,56,30,27,0.31,3,201,3,2.0,1,100,4.63,within a few hours
Large Private Bedroom & Bathroom by the Seaport,Joshua,South Boston,Private room,122,1,606,5.34,1,48,77,1.0,1,100,4.75,Unknown
Urban oasis trendy JP 'hood - suite,Kelly,Jamaica Plain,Entire home/apt,214,2,319,2.25,1,270,29,1.0,2,100,4.85,within a day
Quiet Sunlit Attic Studio,Fiona,Roslindale,Entire home/apt,99,29,13,0.12,2,353,2,1.5,1,100,4.85,within a day
Charming sunlit house in Boston,Fiona,Roslindale,Entire home/apt,215,29,44,0.31,2,322,0,1.0,2,100,4.65,within a day
Private room/ MUST LOVE DOGS,Thomas,Dorchester,Private room,63,1,190,1.33,1,340,7,1.0,1,100,4.8,within an hour
Room for 2 in Rozzie - Full Bath,Rebecca,Roslindale,Private room,63,29,47,0.33,2,169,1,1.0,1,100,4.8,Unknown
3Bed/2.5Bath Luxury Triplex South End's Union Park,Stacy,South End,Entire home/apt,1250,5,57,0.43,1,254,7,2.5,3,100,4.74,within a few hours
"RIVERVIEWS-Walk Everywhere! Central, Safe LOCATION",Suzanne,Fenway,Entire home/apt,258,91,2,0.02,4,362,0,1.0,2,100,3.5,within a day
One Private Bedroom in J.P.,Molly,Jamaica Plain,Private room,120,91,38,0.27,1,365,0,1.0,1,100,4.36,Unknown
Spacious Updated 2 Bed Boston Condo w/ Deck,Shannon,South Boston,Entire home/apt,500,29,22,0.2,7,179,1,2.0,2,100,4.64,within a few hours
Spacious Updated Boston Room/Condo,Shannon,South Boston,Private room,230,29,85,0.76,7,365,0,1.0,1,100,4.73,within a few hours
"Studio, w kitchenette, in owner's Beacon Hill home",Janet,Beacon Hill,Entire home/apt,190,29,129,0.95,1,232,5,1.0,0,67,4.68,within a day
I bdrm in Boston/Allston/Brookline,Alla,Allston,Entire home/apt,181,30,55,0.43,1,92,2,1.0,1,100,4.7,within an hour
"The Clare - The Upton Boston, South End",Laura And Olivia,South End,Entire home/apt,260,3,94,0.69,7,126,10,1.0,1,100,4.62,within an hour
furnished 1 bed apartment copley #5,Glenn,South End,Entire home/apt,130,33,80,0.61,5,16,0,1.0,1,100,4.76,within a few hours
Light-filled Private Suite on Beautiful Street,Antoinette,Jamaica Plain,Entire home/apt,180,2,202,1.49,1,98,18,1.0,1,100,4.88,within a day
Sunny 1 Bedroom,Masha,Brighton,Entire home/apt,75,91,11,0.09,3,262,1,1.0,1,100,4.91,within an hour
"The Tremont - The Upton Boston, South End",Laura And Olivia,South End,Entire home/apt,260,2,94,0.72,7,148,15,1.0,0,100,4.53,within an hour
Charming comfort 1 BR / Studio,Masha,Brighton,Entire home/apt,67,91,19,0.14,3,41,1,1.0,1,100,4.63,within an hour
Perfect Location to Explore Boston,Jonathan,Beacon Hill,Entire home/apt,150,365,99,0.74,1,263,0,1.0,1,100,4.75,Unknown
Beautiful 3 bedroom 2 bath apt in Charlestown,Dawn,Charlestown,Entire home/apt,150,91,0,0.0,3,365,0,2.0,3,60,4.7,within a day
BEAUTIFUL SINGLE FAMILY VICTORIAN in Hyde Park!,Katy,Hyde Park,Entire home/apt,247,2,135,1.0,1,5,9,1.5,4,100,4.86,within an hour
2bd APT 20min from Downtown Boston,Jonathan,Hyde Park,Entire home/apt,158,29,38,0.29,11,292,0,1.0,2,94,4.63,within a few hours
2 Minutes Walk  to the Red Line!,Marie,Dorchester,Private room,50,30,14,0.12,27,354,3,1.0,1,100,4.71,within an hour
1bd Boston apt - Convenient & quiet,Ella,Roslindale,Entire home/apt,158,2,202,1.52,1,115,38,1.0,1,90,4.81,within an hour
"Garden Suite near subway, beach",Jessica,Dorchester,Entire home/apt,132,2,263,1.97,3,226,11,1.0,1,82,4.54,within a few hours
Beautiful Junior 1-bedroom apartment,Jerry,South End,Entire home/apt,160,91,0,0.0,1,179,0,1.0,1,0,4.7,a few days or more
"AKBrownstone: custom-built, park garden view by T",Jonathan,Roxbury,Private room,115,2,492,4.27,6,50,65,1.0,1,100,4.84,within an hour
Urban Travelers Modern Studio,Jennifer,Roxbury,Entire home/apt,118,28,147,1.8,4,44,4,1.0,0,100,4.85,within an hour
Luxury Beacon Hill Apartment 1-BR,Xerxes Khashayar,Beacon Hill,Entire home/apt,178,91,254,1.92,1,192,1,1.0,1,100,4.75,Unknown
230B2 | The Roseclair Redline | 3BR 1B w/AC | Pvt,Lance,Dorchester,Entire home/apt,158,30,31,0.24,58,46,0,1.0,3,87,4.61,within a few hours
"Modern, Spacious 1BR for 4 - Easy Marathon Access!",Alexander Martin,Roxbury,Entire home/apt,175,2,328,2.52,5,157,42,1.0,1,100,4.74,within a few hours
Parking Close 2 Downtown Renovated,Huggy,Roxbury,Private room,38,91,6,0.05,31,365,0,1.0,2,100,4.17,within an hour
Small Rm +walk-in closet Easy to Longwood/Downtown,Huggy,Roxbury,Private room,35,91,0,0.0,31,365,0,1.0,2,100,4.7,within an hour
Beacon Hill Fabulous One Bedroom Apartment,Paul,Beacon Hill,Entire home/apt,150,29,254,1.94,1,177,1,1.0,1,100,4.78,within an hour
"Entire 2nd floor, skylight suite is all yours!",Katharine,Jamaica Plain,Private room,88,29,130,0.99,1,47,1,1.0,2,0,4.83,a few days or more
Minutes to Boston-Near Beach 69-1,May,East Boston,Private room,42,91,90,0.89,1,89,0,2.5,1,100,4.56,Unknown
Sunny bedroom in large quiet house,Jennifer,Roslindale,Private room,78,6,77,0.62,2,181,7,1.5,1,100,4.87,within an hour
"Your Sensational South End - 2BR, no stairs",Liesl,South End,Entire home/apt,195,29,363,2.77,1,87,5,1.0,2,100,4.74,within an hour
Sunlit room with private bath,Evelyn,Jamaica Plain,Private room,110,2,227,1.73,1,254,16,1.0,1,75,4.93,within a day
Sanitized Modern 3BD private home-near BCEC,Tiffany,South Boston,Entire home/apt,454,1,1107,8.5,1,10,111,1.5,3,100,4.83,within an hour
Airy new apt for 2-6. Near subway. Free parking.,Woodruff,Jamaica Plain,Entire home/apt,240,2,62,0.49,1,277,17,2.5,2,100,4.76,within a few hours
Beautiful Studio Apt in North End,Compass,North End,Entire home/apt,259,29,28,0.21,29,66,0,1.0,0,96,4.79,within a few hours
"Bright, cozy bedroom in Victorian",Angela,Dorchester,Private room,69,91,14,0.11,1,268,1,1.0,1,100,4.93,Unknown
Quiet Artist's Retreat,Melissa,Jamaica Plain,Private room,85,29,50,0.38,2,322,2,1.0,1,100,4.63,within a day
AKBrownstone: Master Suite park view by T,Jonathan,Roxbury,Private room,130,2,595,4.57,6,49,76,1.0,1,100,4.84,within an hour
Studio apart Tremont St South End #2,Glenn,South End,Entire home/apt,175,33,79,0.61,5,0,4,1.0,0,100,4.57,within a few hours
Room Logan Airport  1/2 bathroom,Mirian,East Boston,Private room,100,100,5,0.04,2,364,0,1.0,1,100,4.0,within an hour
large & grand 2 bedroom South End by Copley Sq #3,Glenn,South End,Entire home/apt,160,30,149,1.16,5,216,1,1.0,2,100,4.77,within a few hours
newly furn one bedroom by Copley #6,Glenn,South End,Entire home/apt,221,31,88,0.71,5,79,4,1.0,1,100,4.72,within a few hours
"Grt Location, Big 3 Bed, Nr all Colleges, parking",Patrick,Brighton,Entire home/apt,160,45,15,0.13,1,232,3,2.0,3,50,4.67,within a day
AKBrownstone: modern treetop skyline view by T,Jonathan,Roxbury,Private room,97,2,480,3.72,6,50,83,1.0,1,100,4.83,within an hour
Perfectly Located Rental Near MGH & TD Garden #13,Maverick,Beacon Hill,Entire home/apt,166,1,232,1.89,87,355,24,1.0,0,100,4.47,within an hour
South End Studio Perfect for Work Travel #36,Maverick,South End,Entire home/apt,132,1,109,0.89,87,347,7,1.0,0,100,4.43,within an hour
"Explore Newbury St, Fenway, and Chinatown Nearby,",Maverick,South End,Entire home/apt,153,1,174,1.43,87,360,2,1.0,1,100,4.43,within an hour
Boston’s Top Location: Newbury Street – #1,Maverick,Back Bay,Entire home/apt,202,1,170,1.41,87,263,6,1.0,0,100,4.52,within an hour
AKBrownstone: Loft rooftop views by T,Jonathan,Roxbury,Private room,76,2,570,4.42,6,54,87,1.0,1,100,4.77,within an hour
Fort Hill Inn Historic Beauty! Minutes to Center!,Terry,Roxbury,Entire home/apt,282,3,119,0.93,11,131,10,1.5,3,100,4.76,within an hour
"The Upton South End, The Copley Suite",Laura And Olivia,South End,Entire home/apt,204,120,35,0.28,7,239,12,1.0,1,100,4.8,within an hour
AKBrownstone: cozy private studio by T,Jonathan,Roxbury,Entire home/apt,159,2,879,6.82,6,43,95,1.0,0,100,4.75,within an hour
Parking EZ 2 Downtown/Longwood Larg,Huggy,Roxbury,Private room,39,91,7,0.06,31,365,0,2.0,1,100,4.86,within an hour
Parking Renovated Close to Downtown,Huggy,Roxbury,Private room,39,91,1,0.01,31,365,0,1.0,2,100,4.0,within an hour
2 Bd/Bth Apt in Prime Location Gorgeous Water View,Alexander K,West End,Entire home/apt,332,30,17,0.16,11,83,0,2.0,2,100,4.59,within an hour
Boston RooftopTerrace/ 2 Bed / By Logan airport,Elisangela,East Boston,Entire home/apt,258,1,436,3.58,3,312,47,1.0,2,100,4.69,within an hour
South End Studio Perfect for Work Travel #46,Maverick,South End,Entire home/apt,133,1,173,1.45,87,359,13,1.0,0,100,4.52,within an hour
Parking Easy to downtown/Longwood,Huggy,Roxbury,Private room,39,91,4,0.03,31,365,0,2.0,2,100,4.75,within an hour
Charming studio,Masha,Brighton,Entire home/apt,60,91,21,0.21,3,1,2,1.0,1,100,4.86,within an hour
Historic House modernized,Matthew Brenden,Brighton,Entire home/apt,448,3,216,1.68,2,266,32,2.0,5,100,4.87,within an hour
Charming Victorian Furnished Home,Barbara,Hyde Park,Entire home/apt,261,2,114,0.92,1,198,7,2.0,2,100,4.7,within an hour
Cosy Celtic Retreat,Deborah,Brighton,Private room,58,91,29,0.23,1,258,2,1.0,1,100,4.83,within an hour
One Sweet Place (A) managed by Andrea,Andrea,Mattapan,Private room,27,30,24,0.27,4,169,1,1.0,1,100,4.79,within an hour
Studio w/ private entrance and bathroom,Katty,Jamaica Plain,Entire home/apt,94,4,433,3.4,1,239,7,1.0,0,100,4.72,within an hour
Spacious Family-Friendly Townhome Near Harvard,Mingzhou,Allston,Entire home/apt,645,2,351,3.35,2,114,59,2.5,4,100,4.82,within an hour
3rd floor room in Victorian House,Yvonne,Dorchester,Private room,59,29,41,0.33,1,365,0,2.0,5,100,4.82,Unknown
Quiet room - Great location!,Melissa,Jamaica Plain,Private room,84,30,37,0.3,2,229,3,1.0,1,100,4.59,within a day
"Large room with view on Downtown, 27 Dexter Street",Manuela,South Boston,Private room,65,5,200,1.6,3,174,11,1.0,1,100,4.55,within an hour
Stunning SouthEnd/BackBay Penthouse,Susan,Roxbury,Entire home/apt,570,29,100,0.83,3,284,0,1.5,2,100,4.9,within a few hours
2 Bdrm Apt w/ tower in JP Victorian,Matthew,Jamaica Plain,Entire home/apt,199,2,488,3.87,1,269,61,1.0,2,100,4.86,within an hour
Beautiful Townhouse Boston's South End,Jim,South End,Entire home/apt,1000,5,38,0.3,1,88,9,2.5,3,100,4.87,within an hour
"Renovated, Quiet, Free Parking",Huggy,Roxbury,Private room,39,91,6,0.06,31,365,0,1.0,1,100,5.0,within an hour
Beautiful 3 bedroom Dorchester MA,Bernard,Dorchester,Entire home/apt,102,29,267,2.29,2,129,3,1.0,3,100,4.83,within an hour
Quiet  Beauty in Boston,Anthony,Roslindale,Entire home/apt,155,29,25,0.21,2,316,0,1.0,2,60,4.52,within a day
Parking Renovated Close to Downtown,Huggy,Roxbury,Private room,39,91,2,0.02,31,365,0,2.0,2,100,5.0,within an hour
*Fort Hill Inn: Penthouse Duplex* Close to Center,Terry,Mission Hill,Entire home/apt,275,3,229,1.87,5,87,41,2.0,3,100,4.82,within an hour
"Fresh! City Loft Apartment,  Minutes to Center!",Terry,Roxbury,Entire home/apt,162,3,132,1.05,5,81,3,1.0,0,100,4.79,within an hour
Private Entrance * King Beds * Parking * Kid Ready,Kathy,Back Bay,Entire home/apt,302,29,214,1.96,1,202,2,1.0,2,100,4.79,within an hour
"Heart of South End, Convenient, Comfy Studio #42",Maverick,South End,Entire home/apt,90,1,156,1.28,87,191,3,1.0,0,100,4.42,within an hour
Boston at your doorstep!,Heather And Mike,Charlestown,Entire home/apt,625,3,34,0.28,1,38,3,3.0,4,100,4.88,within a day
Share South End Multi-level Loft/ with parking,Paul,Roxbury,Private room,100,91,9,0.07,3,364,0,1.5,1,33,4.78,a few days or more
"Near Fenway Park, South End, and Newbury St #4",Maverick,South End,Entire home/apt,139,1,165,1.39,87,330,15,1.0,0,100,4.47,within an hour
"Stay Close to Fenway, Tufts Medical Center & More",Maverick,South End,Entire home/apt,93,1,316,2.59,87,218,7,1.0,0,100,4.47,within an hour
City sanctuary - garden terrace - ocean view,Amy,South Boston,Entire home/apt,225,3,102,1.07,1,324,17,1.0,0,100,4.76,within an hour
"""La Gemma"" - a gem in the North End",Gina,North End,Entire home/apt,330,3,304,2.51,1,54,18,1.5,2,100,4.91,within an hour
The Nantucket Room near Harvard Square,Todd,Allston,Private room,82,3,389,3.14,8,179,37,1.0,1,100,4.8,within an hour
"2 rms, private bath, females or grandparents only",Linda,Roslindale,Private room,81,30,116,0.94,2,74,4,1.0,1,100,4.94,within a few hours
Great location! 3 BD single fam. Kid-friendly.,Jenny,Back Bay,Entire home/apt,512,91,14,0.11,1,177,0,2.5,3,100,4.79,within a few hours
"Large room, wood floor, 2 windows, 27 Dexter",Manuela,South Boston,Private room,64,5,205,1.66,3,149,11,1.0,1,100,4.48,within an hour
The Meditation Room near Harvard Square,Todd,Allston,Private room,74,60,180,1.46,8,270,3,1.0,1,100,4.73,within an hour
Close to it all-private parking & red MBTA station,Christina,Dorchester,Entire home/apt,198,2,33,0.27,1,10,14,1.0,1,100,4.91,within an hour
Fort Hill Inn- Cozy Studio ApT 1.5 miles to Center,Terry,Roxbury,Entire home/apt,152,3,150,1.21,5,89,18,1.0,0,100,4.6,within an hour
Hidden Gem in Boston: Long Term 1 Month + Only,Lawrence,Hyde Park,Entire home/apt,150,29,29,0.24,1,295,4,1.0,3,100,4.55,within an hour
Small studio in GREAT location,M,Back Bay,Entire home/apt,92,91,57,0.47,1,270,0,1.0,0,100,4.67,Unknown
Pvt tree top suite in great location,Penelope Ann,Jamaica Plain,Private room,117,2,385,3.24,1,41,42,1.0,1,100,4.92,within a few hours
"Free parking, 1 private room, 1 queen Bed",Yedan,West Roxbury,Private room,53,3,109,0.89,1,24,1,1.5,1,100,4.78,within an hour
"Family friendly Victorian home, walk to T",Helder,Jamaica Plain,Entire home/apt,314,29,42,0.35,1,169,1,2.5,5,100,4.53,within a day
Urban Oasis / Apartment perfect for work & create,Kaidi Mali,Roxbury,Entire home/apt,142,3,103,1.18,1,297,14,1.0,1,90,4.68,within an hour
Cozy private room near bus stop,Barrie,Roslindale,Private room,43,29,17,0.14,3,362,2,1.0,1,100,4.47,within a day
"Cozy 1B, Green Line, Boston Coll, Elev, Roof Deck",Kama,Brighton,Entire home/apt,218,29,40,0.33,39,274,2,1.0,1,99,4.43,within an hour
"Stylish Downtown Studio in the SouthEnd, C.Ave# 45",Maverick,South End,Entire home/apt,91,1,260,2.14,87,201,8,1.0,1,100,4.42,within an hour
"Stylish Downtown Studio in the SouthEnd, C.Ave# 43",Maverick,South End,Entire home/apt,135,1,177,1.77,87,301,24,1.0,0,100,4.37,within an hour
Iconic Newbury Street at Your Doorstep #10,Maverick,Back Bay,Entire home/apt,139,1,274,2.28,87,292,15,1.0,0,100,4.55,within an hour
South End Studio Perfect for Work Travel #26,Maverick,South End,Entire home/apt,131,1,120,1.22,87,360,15,1.0,0,100,4.37,within an hour
Perfect Spot Near Boston's Cultural Hub #22,Maverick,South End,Entire home/apt,85,1,169,1.6,87,187,25,1.0,0,100,4.31,within an hour
"Minutes to Chinatown, Boston Common & Fenway Park",Maverick,South End,Entire home/apt,125,1,260,2.2,87,353,2,1.0,0,100,4.52,within an hour
"Treetop+Balcony Suite, ocean view, safe, nr metro",Jessica,Dorchester,Entire home/apt,160,2,128,1.64,3,192,25,1.0,1,82,4.77,within a few hours
"Small room Easy to Downtown, Longwood Clean Sunny",Huggy,Roxbury,Private room,35,91,11,0.1,31,365,0,2.0,1,100,5.0,within an hour
Minutes from Boston Common & the Public Garden # 2,Maverick,South End,Entire home/apt,114,1,151,1.56,87,261,16,1.0,0,100,4.23,within an hour
Renovated Parking EZ to downtown,Huggy,Roxbury,Private room,39,91,5,0.04,31,365,0,2.0,2,100,4.2,within an hour
A Fenway Getaway,Helen,Fenway,Entire home/apt,132,91,98,0.81,1,190,0,1.0,1,100,4.89,within a few hours
"Stylish Downtown Studio in the SouthEnd, C.Ave# 31",Maverick,South End,Entire home/apt,118,1,235,1.98,87,346,18,1.0,0,100,4.5,within an hour
Live in the Heart of Newbury Street #3,Maverick,Back Bay,Entire home/apt,166,1,266,2.28,87,303,7,1.0,0,100,4.64,within an hour
"Prime Newbury St Location, Walk Everywhere #4",Maverick,Back Bay,Entire home/apt,189,1,313,2.68,87,290,17,1.0,0,100,4.73,within an hour
"Newbury St Living –Trendy, Vibrant, Unbeatable!#12",Maverick,Back Bay,Entire home/apt,203,1,242,2.0,87,316,4,1.0,0,100,4.55,within an hour
"Exquisite Treetop Haven, JP Center, Driveway!",Julie,Jamaica Plain,Entire home/apt,259,14,62,0.51,1,252,3,1.0,2,100,4.79,within a few hours
Basement apartment in Charlestown,Ryan,Charlestown,Private room,170,91,8,0.07,1,365,0,1.0,1,100,4.88,Unknown
Private Room near public transport,Barrie,Roslindale,Private room,43,29,24,0.2,3,286,2,1.0,1,100,4.54,within a day
Easy to downtown/Longwood Free Parking Clean House,Huggy,Roxbury,Private room,35,91,7,0.06,31,365,0,2.0,2,100,4.57,within an hour
Cozy Rm Off-Street Parking EZ 2 downtown/Longwood,Huggy,Roxbury,Private room,35,91,6,0.05,31,365,0,2.0,2,100,4.67,within an hour
M&R - Front Bedroom Bathroom Parking - Walk to T!,Polly M,Dorchester,Private room,53,29,154,1.31,3,278,0,1.0,1,100,4.77,within an hour
M&R Quiet Back Room Parking Bathroom,Polly M,Dorchester,Private room,101,29,240,1.98,3,322,0,1.0,1,100,4.84,within an hour
Light and airy separate apt in funky Jamaica Plain,Susan,Jamaica Plain,Entire home/apt,118,2,370,3.09,2,28,28,1.0,1,100,4.83,within an hour
"Quiet, sunny studio, directly on the T",Dustin,Brighton,Entire home/apt,139,80,14,0.14,1,263,2,1.0,1,100,4.79,within a day
"Spacious 3 bed, in unit laundry, central Air",Joel,Brighton,Entire home/apt,327,3,265,2.2,1,341,12,1.0,3,100,4.88,within an hour
Private apartment /parking/cozy garden.,Katarzyna,South Boston,Entire home/apt,180,3,553,4.58,1,253,60,1.0,1,100,4.73,within an hour
"Near Boston Common, North End & Tufts Medical Cent",Maverick,South End,Entire home/apt,301,30,131,1.26,87,234,0,1.0,2,100,4.58,within an hour
Unbeatable Location on Newbury Street #5,Maverick,Back Bay,Entire home/apt,142,1,182,1.67,87,320,35,1.0,0,100,4.62,within an hour
Live in the Center of Newbury St Action! #11,Maverick,Back Bay,Entire home/apt,201,1,277,2.48,87,291,17,1.0,0,100,4.67,within an hour
Perfectly Placed on Newbury Street #7,Maverick,Back Bay,Entire home/apt,193,1,249,2.25,87,315,23,1.0,0,100,4.63,within an hour
Copley Square & Historic Landmarks on Newbury St#2,Maverick,Back Bay,Entire home/apt,144,1,235,1.99,87,269,20,1.0,0,100,4.62,within an hour
"Vibrant, Chic Newbury St – Stay in Style! #6",Maverick,Back Bay,Entire home/apt,134,1,272,2.34,87,299,13,1.0,0,100,4.63,within an hour
Discover Boston from Newbury Street #8,Maverick,Back Bay,Entire home/apt,191,1,358,3.26,87,257,36,1.0,0,100,4.63,within an hour
"Charming Studio in Boston Brownstone, #44",Maverick,South End,Entire home/apt,98,1,196,1.96,87,229,44,1.0,0,100,4.5,within an hour
Private room near bus stop,Barrie,Roslindale,Private room,43,29,8,0.08,3,171,1,1.0,1,100,4.25,within a day
Safe Central City Location! WalkToWork/Everywhere!,Suzanne,Fenway,Entire home/apt,235,91,15,0.13,4,362,0,1.0,1,100,4.27,within a day
"Steps from South End, Tufts Medical Center & More,",Maverick,South End,Entire home/apt,136,1,249,2.11,87,331,2,1.0,0,100,4.55,within an hour
"Walk to Chinatown, Boston Common, and South End",Maverick,South End,Entire home/apt,149,1,243,2.07,87,282,10,1.0,0,100,4.46,within an hour
"Sleek Rental in Beacon Hill, Near TD Garden/MGH #6",Maverick,Beacon Hill,Entire home/apt,166,29,225,1.91,87,358,0,1.0,0,100,4.53,within an hour
"Beacon Hill Gem, Close to TD Garden & MGH – #14",Maverick,Beacon Hill,Entire home/apt,196,1,211,2.11,87,275,21,1.0,1,100,4.49,within an hour
Convenient Beacon Hill Location Near TD Garden #11,Maverick,Beacon Hill,Entire home/apt,184,1,187,1.7,87,295,10,1.0,0,100,4.37,within an hour
Stunning Beacon Hill Boston Townhouse Apartment,Peter,Beacon Hill,Entire home/apt,850,4,170,1.42,1,157,29,2.5,4,100,4.89,within an hour
Prime Rental by MGH & TD Garden – Beacon Hill #3,Maverick,Beacon Hill,Entire home/apt,167,1,204,1.71,87,350,11,1.0,0,100,4.55,within an hour
Sunny and Quiet top floor #8,Glenn,South End,Entire home/apt,130,30,92,0.77,5,0,1,1.0,1,100,4.58,within a few hours
Spacious 3BR | 2.5 BA + Office Single-Family Home,Katie,South Boston,Entire home/apt,289,29,123,1.02,1,325,3,2.5,3,100,4.78,within an hour
"Beacon Hill – Prime Location, Near MGH #9",Maverick,Beacon Hill,Entire home/apt,187,1,330,2.82,87,294,27,1.0,0,100,4.54,within an hour
Perfect for 1,Phyllis,Brighton,Private room,85,29,319,2.67,1,365,0,1.5,1,100,4.87,within a day
"Stylish Downtown Studio in the SouthEnd, C.Ave# 41",Maverick,South End,Entire home/apt,146,1,171,1.57,87,334,9,1.0,0,100,4.47,within an hour
Ideal Location Near TD Garden and MGH #2,Maverick,Beacon Hill,Entire home/apt,201,1,211,1.96,87,332,20,1.0,0,100,4.42,within an hour
Close to TD Garden and MGH – Beacon Hill Living #8,Maverick,Beacon Hill,Entire home/apt,221,1,385,3.24,87,298,27,1.0,0,100,4.57,within an hour
Bright Beacon Hill Rental Close to MGH/TD Garden#7,Maverick,Beacon Hill,Entire home/apt,184,1,355,3.22,87,332,9,1.0,0,100,4.52,within an hour
"Beacon Hill – Prime Location, Near TD Garden #15",Maverick,Beacon Hill,Entire home/apt,182,1,159,1.43,87,302,13,1.0,0,100,4.58,within an hour
Perfect Beacon Hill Location – Near TD Garden #12,Maverick,Beacon Hill,Entire home/apt,176,1,217,1.85,87,291,9,1.0,0,100,4.45,within an hour
Morning Glory Bed & Breakfast!,Chris,Hyde Park,Private room,75,29,134,1.12,1,365,0,1.0,1,100,4.98,Unknown
"Charming home Away from Home, close to parks",Lori,Jamaica Plain,Entire home/apt,183,3,332,2.78,3,85,25,1.0,1,100,4.74,within an hour
Beacon Hill Rental Steps to MGH & TD Garden – #1,Maverick,Beacon Hill,Entire home/apt,194,1,225,1.91,87,344,18,1.0,0,100,4.43,within an hour
"Centrally located Studio in Boston ,#35",Maverick,South End,Entire home/apt,88,1,237,2.35,87,213,26,1.0,0,100,4.46,within an hour
"Close to the North End, Fenway & Boston Common, #6",Maverick,South End,Entire home/apt,216,1,115,0.97,87,324,1,1.0,0,100,4.31,within an hour
Live beside the State House!,Anne,Downtown,Entire home/apt,115,91,2,0.11,8,138,1,1.0,1,70,5.0,within a day
Boston University Harvard MIT,Home On Blaine,Allston,Private room,55,91,12,0.1,3,365,0,1.5,1,25,4.67,a few days or more
Gorgeous Beacon Hill Apartment,Mark,Beacon Hill,Entire home/apt,90,29,215,1.81,1,246,7,1.0,1,100,4.72,within a day
Prime Location in Boston's South End #25,Maverick,South End,Entire home/apt,85,1,297,2.97,87,202,47,1.0,0,100,4.45,within an hour
Sunny Studio near Airport & Train station,Gavin,East Boston,Entire home/apt,81,45,163,1.4,2,120,1,1.0,1,100,4.39,within an hour
Steps Away from Back Bay's Best Spots #33,Maverick,South End,Entire home/apt,95,1,145,1.43,87,238,23,1.0,0,100,4.31,within an hour
Country Cottage in the City,Mark,West Roxbury,Entire home/apt,145,4,196,1.66,1,45,19,1.0,1,100,4.91,within an hour
Gorgeous and Bright Victorian Home,Andre,Hyde Park,Private room,66,29,43,0.36,5,264,2,2.0,1,100,4.74,within an hour
Executive Garden Apartment,James,Brighton,Entire home/apt,198,2,397,3.35,1,216,42,1.0,1,100,4.9,within an hour
"Boston, Back Bay Condo w/Private Roof Deck",Rob,Back Bay,Entire home/apt,298,29,119,1.18,1,263,0,1.0,1,100,4.76,within an hour
South End Boston Apartment with Private Garden,Reem,South End,Entire home/apt,562,2,62,0.53,1,249,19,1.0,2,100,4.73,within an hour
"Stunning suite, historic victorian",Jil,Jamaica Plain,Private room,141,91,40,0.34,3,365,0,1.0,1,100,4.35,Unknown
"Lovely, Quiet Room",Rebecca,Hyde Park,Private room,52,91,17,0.16,1,210,1,1.5,1,100,5.0,Unknown
Cozy studio apartment in Jamaica plain!,Riyo,Jamaica Plain,Entire home/apt,110,2,696,5.91,2,68,78,1.0,1,100,4.89,within an hour
Ideal Rental by MGH & TD Garden – Beacon Hill #10,Maverick,Beacon Hill,Entire home/apt,201,1,306,2.61,87,322,6,1.0,0,100,4.57,within an hour
Suite Petite Attique by Longwood & Train,Celia,Roxbury,Private room,128,4,237,2.01,1,53,21,1.0,1,100,4.81,within an hour
Cozy Double Times II,Sandy,Mattapan,Private room,63,29,61,0.55,2,364,0,1.0,1,0,4.66,a few days or more
Fireplace Haven,Sandy,Mattapan,Private room,68,29,37,0.39,2,365,0,1.0,1,0,4.57,a few days or more
"Elegant, spacious boudoir with fireplace.",Jil,Jamaica Plain,Private room,312,91,15,0.13,3,365,0,1.0,1,100,4.33,Unknown
"Elegant studio,kitchn, soaking tub",Jil,Jamaica Plain,Private room,224,91,23,0.2,3,365,0,3.0,2,100,4.32,Unknown
Just around the corner from the Red Line!,Marie,Dorchester,Private room,50,30,16,0.14,27,347,1,1.0,1,100,4.33,within an hour
Warm & Cozy Home for Your Stay!,Natalia,Dorchester,Entire home/apt,475,1,22,0.19,7,349,0,1.0,4,100,4.77,within an hour
Modern/chic one-bedroom in eco Smart Home -Room #1,Taylor,Roxbury,Private room,230,1,54,1.96,1,136,26,1.5,1,100,4.85,within a few hours
"Private fl w/2BR, 1B, 1LR w/full kitchen",Marc,Brighton,Entire home/apt,102,29,72,0.62,1,293,3,1.0,2,100,4.74,within an hour
Beacon Hill Rental Close to MGH & TD Garden – #4,Maverick,Beacon Hill,Entire home/apt,205,1,295,2.81,87,345,27,1.0,0,100,4.5,within an hour
Your Home Base for 1+ Months | The Lincoln Suite,Laura And Olivia,South End,Entire home/apt,140,91,23,0.2,7,145,3,1.0,1,100,4.48,within an hour
"Arboretum retreat with AC, private bath, entrance.",Jone,Roslindale,Private room,150,29,139,1.21,1,90,0,1.0,1,100,4.92,Unknown
Beautiful 2BD / 1 BA - 1st Floor,John,West Roxbury,Entire home/apt,165,4,231,1.98,1,83,27,1.0,2,100,4.74,within an hour
Stunning triplex loft style condo - Quiet building,Paul,Roxbury,Entire home/apt,290,91,0,0.0,3,362,0,2.5,2,33,4.7,a few days or more
Workable & Inexpensive Room Near the 2 T lines!,Marie,Dorchester,Private room,43,30,23,0.21,27,343,1,1.0,1,100,4.61,within an hour
Peaceful Private Bedroom Near T!,Marie,Dorchester,Private room,40,30,27,0.24,27,297,3,1.0,1,100,4.41,within an hour
"Hideaway in Boston's North End-""Little Italy""",Richard,North End,Entire home/apt,168,29,180,1.57,1,135,2,1.0,1,100,4.62,within a few hours
Bright and Cozy Chinatown Apt,Geoff,Chinatown,Entire home/apt,125,91,19,0.17,1,0,0,1.0,2,100,4.63,Unknown
Extended stays,Jef,East Boston,Entire home/apt,173,5,80,0.73,1,235,7,1.0,1,100,4.84,within an hour
Share South End Loft at Silver Line w/ parking!,Paul,Roxbury,Private room,94,91,4,0.03,3,268,0,2.5,1,33,4.25,a few days or more
"2BR w deck near subway, downtown & hospitals",Brian,Jamaica Plain,Entire home/apt,135,45,52,0.47,1,144,1,1.0,2,80,4.62,within an hour
The Boston Christopher Studio Suite,Inn Boston,South End,Entire home/apt,219,29,103,0.9,8,16,0,1.0,1,0,4.59,a few days or more
Spacious loft in the quiet suburbs #1,Bo,Brighton,Private room,42,60,16,0.14,4,18,0,1.0,1,100,4.81,within an hour
Cozy 4BD apartment with AirBeds,Marie,Dorchester,Entire home/apt,155,30,3,0.03,27,360,0,1.0,4,100,4.67,within an hour
Welcome to J.P.! 3BR near T w parking,Stephan Leigh,Jamaica Plain,Entire home/apt,349,3,50,0.45,1,23,5,2.0,3,100,4.82,within an hour
Garden Apt - Highland Park/Fort Hill (Orange Line),Ziyad,Roxbury,Entire home/apt,139,5,96,0.88,1,251,12,1.0,1,100,4.8,within an hour
"2-bedrom loft condo near BC, BU & Fenway w/parking",Greg,Brighton,Entire home/apt,300,29,73,0.67,1,321,0,1.0,2,100,4.71,within an hour
spacious 3rd floor loft in home,Minor,Jamaica Plain,Entire home/apt,85,91,70,0.62,1,90,0,2.0,2,100,4.86,Unknown
Second Oldest Home in Beacon Hill,Norah,Beacon Hill,Entire home/apt,290,1,792,7.22,1,189,88,1.0,0,100,4.67,within an hour
BEST LOCATION IN THE CITY STUDIO W/ FAST WIFI,Billy,Downtown,Entire home/apt,151,91,43,0.42,3,364,1,1.0,0,88,4.21,within a day
Spacious & Great Private Room Near T!,Marie,Dorchester,Private room,43,30,20,0.18,27,291,1,1.0,1,100,4.5,within an hour
Historic and Charming Brownstone,Katy,Charlestown,Entire home/apt,980,29,10,0.09,1,319,0,3.0,4,88,4.11,within an hour
Spacious 2 bedroom Apartment.,Gianni,Roxbury,Entire home/apt,115,30,230,2.04,4,12,4,1.0,2,80,4.78,within a day
Pleasant & Lovely Room Near T!,Marie,Dorchester,Private room,50,30,15,0.17,27,314,1,1.0,1,100,4.47,within an hour
Pristine private apt South End Walk everywhere,Maja,South End,Entire home/apt,248,4,77,1.01,2,245,10,1.0,0,100,4.74,within an hour
Boston North End Luxurious One Bedroom Condo,Caroline,North End,Entire home/apt,130,91,22,0.22,2,231,0,1.0,1,100,4.6,within an hour
Spacious loft in the quiet suburbs #2,Bo,Brighton,Private room,40,60,20,0.18,4,188,5,1.0,1,100,4.85,within an hour
Inexpensive & Clean Private Bedroom!,Marie,Dorchester,Private room,40,30,20,0.18,27,292,3,1.0,1,100,4.45,within an hour
Boston Apartment (North End),Richard,Downtown,Entire home/apt,208,29,405,3.62,1,353,3,1.0,1,100,4.81,within an hour
Copley Vacation Rental on the Park  w/ patio M325,Marie,South End,Entire home/apt,256,3,75,0.67,6,80,4,1.0,0,100,4.81,within a few hours
Spacious loft in the quiet suburbs #3,Bo,Brighton,Private room,39,60,21,0.19,4,205,3,1.0,1,100,4.43,within an hour
Walk/Bus to Redline Renovated Easy to MIT/Harvard,Huggy,Dorchester,Private room,39,91,9,0.08,31,365,0,1.0,2,100,4.78,within an hour
Top Rated Apartment! Exceptional Location!,Mechaal Belkacem,East Boston,Entire home/apt,110,91,124,1.4,1,201,2,1.0,1,100,4.84,Unknown
Freshly Renovated Studio close to T,Alexander Martin,Roxbury,Entire home/apt,128,91,191,1.71,5,179,0,1.0,0,100,4.78,within a few hours
Apartment with 2-3 bedrooms-3 min to subway T stop,Jurek,Charlestown,Entire home/apt,165,29,63,0.58,12,259,0,1.0,2,100,4.75,within an hour
Close to Harvard - Zen Room Lic# STR383892,Todd,Allston,Private room,62,3,362,3.27,8,125,42,1.0,1,100,4.76,within an hour
Stay with Fun Family (queen size bed),Yuki,Mattapan,Private room,40,30,16,0.15,5,308,0,1.5,1,100,5.0,within a few hours
The 1880 House: Historic Single Family Victorian!,Kristen,West Roxbury,Entire home/apt,650,29,12,0.11,1,291,0,3.0,5,50,4.92,within a day
Boston Brownstone,Giannoula,Fenway,Entire home/apt,289,2,306,3.15,1,14,31,1.0,2,100,4.74,within an hour
Wonderful Boston apartment Sunny & Newly renovated,Ilan,Roxbury,Entire home/apt,200,91,17,0.16,1,180,0,1.0,3,100,4.47,Unknown
Sleek 1 Bedroom in Boston's Financial District,Furnished Quarters,Chinatown,Entire home/apt,235,32,4,0.04,44,330,0,1.0,1,100,4.75,within an hour
Mahar family room,Althea,Mattapan,Private room,100,29,42,0.38,6,261,0,1.5,1,100,4.63,within an hour
"Elegant room, colorful artist home",Sandy,Jamaica Plain,Private room,99,91,13,0.12,2,264,1,1.0,1,100,4.91,within an hour
Luxury 2 Bedroom Steps from Rose Kennedy Greenway,Furnished Quarters,Downtown,Entire home/apt,335,32,2,0.02,44,325,0,2.0,2,100,4.5,within an hour
Clean Large Room near Redline/Rail Peaceful Area,Huggy,Dorchester,Private room,39,91,9,0.08,31,365,0,1.0,2,100,4.78,within an hour
3 bed apt next to T- fast wifi-off street parking,Jurek,Charlestown,Entire home/apt,179,1,608,5.56,12,225,64,1.0,3,100,4.82,within an hour
Beautiful Apartment-5 Beds-Kitchen-Super Clean!,Xholion,West Roxbury,Entire home/apt,134,3,253,2.39,1,290,4,1.0,3,100,4.75,Unknown
3 min to T stop-Boston/Somerville/Cambridge access,Jurek,Charlestown,Private room,62,29,32,0.29,12,275,3,1.0,1,100,4.78,within an hour
Ideal for Families - Spacious Charlestown Townhome,Timothy,Charlestown,Entire home/apt,476,2,72,0.83,1,14,12,3.5,4,100,4.88,within an hour
Spacious loft in the quiet suburbs #4,Bo,Brighton,Private room,44,60,11,0.1,4,243,2,1.0,1,100,4.91,within an hour
"Walk to MGH-Subway, stay in Boston's Little Italy",Michelle,North End,Entire home/apt,130,32,40,0.36,12,323,0,1.0,1,93,4.26,within a few hours
Bostons Best Rentals -Back Bay on Commonwealth Ave,Michelle,Back Bay,Entire home/apt,191,32,5,0.08,12,345,2,1.0,1,93,4.6,within a few hours
Cobblestone Way on Beacon Hill-walk to MGH Subway,Michelle,Beacon Hill,Entire home/apt,130,32,15,0.14,12,172,0,1.0,0,93,4.47,within a few hours
new remodel bedroom,LAN Lan,Allston,Private room,111,91,0,0.0,3,365,0,2.0,1,100,4.7,Unknown
Small Room Renovated House Walk/Bus to Redline,Huggy,Dorchester,Private room,35,91,7,0.06,31,365,0,1.0,2,100,5.0,within an hour
Off-St. Parking Large Room Clean Renovated House,Huggy,Roxbury,Private room,39,91,0,0.0,31,365,0,2.0,2,100,4.7,within an hour
Renovated House near Subway/Rail Everything New,Huggy,Dorchester,Private room,39,91,3,0.03,31,365,0,1.0,1,100,5.0,within an hour
"Walk/Bus to Redline/Rail stations, Private Balcony",Huggy,Dorchester,Private room,39,91,3,0.03,31,365,0,1.0,2,100,5.0,within an hour
Comfortable quite room.,Firlian,Roxbury,Private room,37,30,24,0.22,5,78,4,1.5,1,100,4.88,within a few hours
EZ to Downtown/Longwood Off-St Parking Renovated,Huggy,Roxbury,Private room,37,91,2,0.02,31,365,0,2.0,2,100,5.0,within an hour
Montgomery Place - Studio (Room 6),Kathe,South End,Entire home/apt,125,29,176,1.62,3,114,1,1.0,0,100,4.84,within an hour
Montgomery Place - One Bedroom,Kathe,South End,Entire home/apt,145,29,147,1.34,3,273,4,1.0,1,100,4.86,within an hour
*BostonAirport/TDgarden/DT/ConventionCtr/NorthEnd!,Sandra,East Boston,Entire home/apt,126,1,910,8.39,1,221,95,1.0,1,100,4.67,within an hour
"Small Room, Off-St. Parking, AC, Renovated Clean",Huggy,Roxbury,Private room,35,91,1,0.01,31,365,0,2.0,2,100,5.0,within an hour
South End Boston Apartment with Private Garden,Paramveer,South End,Entire home/apt,350,3,38,0.35,1,130,1,1.0,2,100,4.58,within a few hours
Montgomery Place - Parlor Room (Room 2),Kathe,South End,Entire home/apt,140,29,185,1.7,3,126,4,1.0,1,100,4.85,within an hour
"Small Room near Redline & Commuter Rail, Renovated",Huggy,Dorchester,Private room,35,91,2,0.02,31,365,0,1.0,2,100,5.0,within an hour
~*30min to Downtown*~ THE COSMOPOLITAN,Jovan,Hyde Park,Entire home/apt,150,2,342,3.43,2,331,41,1.0,2,100,4.81,within an hour
Near Redline & Commuter Rail Renovated Clean Sunny,Huggy,Dorchester,Private room,39,91,2,0.02,31,365,0,1.0,2,100,5.0,within an hour
Sunny studio in JP!,Riyo,Jamaica Plain,Entire home/apt,107,2,512,4.87,2,52,85,1.0,1,100,4.85,within an hour
Room w/fast wifi-next to T stop 10 min to downtown,Jurek,Charlestown,Private room,65,29,41,0.38,12,259,3,1.0,1,100,4.85,within an hour
Beautiful and Cozy Entire Apt in Boston,Dawn-Marie,Dorchester,Entire home/apt,244,5,109,1.17,2,332,8,1.0,3,100,4.87,within an hour
Beautiful Boston Brownstone,Susan,Roxbury,Entire home/apt,523,29,57,0.53,3,326,0,1.0,2,100,4.79,within a few hours
Charming Beacon Hill One Bedroom,Ashley,Beacon Hill,Entire home/apt,98,29,232,2.14,1,153,3,1.0,1,100,4.86,within a few hours
Gorgeous Huge Duplex 3 baths sleeps 6  Parking,Dror,North End,Entire home/apt,869,1,244,2.33,1,307,19,3.0,3,100,4.71,within an hour
"2 BR | 1 BA  Close to DWTN & Medical, Free PRKG",Eileen,Jamaica Plain,Entire home/apt,179,4,244,2.26,1,240,27,1.0,2,100,4.76,within an hour
Twins in a peaceful room.,Sandy,Jamaica Plain,Private room,99,91,8,0.07,2,365,0,1.0,1,100,5.0,within an hour
# friendly family home,Althea,Mattapan,Private room,95,1,78,0.72,6,330,3,1.5,1,100,4.82,within an hour
Tranquil Treetop Loft,Bruce,Jamaica Plain,Entire home/apt,159,5,323,2.98,1,98,16,1.0,0,80,4.84,within a day
King Zen Room near Harvard Biz School - STR383892,Todd,Allston,Private room,66,3,335,3.1,8,192,34,1.0,1,100,4.77,within an hour
Cozy Condo in Center of Southie,Thomas J,South Boston,Entire home/apt,320,3,65,0.6,1,365,1,1.0,2,70,4.75,within a day
North End 2 BR | 1 BA Duplex in Little Italy,Jason,North End,Entire home/apt,425,5,332,3.08,18,166,27,1.0,2,100,4.73,within an hour
Blue Family  bedroom,Althea,Mattapan,Private room,90,1,87,0.81,6,229,1,1.5,1,100,4.82,within an hour
Renovated near Redline/Commuter Rail 4 Harvard MIT,Huggy,Dorchester,Private room,39,91,3,0.03,31,365,0,1.0,2,100,5.0,within an hour
Huge bed  and high ceiling room plus two closets.,Firlian,Roxbury,Private room,44,30,22,0.22,5,191,8,1.0,1,100,4.82,within a few hours
"Fully-Equipped, Private 1st Floor 1-Bed/1-Bath Apt",Elena,Jamaica Plain,Entire home/apt,158,3,165,1.89,2,272,32,1.0,1,100,4.85,within an hour
Fully-Equipped 2nd Floor 1-Bed 1-Bath Apt,Elena,Jamaica Plain,Entire home/apt,156,3,264,2.49,2,244,40,1.0,1,100,4.83,within an hour
SPACIOUS TOWNHOUSE with Essential Amenities,Camille,Mattapan,Entire home/apt,309,29,41,0.39,3,315,0,1.0,3,100,4.73,within an hour
Economical & Accessible Room w/ Airbed Near T!,Marie,Dorchester,Private room,40,30,21,0.2,27,347,0,1.0,1,100,4.38,within an hour
"Charming room, in hip JP near The T  #2",Lori,Jamaica Plain,Private room,110,3,330,3.08,3,262,40,1.5,1,100,4.86,within an hour
Stay with Fun Family ( twin size bed),Yuki,Mattapan,Private room,45,90,11,0.11,5,364,1,1.5,1,100,4.64,within a few hours
Modern 3.5 BR Single Family Home,Bill,South Boston,Entire home/apt,800,29,17,0.17,1,358,0,2.0,4,100,4.47,Unknown
Fair & Cozy Room with Airbed!,Marie,Dorchester,Private room,45,30,14,0.13,27,307,3,1.0,1,100,4.36,within an hour
"Victorian Charm, Modern Style w/Private Entrance",Philip H,South End,Entire home/apt,283,2,421,3.93,1,216,60,2.0,2,100,4.82,within an hour
"Mt Restmore, COZY spacious and Clean",Andre,Hyde Park,Private room,65,29,50,0.47,5,353,1,2.0,1,100,4.6,within an hour
Historic townhouse in the heart of Boston,Paul,Bay Village,Entire home/apt,364,3,227,2.13,1,161,23,1.5,3,100,4.69,within an hour
"Charming room, in hip JP near The T  #1",Lori,Jamaica Plain,Private room,123,2,403,3.77,3,259,42,1.5,1,100,4.88,within an hour
"Large room, 2nd floor, wood floor, 27 Dexter Str.",Manuela,South Boston,Private room,65,5,146,1.38,3,144,15,1.0,1,100,4.67,within an hour
"Rozinante - Queen, Harbor View",Melissa,Charlestown,Private room,336,1,51,0.54,8,163,11,1.5,1,100,4.65,within an hour
219 on the Ocean with Private Bath,Robin,Dorchester,Private room,97,1,428,4.01,4,244,50,1.0,1,100,4.9,within an hour
"""Port"" View - Queen Ensuite",Melissa,Charlestown,Private room,253,1,96,0.9,8,123,12,1.0,1,100,4.52,within an hour
Inn the Moment - Harbor View,Melissa,Charlestown,Private room,336,1,55,0.52,8,126,6,2.0,1,100,4.6,within an hour
Washer+Dryer+Parking!*Private suite*Cul de sac*,Zvi,Brighton,Entire home/apt,177,2,335,3.55,1,72,43,1.0,1,90,4.82,within an hour
Cozy private  room,Jacinter,Roxbury,Private room,50,91,46,0.43,1,298,1,1.0,2,100,4.89,within a few hours
Historic JP Brownstone with Parking. Pets Welcome!,Lynel,Jamaica Plain,Entire home/apt,202,1,540,5.14,1,160,47,1.5,1,100,4.86,within an hour
BEAUTIFUL BEACON HILL 2 BEDROOM!,Kaitlyn,Beacon Hill,Entire home/apt,392,4,466,4.4,3,234,41,1.0,2,100,4.79,within an hour
Renovated House Clean Room near Orange line & Park,Huggy,Roxbury,Private room,39,91,2,0.02,31,365,0,1.5,2,100,5.0,within an hour
Savin Hill by the Sea with Private Bath,Robin,Dorchester,Private room,100,1,401,3.8,4,225,51,1.0,1,100,4.93,within an hour
Charming Oasis Near Downtown & Airport,Edward,East Boston,Entire home/apt,92,29,60,0.59,12,129,0,1.0,0,100,4.59,within an hour
Spacious guest suite on Dorchester Heights,Kevin,South Boston,Private room,163,2,374,3.57,1,128,40,1.0,1,100,4.89,within an hour
"Renovated Clean house, Orange Line, EZ to Longwood",Huggy,Roxbury,Private room,39,91,5,0.05,31,365,0,1.5,1,100,5.0,within an hour
Large Private room in Savin Hill,Robin,Dorchester,Private room,75,1,302,2.87,4,230,44,1.0,1,100,4.94,within an hour
"Charming and sunny 1 Bed Apt. - Allston, Boston",Charles,Allston,Entire home/apt,162,29,401,3.93,1,271,0,1.0,1,100,4.87,within an hour
Lrg 4 Bdrm Prvt. Patio Quiet Top Location Parking,Victoria,Bay Village,Entire home/apt,378,2,324,3.09,2,61,27,1.0,4,100,4.61,within an hour
Large relaxing apt. next to metro 20min to Boston,Victoria/Tim,Dorchester,Entire home/apt,128,3,143,1.41,2,7,9,2.0,2,100,4.84,within an hour
Back Bay Condo on Marlborough Street!,Cheryl,Back Bay,Entire home/apt,500,29,30,0.3,1,315,0,1.5,1,100,4.53,within a few hours
"Upscale 2 Bdrm Suite: Kitchen, Spa Bath, Laundry",Peter,Dorchester,Entire home/apt,113,5,243,2.83,1,269,35,1.0,2,100,4.91,within an hour
Victorian Treetop Apartment - Close to Everything!,Kenneth,Jamaica Plain,Entire home/apt,315,5,80,0.91,1,292,7,1.0,2,100,4.96,within a few hours
Sparkling Condo With Modern Amenities,Mingzhou,Allston,Entire home/apt,733,2,189,1.81,2,44,17,2.5,4,100,4.84,within an hour
Charming Charlestown Condo (Dog Friendly)!,Whitney,Charlestown,Entire home/apt,145,31,52,0.52,1,168,2,1.0,1,100,4.77,within a few hours
Clean & Spacious 2 bedroom Near Downtown,Shawn,Dorchester,Entire home/apt,205,2,157,1.6,1,322,6,1.0,2,100,4.73,within an hour
~*Pet Friendly 30min to Downtown*~ THE BOSTONIAN,Jovan,Hyde Park,Entire home/apt,131,2,301,2.91,2,314,32,1.0,2,100,4.77,within an hour
Garden room next to T stop/bus hub.,Jurek,Charlestown,Private room,67,1,107,1.11,12,281,19,1.0,1,100,4.66,within an hour
Roslindale private 1st floor 2 bedroom apartment,Lynda,Roslindale,Entire home/apt,190,29,46,0.45,16,231,0,1.0,2,100,4.71,within an hour
Beautfiul Back Bay Loft with Amazing Views,Ryan,Downtown,Entire home/apt,165,91,101,0.98,1,364,0,1.0,0,100,4.78,Unknown
2 beds Garden Apt-calm oasis next to T stop -3 min,Jurek,Charlestown,Private room,126,1,178,1.73,12,252,10,1.0,2,100,4.74,within an hour
3bd 2 bath Boston  w/parking & office,Jonathan,Hyde Park,Entire home/apt,190,29,11,0.11,11,284,2,2.0,4,94,4.91,within a few hours
Modern Brownstone - walk to Longwood Medical Area!,Tobias,Roxbury,Private room,77,6,107,1.06,1,15,14,1.0,1,100,4.83,within a few hours
Quiet & Perfect Location Near The Red Line!,Marie,Dorchester,Private room,51,30,4,0.05,27,361,1,1.0,1,100,4.0,within an hour
"Stylish, Best Location Back Bay Studio!",Eva,Back Bay,Entire home/apt,195,29,153,1.49,1,292,2,1.0,0,100,4.64,Unknown
Large bedroom- easy access to Boston and Cambridge,Jurek,Charlestown,Private room,60,29,3,0.03,12,197,0,1.0,1,100,5.0,within an hour
Next to T stop-10 min to downtown Boston/Cambridge,Jurek,Charlestown,Private room,67,1,108,1.09,12,288,13,1.0,1,100,4.75,within an hour
"Renovated, Clean, Quiet & Safe Near Orange Line",Huggy,Roxbury,Private room,39,100,3,0.03,31,365,0,1.5,1,100,5.0,within an hour
"Charming, Quiet Fort Hill One-Bedroom",Matthew,Roxbury,Private room,105,2,120,1.18,1,286,13,1.0,1,100,4.92,within a few hours
Maria's JP Rental - Boston Duplex in Jamaica Plain,Maria,Jamaica Plain,Entire home/apt,192,4,105,1.27,1,265,20,1.0,2,100,4.85,within an hour
South Boston. Minutes away from Convention Center,Tanya,South Boston,Entire home/apt,232,2,66,0.66,1,305,16,2.0,1,100,4.79,within an hour
1st Flr 2BR unit with parking + steps from train,George,Jamaica Plain,Entire home/apt,192,3,204,2.04,1,320,64,1.0,2,100,4.78,within an hour
Quiet stay in a Brookline Village,Joseph,West Roxbury,Private room,500,91,5,0.05,1,90,0,1.5,1,100,5.0,Unknown
A Victorian Secret AMAZING apt.  in Historic Home,Heidi,Roxbury,Entire home/apt,256,2,327,3.54,1,254,57,1.0,2,100,4.89,Unknown
Boston retreat near Train DowntownFenway  Freeprk,Eder,Dorchester,Entire home/apt,491,2,139,1.37,7,202,11,2.0,3,96,4.7,within an hour
Renovated House Clean room,Huggy,Roxbury,Private room,39,91,3,0.03,31,365,0,1.5,2,100,4.67,within an hour
Reasonable  Place for your stay near the T Lines!,Marie,Dorchester,Private room,42,30,11,0.11,27,339,0,1.0,1,100,4.36,within an hour
Right location & Private Room w/ Airbed Near T!,Marie,Dorchester,Private room,45,30,17,0.18,27,323,1,1.0,1,100,4.59,within an hour
Beautifully renovated apartment in the trees,Benjamin,Jamaica Plain,Entire home/apt,283,29,113,1.14,1,33,8,1.0,3,100,4.63,within an hour
Renovated Clean Quiet House near Orange line,Huggy,Roxbury,Private room,39,150,2,0.02,31,180,0,1.0,2,100,5.0,within an hour
"Entire floor, private bath, 2 mins walk to subway",Glenn,Dorchester,Private room,123,2,387,3.84,1,128,35,1.0,1,100,4.94,within an hour
Private & serene getaway in beautiful JP,Jennifer,Jamaica Plain,Entire home/apt,193,3,293,2.91,1,334,34,1.0,1,100,4.89,within an hour
S End/B Bay border! Copley Location- Perfect 1 Br,Denise,South End,Entire home/apt,338,3,287,2.86,1,85,21,1.0,1,100,4.84,within an hour
Room for up to 4 in Updated 1 BR apt by T!,Alexander Martin,Roxbury,Entire home/apt,153,91,159,1.58,5,266,0,1.0,1,100,4.72,within a few hours
"NEW 2nd Floor, 2BR Downtown Boston",Billy,Chinatown,Entire home/apt,279,3,317,3.15,4,244,37,1.0,2,100,4.59,within an hour
"NEW 3rd Floor, 2BR Downtown Boston",Billy,Chinatown,Entire home/apt,301,3,282,2.81,4,187,44,1.0,2,100,4.59,within an hour
NEW B 1BR Downtown Boston,Billy,Chinatown,Entire home/apt,145,29,217,2.16,4,259,2,1.0,1,100,4.63,within an hour
Charming South End Duplex (Pets Ok),Maude,South End,Entire home/apt,379,2,380,3.78,2,207,47,1.0,2,100,4.82,within an hour
"NEW 1st Floor, 1BR Downtown Boston",Billy,Chinatown,Entire home/apt,180,29,150,1.49,4,336,2,1.0,1,100,4.71,within an hour
Fenway/Back Bay Luxury Apt-,Michelle,Fenway,Entire home/apt,133,91,4,0.04,12,353,1,1.0,0,93,4.75,within a few hours
Charming South-End condo with large outdoor patio,Mike,South End,Entire home/apt,302,1,358,3.58,1,256,38,1.0,1,100,4.72,within an hour
Private room-10 min to downtown15 min to Cambridge,Jurek,Charlestown,Private room,96,29,5,0.05,12,200,0,1.0,1,100,4.8,within an hour
"Sleek, Stylish Place | near South End",Daniel,Roxbury,Entire home/apt,139,30,94,0.94,6,324,5,1.0,1,100,4.75,within an hour
Great Location for your stay!,Marie,Dorchester,Private room,40,30,19,0.2,27,329,4,1.0,1,100,4.16,within an hour
Refined Oasis | near South End,Daniel,Roxbury,Entire home/apt,412,29,122,1.21,6,336,0,2.0,4,100,4.74,within an hour
Huge rm Renovated Clean Subway Safe neighborhood,Huggy,Roxbury,Private room,39,91,0,0.0,31,355,0,1.5,1,100,4.7,within an hour
Back Bay Cozy Studio In Brownstone first floor,David,Back Bay,Entire home/apt,162,29,217,6.04,4,188,51,1.0,1,100,4.66,within an hour
North End Luxurious One Bedroom Condo up,Caroline,North End,Entire home/apt,130,91,15,0.15,2,193,0,1.0,2,100,4.8,within an hour
Suitable & Convenient Private Bedroom Near T!,Marie,Dorchester,Private room,46,30,13,0.15,27,360,2,1.0,1,100,4.62,within an hour
Great 3 Bdr apartment with Airbeds!,Marie,Dorchester,Entire home/apt,120,30,1,0.09,27,364,1,1.0,3,100,2.0,within an hour
Master Bedroom/Private Bathroom/Mission Hill/JP,Nadia S,Mission Hill,Private room,83,29,84,0.84,1,252,5,1.0,1,100,4.65,within a few hours
Newly Renovated 1 BR close to T & Longwood Med!,Alexander Martin,Roxbury,Entire home/apt,215,91,98,0.98,5,266,0,1.0,1,100,4.72,within a few hours
#101 Boston New heating AC room 全樓禁烟讲国语,Weihai,Dorchester,Private room,85,30,33,0.33,5,364,0,2.0,1,100,4.67,Unknown
Renovated House Large Bay Windows Near Orange Line,Huggy,Roxbury,Private room,39,150,0,0.0,31,365,0,1.5,2,100,4.7,within an hour
"★ Sunny, Spacious & Modern ★ Cleaned & Sanitized!",Boris & Susan,East Boston,Private room,122,1,857,8.66,8,363,79,2.0,1,100,4.78,within an hour
Sunny & spacious 1BR in historic Charlestown,Julia,Charlestown,Entire home/apt,300,4,73,0.74,1,173,0,1.0,1,100,4.89,Unknown
C_Large room easy commute to Boston Downtown,Ehab,Dorchester,Private room,56,29,132,1.61,15,127,19,1.0,1,100,4.86,within a few hours
Boston Strong,Kimberly,Dorchester,Private room,36,91,2,0.02,1,179,0,2.5,2,0,5.0,a few days or more
Sunny Boston Apartment,Jeffery,Dorchester,Entire home/apt,185,91,76,0.77,2,275,1,1.0,2,100,4.84,within a few hours
Twin Beds near Harvard Stadium/BU,Moon,Allston,Private room,189,91,44,0.45,1,365,0,1.0,1,0,4.77,a few days or more
"Steps to public transport, Boston Coll, Roof Deck",Kama,Brighton,Entire home/apt,227,29,4,0.05,39,170,0,1.0,1,99,4.5,within an hour
The Tower Room at TPH - Boston,Charles,Brighton,Private room,110,1,207,2.11,6,358,20,1.0,1,100,4.76,within an hour
Near Orange Line Renovated Clean AC Easy Parking,Huggy,Roxbury,Private room,39,120,1,0.01,31,365,0,1.0,1,100,5.0,within an hour
★ Spacious & Modern ★ Professionally Sanitized ★,Boris & Susan,East Boston,Private room,119,1,946,9.56,8,363,77,2.0,1,100,4.74,within an hour
"★ Modern, Cozy & Convenient ★ Close to Downtown!",Boris & Susan,East Boston,Private room,119,1,763,7.71,8,365,79,2.0,1,100,4.77,within an hour
★Clean | Cozy Bedroom - Close to Subway & Airport★,Boris & Susan,East Boston,Private room,122,1,804,8.12,8,365,89,2.0,1,100,4.79,within an hour
Newly Remodeled Studio in Back Bay - River View,Zachary Lee,Back Bay,Entire home/apt,189,30,144,1.46,1,178,2,1.0,0,100,4.74,within a day
"M&R - Private Bdrm Living Room, Bathroom & Parking",Polly M,Dorchester,Private room,72,29,106,1.08,3,238,2,1.0,1,100,4.77,within an hour
"Spacious, stylish, modern apartment on Orange Line",Paul,Roxbury,Private room,50,90,17,0.17,2,292,2,2.0,1,100,4.59,within a few hours
"◇Cape Cod Suite, with Private Bath ◇",Roger Michael,Dorchester,Private room,152,1,962,9.75,3,106,108,1.0,1,100,4.97,within an hour
Logan Intl Airport - Boston I,Jay,East Boston,Private room,50,91,1,0.09,4,364,1,1.0,1,75,1.0,within a day
Boston - Logan Intl Airport III,Jay,East Boston,Private room,50,91,4,0.04,4,365,0,1.0,1,75,3.75,within a day
Spacious pet friendly 1BD APT w/ Devoted Entrance.,Elie,West Roxbury,Entire home/apt,116,91,20,0.21,1,256,2,1.0,1,100,5.0,within an hour
Unwind from Boston in Comfy/Spacious PrivateRm,Estuardo,Roslindale,Private room,110,2,95,0.97,2,363,3,1.0,1,100,4.72,within an hour
The Sunset Room at TPH - Boston,Charles,Brighton,Private room,110,1,240,2.46,6,348,15,1.0,1,100,4.77,within an hour
The King's Room at TPH - Boston,Charles,Brighton,Private room,124,1,100,1.02,6,358,6,1.0,1,100,4.75,within an hour
The Pistachio Room at TPH - Boston,Charles,Brighton,Private room,115,1,115,1.18,6,309,7,1.0,1,100,4.78,within an hour
The In & Out Room at TPH - Boston,Charles,Brighton,Private room,110,1,120,2.07,6,360,11,1.0,1,100,4.83,within an hour
"Stylish, modern duplex near Orange Line, Downtown",Paul,Roxbury,Private room,58,60,8,0.08,2,292,0,2.0,1,100,4.38,within a few hours
B204 New AC & Heating Boston private room,Anne,Dorchester,Private room,102,60,50,0.51,12,355,2,2.0,1,100,4.56,within an hour
"Large, sunny hilltop home, nature lovers' paradise",Christina,Jamaica Plain,Entire home/apt,501,3,31,0.37,1,16,10,3.5,4,100,4.84,within an hour
Private Room in very spacious JP House.( Lilac Rm),Selim,Jamaica Plain,Private room,104,29,108,1.11,9,82,2,1.0,1,100,4.85,within an hour
"◇Cozy Townhouse Suite, with Private Bath ◇",Roger Michael,Dorchester,Private room,154,1,917,9.41,3,70,100,1.0,1,100,4.98,within an hour
Private Room 3 Min Walk to Savin Hill Subway Stop,Tianyu,Dorchester,Private room,66,1,217,2.22,1,333,30,1.0,2,100,4.82,within an hour
Fun Houseboat,Deborah,Charlestown,Entire home/apt,207,2,111,1.15,3,310,10,1.0,1,100,4.58,within an hour
"Renovated House, Sunny & Clean room, New Window AC",Huggy,Roxbury,Private room,39,150,2,0.02,31,365,0,1.0,2,100,5.0,within an hour
Country Style.Boston Logan Airport & Train 3 bed.,Elisangela,East Boston,Entire home/apt,270,1,439,4.51,3,304,46,1.0,3,100,4.81,within an hour
Logan Intl Airport - Boston II,Jay,East Boston,Private room,50,91,1,0.01,4,365,0,1.0,1,75,5.0,within a day
"Beacon Hill, J. Miller Flats - Studio Flat #9",Thatch,Beacon Hill,Entire home/apt,215,1,136,1.41,57,174,11,1.0,1,100,4.51,within an hour
Family Home + Near Downtown + Cool Backyard!,Rob,East Boston,Entire home/apt,225,4,202,2.09,1,116,39,1.0,3,90,4.87,within an hour
T Downtown - Boston Common (longterm5),Kj,Downtown,Entire home/apt,289,29,204,2.12,3,323,0,1.0,1,90,4.69,within an hour
Large clean private room close to downtown,Siena,Mission Hill,Private room,154,2,162,1.68,4,252,17,1.0,1,100,4.61,within an hour
Boston step a train&bus  beautiful house,Margarita,West Roxbury,Private room,77,5,44,0.54,5,355,10,1.0,1,100,4.93,within an hour
Classic New England apartment on MBTA Red line,Greg And Alicia,Dorchester,Entire home/apt,114,29,122,1.25,2,88,5,1.0,2,80,4.69,within a few hours
The Sanctuary Room at TPH - Boston,Charles,Brighton,Private room,130,1,146,1.52,6,355,10,1.0,1,100,4.82,within an hour
Quirky studio in Jamaica Plain,Susan,Jamaica Plain,Entire home/apt,101,2,143,1.48,2,26,24,1.0,0,100,4.87,within an hour
"Free Parking at 1 Bed Basement Apt, Near BU & MIT",Jodie,Fenway,Entire home/apt,160,29,216,2.23,20,346,1,1.0,1,95,4.61,within an hour
Gorgeous Audubon Circle Studios (1),Laurie,Fenway,Entire home/apt,185,30,97,1.02,4,363,1,1.0,0,100,4.88,within an hour
COZY THEATRE DISTRICT STUDIO NEAR BOSTON COMMON,Billy,Downtown,Entire home/apt,177,91,49,0.51,3,172,0,1.0,0,88,4.18,within a day
Shelly's Bunk Room,Shelly,East Boston,Private room,71,1,826,8.57,6,127,110,1.0,1,100,4.84,within an hour
#203 Boston Female only Queen Bed全楼 禁烟,Anne,Dorchester,Private room,55,29,45,0.47,12,361,1,2.0,1,100,4.64,within an hour
#202 Boston private AC Queen BR 全楼禁烟 female,Anne,Dorchester,Private room,59,29,30,0.31,12,320,2,2.0,1,100,4.67,within an hour
#204 Boston private Central AC 禁烟 Female only,Anne,Dorchester,Private room,60,29,38,0.4,12,346,0,2.0,1,100,4.61,within an hour
*Modern City Triplex!! *Close to Center,Terry,Roxbury,Entire home/apt,615,3,173,1.81,5,98,8,2.0,4,100,4.8,within an hour
"Cozy, Bright Studio in Back Bay/South End",Rada,Back Bay,Entire home/apt,143,29,29,0.3,1,73,1,1.0,0,70,4.62,within a day
Back Bay Apartment near MIT and Newbury Street,Riverside,Fenway,Entire home/apt,184,3,96,1.01,2,219,31,1.0,0,100,4.74,within an hour
Beautiful condo with city benefits,Dennis,Dorchester,Entire home/apt,379,2,104,1.1,1,17,17,1.0,2,100,4.74,within an hour
Cozy Room in Beacon Hill/MIT/MGH! (Room A),Sophia,Beacon Hill,Private room,89,29,183,1.92,6,121,3,1.0,1,100,4.6,within a day
Cozy Room in the Heart of Boston (MGH/Downtown),Sophia,Beacon Hill,Private room,89,29,203,2.13,6,70,4,1.0,1,100,4.54,within a day
Great South End / Back Bay location! 1 bed condo,John Michael,South End,Entire home/apt,350,3,140,1.48,1,153,28,1.0,1,100,4.91,within an hour
"Bright and Spacious 3 BedR., 1 bath",Mary,Dorchester,Entire home/apt,153,1,177,1.85,2,144,29,1.0,3,100,4.76,within a day
"#205 Boston Private Room 双床 ( females, or couple)",Weihai,Dorchester,Private room,67,30,42,0.44,5,120,1,2.0,1,100,4.62,Unknown
EXTENDED STAY. VERY QUIET. SPACIOUS. NEXT TO TRAIN,Christopher R,Jamaica Plain,Entire home/apt,137,29,83,0.88,2,238,5,1.0,1,100,4.86,within a few hours
Your Other Home in a Different Town,Vanessa,Hyde Park,Private room,80,91,19,0.2,2,179,0,1.0,2,100,4.17,Unknown
Shelly's Eclectic Room,Shelly,East Boston,Private room,70,1,734,7.7,6,124,141,1.0,1,100,4.8,within an hour
Friendly family single room,Althea,Mattapan,Private room,86,1,53,0.56,6,78,0,1.0,1,100,4.58,within an hour
Comfort and convenience in a Victorian home,Kenneth,Roslindale,Private room,100,1,136,1.43,1,317,24,1.5,1,100,4.82,within an hour
Chic Retreat min2 Downtown Backyard FreePrkg,Eder,Dorchester,Entire home/apt,598,2,76,0.88,7,316,3,2.0,5,96,4.5,within an hour
Lower level private room and bath in Savin Hill,Robin,Dorchester,Private room,75,1,301,3.17,4,239,48,1.0,1,100,4.9,within an hour
Cozy 2-bedroom condo in East Boston,Eric,East Boston,Entire home/apt,90,29,3,0.08,1,13,1,1.0,2,100,5.0,within a few hours
Nice  Room. Walking distance to new train Station,Brunir,Hyde Park,Private room,75,2,71,0.75,2,364,5,1.0,1,100,4.75,within an hour
Ann and Esther's Cozy Studio near the Heart of JP,Ann,Jamaica Plain,Entire home/apt,109,3,224,2.37,1,149,24,1.0,0,90,4.88,within an hour
Gorgeous Audubon Circle Studios (2),Laurie,Fenway,Entire home/apt,158,30,129,1.36,4,270,5,1.0,2,100,4.87,within an hour
Symphony Place,Vicki H,Fenway,Entire home/apt,282,2,404,4.27,1,234,75,1.0,1,100,4.84,within an hour
"Stylish, Comfortable Luxury | Near T",Daniel,Roxbury,Entire home/apt,166,30,108,1.14,2,340,23,1.5,3,100,4.66,within an hour
3 Bedroom Apartment with Parking,Kevin,Brighton,Entire home/apt,223,2,428,4.55,3,120,38,1.0,3,100,4.72,within an hour
Free Parking 2 Bed 1 Bath Steps from BU/Kenmore,Jodie,Fenway,Entire home/apt,249,9,124,1.32,20,341,1,1.0,2,95,4.44,within an hour
Escape Noisy Boston in Modern/Bright PrivateRoom,Estuardo,Roslindale,Private room,100,2,64,0.68,2,363,4,1.0,1,100,4.75,within an hour
Private room.  Very close to new train Station,Brunir,Hyde Park,Private room,76,2,67,0.71,2,365,12,1.0,1,100,4.58,within an hour
Single room,LAN Lan,Allston,Private room,74,91,45,0.48,3,291,0,1.0,1,100,4.78,Unknown
Single room,LAN Lan,Allston,Private room,74,91,40,0.42,3,365,0,1.0,0,100,4.53,Unknown
Minutes to Downtown Boston,Jordy,Dorchester,Entire home/apt,119,31,19,0.22,1,87,1,1.0,4,90,4.68,within a day
Near the Red & Commuter T lines!,Marie,Dorchester,Private room,50,30,10,0.18,27,339,3,1.0,1,100,4.6,within an hour
Quick Steps to the Red Line!,Marie,Dorchester,Private room,50,30,10,0.11,27,361,1,1.0,1,100,4.1,within an hour
Private Deck! Parking for Rent. Heart of Boston.,Margarita,Bay Village,Entire home/apt,262,2,456,4.87,1,116,67,1.0,1,100,4.64,within an hour
History BCEC Cruise Beach Pvt Bath/Entry King Bed,William John,South Boston,Entire home/apt,189,2,506,5.56,3,201,56,1.0,0,100,4.92,within an hour
Boston/Brookline Private 1 BR/Bath w/ Free Parking,Dana And Andrew,Allston,Entire home/apt,134,1,471,5.02,1,326,62,1.0,1,100,4.52,within an hour
Astonishing 1 Bed South End Boston's Best Location,Stephanie,South End,Entire home/apt,366,3,243,2.61,2,282,28,1.0,1,100,4.9,within an hour
Beacon Hill Designer Suite with Roof deck,Christal,Downtown,Entire home/apt,190,29,64,0.69,1,232,6,1.0,1,100,4.84,within an hour
Back Bay Studio on Marlborough St-min 3 months,Michelle,Back Bay,Entire home/apt,120,91,0,0.0,8,364,0,1.0,0,60,4.7,within a day
LUXURY BACK BAY STUDIO NEAR BERKLEY & Northeastern,Michelle,Fenway,Entire home/apt,120,32,3,0.03,8,295,1,1.0,0,60,4.67,within a day
"APRIL- Discounted-Beacon Hill-walk to MGH, subway.",Michelle,Beacon Hill,Entire home/apt,130,32,2,0.02,8,323,0,1.0,0,60,3.5,within a day
Minion? *Family*Tourist/Convention/Subway 130-1,Mac,South Boston,Entire home/apt,127,91,43,0.46,3,90,0,2.0,4,100,4.77,Unknown
Spacious for Friendly Female Roommates all utility,Ken,Dorchester,Private room,43,91,37,0.4,8,276,0,1.5,2,100,4.49,within an hour
Newbury St Vibes - The Best of Boston Right Here#9,Maverick,Back Bay,Entire home/apt,160,1,183,2.03,87,314,14,1.0,0,100,4.55,within an hour
Entire 1-bedroom Apartment Near Downtown/Longwood,Chaletta,Roxbury,Private room,70,30,116,1.25,1,194,3,1.0,1,100,4.86,within a day
"Clean, spacious condo just steps from the MBTA",Erin,Brighton,Entire home/apt,308,2,164,1.87,1,209,7,1.0,2,100,4.81,within an hour
"Back Bay studio- Close to Northeastern, colleges..",Michelle,Back Bay,Entire home/apt,202,32,5,0.06,8,308,1,1.0,0,60,4.6,within a day
"Private High-Rise, River-View Bedroom by MGH/MEEI",Jim,West End,Private room,122,29,70,0.76,3,297,13,1.0,1,100,4.74,within an hour
Angela’s Comfy 1BR,Angela,Dorchester,Private room,167,4,287,3.13,1,168,12,1.0,2,100,4.8,within an hour
BACK BAY ONE BEDROOM ON COMMONWEALTH AVE-MONTHLY,Michelle,Back Bay,Entire home/apt,130,32,2,0.02,8,240,1,1.0,1,60,4.0,within a day
Ideal 3 BDR to stay by the Red Line!,Marie,Dorchester,Entire home/apt,140,30,1,0.02,27,364,0,1.0,3,100,5.0,within an hour
Large apartment for up to 8 ppl/1st floor,Muny,Dorchester,Entire home/apt,185,1,64,0.7,4,267,20,1.5,2,100,4.77,within an hour
Large apartment for up to 8 ppl/2nd floor,Muny,Dorchester,Entire home/apt,194,1,53,0.58,4,270,23,1.5,2,100,4.77,within an hour
Large apartment for up to 8 ppl/3rd floor,Muny,Dorchester,Entire home/apt,176,1,80,0.88,4,254,22,1.5,2,100,4.83,within an hour
"WaterfrontM (North End)-MGH, SUBWAY, RESTAURANTS",Michelle,North End,Entire home/apt,185,32,0,0.0,8,300,0,1.0,0,60,4.7,within a day
Beautiful Back Bay Duplex rental,Karen,Back Bay,Entire home/apt,1500,4,11,0.13,1,271,1,2.5,4,100,4.73,within a few hours
Comfy room 3 min to T stop-easy access to Boston,Jurek,Charlestown,Private room,59,29,20,0.22,12,91,2,1.0,1,100,4.75,within an hour
Now availJamaica Plain & Arboretum 20min toBoston,Phyllis,Jamaica Plain,Entire home/apt,209,3,154,1.79,1,230,25,1.0,2,90,4.75,within an hour
"★ Chic, Clean & Large ★ Professionally Cleaned! ★",Boris & Susan,East Boston,Private room,119,1,781,8.6,8,363,99,2.5,1,100,4.83,within an hour
Boston King BCEC Beach Cruise- PVT Bath/Entry,William John,South Boston,Entire home/apt,181,2,518,5.77,3,171,67,1.0,0,100,4.91,within an hour
"3 BR Private Family Home, S. Boston/Seaport/BCEC",Shelby,South Boston,Entire home/apt,396,1,393,4.32,2,227,46,2.0,3,100,4.78,within an hour
"★ Clean, Modern & Bright ★ Great Location ★",Boris & Susan,East Boston,Private room,119,1,821,9.03,8,359,95,2.5,1,100,4.79,within an hour
"★ Spacious, Modern & Comfy★Professionally Cleaned!",Boris & Susan,East Boston,Private room,119,1,802,8.82,8,350,116,2.5,1,100,4.76,within an hour
"★ Bright, Sunny & Clean ★ Professionally Cleaned!",Boris & Susan,East Boston,Private room,119,1,664,7.3,8,362,79,2.5,1,100,4.77,within an hour
"Brighton, MA Guesthouse for rent, Unit 1 (2nd Fl)",Wang,Brighton,Private room,50,91,2,0.03,2,178,1,1.0,1,100,5.0,within a few hours
The Boston Christopher Grand Studio Suite,Inn Boston,South End,Entire home/apt,200,29,4,0.05,8,363,0,1.0,1,0,4.25,a few days or more
The Boston Christopher Grand Studio Suite,Inn Boston,South End,Entire home/apt,200,29,0,0.0,8,363,0,1.0,1,0,4.7,a few days or more
The Boston Christopher Grand Studio Suite,Inn Boston,South End,Entire home/apt,150,29,3,0.03,8,347,0,1.0,1,0,5.0,a few days or more
Comfy Den w/ Bath in Rozzie - females only,Linda,Roslindale,Private room,64,2,75,0.86,2,132,33,1.0,1,100,4.95,within a few hours
Stunning South End Loft! Walk to Restaurants,Melissa,South End,Entire home/apt,130,29,98,1.11,1,129,0,1.0,0,100,4.72,within an hour
1 spacious bedroom in a new house/Condo in Boston,Natasha,Roslindale,Private room,71,91,0,0.0,1,270,0,1.0,1,100,4.7,Unknown
Bright Buttonwood House | near T,Daniel,Dorchester,Entire home/apt,208,30,112,1.25,2,314,0,2.0,3,100,4.65,Unknown
The Harvard Room conveniently near BC & Harvard,Kevin,Brighton,Entire home/apt,107,2,344,3.82,3,179,34,1.0,1,100,4.66,within an hour
Boston College Room conveniently near Harvard & BC,Kevin,Brighton,Entire home/apt,112,2,370,4.11,3,165,34,1.0,1,100,4.67,within an hour
Stylish garden level studio with a private patio,Ali,East Boston,Entire home/apt,142,2,261,6.55,1,221,70,1.0,1,100,4.79,within an hour
Allston central private room,Home On Blaine,Allston,Private room,60,91,0,0.0,3,365,0,2.0,0,25,4.7,a few days or more
"High-Rise, River Views, Doorman Condo by MGH/MEE",Jim,West End,Private room,90,29,45,0.51,3,319,3,1.0,1,100,4.76,within an hour
Luxury 2BR Penthouse in heart of Boston North End,Patricia,North End,Entire home/apt,200,30,5,0.06,1,93,1,1.0,2,100,5.0,within a few hours
"Comfortable queen bed, high ceiling Room.",Firlian,Roxbury,Private room,53,31,14,0.17,5,203,2,1.5,4,100,4.93,within a few hours
The Brownstone Nook  -in Prestigious Back Bay Area,Michelle,Back Bay,Entire home/apt,100,91,0,0.0,12,365,0,1.0,0,93,4.7,within a few hours
Large 1-Bed. Condo in the Heart of the North End,Timothy,North End,Entire home/apt,291,2,326,3.71,1,290,49,1.0,1,100,4.81,within an hour
Boston - Logan Intl Airport I,Jay,East Boston,Private room,50,91,3,0.04,4,364,0,1.0,1,75,4.67,within a day
Lrge 2 Bed/Bath by MGH | Modern Bldg | Safe Area,Alexander K,West End,Entire home/apt,301,90,11,0.14,11,214,1,2.0,2,100,4.91,within an hour
Large 1BD Apt by MGH | Modern Bldg I Quite | Safe,Alexander K,West End,Entire home/apt,207,30,16,0.19,11,339,3,1.0,1,100,4.75,within an hour
Charming Boston Condo - 5 Stars & Superhost!,Yusuf,Roxbury,Entire home/apt,106,91,55,0.66,1,291,1,1.0,2,100,4.73,within an hour
2bed/2bath By MGH | River View | Modern Bldg |,Alexander K,West End,Entire home/apt,332,30,17,0.2,11,266,5,2.0,2,100,4.76,within an hour
Luxury 2 Bedrooms Apartment,Juliana & Ivan,South Boston Waterfront,Entire home/apt,221,35,30,0.34,2,37,0,2.0,2,71,4.53,within an hour
Fort Hill Top - 1Fr - Guest Rm Jamaica Plain/Roxb,Kevin,Roxbury,Private room,49,30,24,0.28,3,167,4,2.0,1,100,4.83,within a few hours
"Cozy, Modern & Central 1 bed close to waterfront.",Dr Robert,North End,Entire home/apt,258,12,151,1.74,1,281,5,1.0,1,100,4.6,within a few hours
Lovely 2 bedroom apartment close to Boston,Christina,Hyde Park,Entire home/apt,134,1,24,3.35,1,332,24,1.0,2,100,4.58,within an hour
Awesome condo in Fenway,Jasbir,Fenway,Entire home/apt,227,91,2,0.02,1,358,0,1.0,1,100,5.0,Unknown
#102 Boston private AC BR 全楼禁烟厨具齐全适長住,Anne,Dorchester,Private room,53,29,44,0.5,12,365,2,2.0,1,100,4.52,within an hour
"2Bed/2Bath, Modern Bldg  Across MGH W/D In Suite",Alexander K,West End,Entire home/apt,326,30,18,0.25,11,323,2,2.0,2,100,4.61,within an hour
Luxurious Back Bay Studio,Ella,Back Bay,Entire home/apt,252,29,65,0.74,1,207,3,1.0,0,100,4.68,Unknown
The Red Door Carriage House,David,West Roxbury,Entire home/apt,299,3,267,3.05,1,202,27,2.0,2,100,4.94,within an hour
Lrge 1 BR Apt | River View | Modern Bldg | High Fl,Alexander K,West End,Entire home/apt,207,75,13,0.15,11,319,2,1.0,1,100,4.85,within an hour
Luxe Historic Elegance Overlooking Thompson Square,Kristen,Charlestown,Entire home/apt,370,4,113,1.34,1,12,15,1.0,2,100,4.8,within an hour
Quite 1 Bd Apt by Massachusetts General Hospital,Alexander K,West End,Entire home/apt,207,30,21,0.24,11,322,3,1.0,1,100,4.71,within an hour
Short Walk to T!,Marie,Dorchester,Private room,50,30,0,0.0,27,345,0,1.0,1,100,4.7,within an hour
Lovely 3 Bedroom Apartment by the Red Line!,Marie,Dorchester,Entire home/apt,130,30,1,0.02,27,362,0,1.0,3,100,5.0,within an hour
Private Room & Great Location by the Red Line!,Marie,Dorchester,Private room,50,30,2,0.02,27,328,0,1.0,1,100,4.0,within an hour
3 Minutes Walk to the Red Line!,Marie,Dorchester,Private room,40,30,0,0.0,27,339,0,1.0,1,100,4.7,within an hour
Fully Furnished 2 Bedroom in Boston near Berklee,Andre,Fenway,Entire home/apt,165,180,0,0.0,1,269,0,1.0,2,90,4.7,within a few hours
Victorian 3rd Floor Unit,Mary,Dorchester,Entire home/apt,135,1,198,2.29,2,89,42,1.0,3,100,4.71,within a day
Back Bay Apt on Marlborough St (Hereford St block),Michelle,Back Bay,Entire home/apt,202,29,19,0.22,7,292,1,1.0,0,65,4.58,within a day
1 Mile To Downtown Boston in a 2 Bedroom.,Nick,Roxbury,Entire home/apt,196,28,85,0.98,4,177,0,1.0,2,100,4.45,within a day
Boston's Best Vacation Home,Victor,Mattapan,Entire home/apt,250,29,40,0.95,1,284,0,2.0,3,100,4.8,within an hour
"North End 1 Bedroom- CLOSE MGH, Subway, Hanover St",Michelle,North End,Entire home/apt,130,32,4,0.05,7,365,0,1.0,1,65,3.75,within a day
Beacon Hill Studio - 2 min Walk to MGH-Subway-,Michelle,Beacon Hill,Entire home/apt,130,29,9,0.1,7,310,1,1.0,0,65,4.78,within a day
comfortable and cozy,Francisco,Jamaica Plain,Entire home/apt,152,2,150,1.73,5,194,5,1.0,1,100,4.81,within an hour
Melville Park Penthouse,Joshua,Dorchester,Private room,130,2,173,1.99,1,32,18,1.0,2,100,4.8,within an hour
Top of the World,William,Charlestown,Entire home/apt,853,3,238,2.76,1,277,31,2.0,5,100,4.82,within an hour
Sunny 2Bed Apt River View By Mass General Hospital,Alexander K,West End,Entire home/apt,325,75,23,0.33,11,329,2,2.0,2,100,4.78,within an hour
"Beautiful, spacious South Boston Condo, Near T",Greg,South Boston,Entire home/apt,414,2,283,3.25,1,145,40,3.0,3,100,4.89,within an hour
Yellow Quiet room,Althea,Mattapan,Private room,95,1,26,0.3,6,261,0,1.0,1,100,4.88,within an hour
Clean room near Longwood,Siena,Mission Hill,Private room,131,2,194,2.25,4,242,32,1.0,1,100,4.84,within an hour
Spacious sun-filled room near Longwood,Siena,Mission Hill,Private room,119,2,112,1.32,4,227,16,1.0,1,100,4.76,within an hour
Sunny large room with views and private bath,Siena,Mission Hill,Private room,179,2,134,1.55,4,255,19,1.0,1,100,4.77,within an hour
"Stylish Downtown Studio in the SouthEnd, C.Ave# 24",Maverick,South End,Entire home/apt,99,1,124,1.45,87,225,13,1.0,1,100,4.42,within an hour
"Perfect Location, only 3 min WALK to RED train",Ken,Dorchester,Private room,40,91,17,0.2,8,365,1,1.5,1,100,4.35,within an hour
"Sunny ocean-view suite nr subway w/kitchen, bathr.",Jessica,Dorchester,Entire home/apt,130,2,223,2.58,3,299,28,1.0,1,82,4.71,within a few hours
Boston Home Great Location,Booker,Jamaica Plain,Private room,130,1,300,3.47,2,353,35,2.0,1,100,4.78,within an hour
Shelly's Place Cozy,Shelly,East Boston,Private room,69,1,901,10.45,6,116,136,1.0,1,100,4.83,within an hour
Back Bay Apartment near MIT and Newbury Street - G,Riverside,Back Bay,Entire home/apt,207,29,87,1.01,2,324,0,1.0,0,100,4.69,within an hour
Modern Basement with Convenient Transportation,Yanlin,West Roxbury,Private room,76,3,117,1.36,2,330,21,1.0,1,100,4.85,within an hour
Luxurious Home in Boston's Historic Charlestown,Katherine,Charlestown,Entire home/apt,210,2,360,4.18,1,133,52,1.0,1,100,4.8,within an hour
Perfect Location in an All Female's Floor,Ken,Dorchester,Private room,40,91,8,0.09,8,90,0,1.5,1,100,5.0,within an hour
"#3 Maverick MBTA clean, comfy private room",Enlan,East Boston,Private room,97,2,477,5.54,3,36,46,2.0,4,95,4.7,within an hour
"#2 Maverick MBTA clean, comfy, private Room",Enlan,East Boston,Private room,99,2,478,5.56,3,39,52,2.0,1,95,4.65,within an hour
Newly renovated Female floor Center of Boston,Ken,Dorchester,Private room,49,91,11,0.13,8,365,0,1.5,1,100,4.82,within an hour
2 sunny guest rooms in 1920s flat amid parks+cafés,Fabien,Jamaica Plain,Private room,119,4,87,1.26,1,23,11,1.0,2,89,4.92,within a day
SouthEnd Penthouse,Michael,South End,Entire home/apt,333,2,229,2.67,1,117,47,1.0,1,100,4.78,within an hour
"Naturally Lit, Modern Loft in Heart of Downtown!",Kelly & Chris,Downtown,Entire home/apt,458,2,411,4.81,2,327,50,1.0,1,100,4.86,within an hour
Comfortable & Convenient in Boston w Free Parking!,Tina,West Roxbury,Private room,85,91,27,0.32,1,365,0,1.5,1,100,4.74,within an hour
BOSTON LOFT FARM HOUSE /LOGAN AIRPORT&TRAIN,Elisangela,East Boston,Entire home/apt,270,1,320,3.79,3,297,56,2.0,2,100,4.78,within an hour
Groupstay w/firepit mins2Downtown Fenway FreePrkg,Eder,Dorchester,Entire home/apt,525,2,79,0.94,7,320,6,2.0,5,96,4.53,within an hour
A_Spacious room easy commute to Boston Downtown.,Ehab,Dorchester,Private room,56,29,118,1.45,15,196,22,1.0,1,100,4.67,within a few hours
Comfortable and clean  house near Arnold Arboretum,Ling,Roslindale,Private room,35,29,9,0.17,3,235,4,1.0,1,100,4.56,within an hour
The North End Nook   -Walk to MGH Tufts Subway,Michelle,North End,Entire home/apt,130,32,1,0.01,12,365,0,1.0,1,93,4.0,within a few hours
Stylish 2nd floor w/balcony•free parking,Nakeisha,Dorchester,Entire home/apt,211,29,120,1.41,2,238,0,1.0,3,100,4.76,within an hour
Bina’s Home away from Home 3,Frederick & Sabina,Mattapan,Private room,122,2,95,1.15,5,179,7,1.0,1,100,4.84,within an hour
Spacious room in beautiful apartment,Liviu,Jamaica Plain,Private room,90,91,4,0.05,1,185,0,1.0,0,100,4.0,Unknown
Southie Home | Walk to Beach | with Patio,Victoria,South Boston,Private room,200,1,93,1.09,1,31,11,1.0,0,100,4.88,within a few hours
"Classy, Cozy South End Unit",Maude,South End,Entire home/apt,140,29,58,0.7,2,301,3,1.0,1,100,4.86,within an hour
#201 Boston Private small room Female 全楼禁烟,Anne,Dorchester,Private room,51,29,28,0.33,12,330,2,2.0,1,100,4.57,within an hour
"The Upton - The Upton Boston, South End",Laura And Olivia,South End,Entire home/apt,325,2,134,1.69,7,166,23,1.0,1,100,4.69,within an hour
Shelly's Swan Room,Shelly,East Boston,Private room,74,1,846,10.04,6,93,140,1.0,1,100,4.82,within an hour
Apartment near transit/free parking/self check-in,Sherwin,Hyde Park,Entire home/apt,64,29,60,0.71,8,68,6,1.0,1,100,4.51,within an hour
COLLEGE STUDENTS are welcome 3 MINS walk to train,Ken,Dorchester,Private room,40,91,6,0.08,8,170,0,1.5,1,100,5.0,within an hour
Beautiful South Boston Private Space in Condo,Eda,South Boston,Private room,129,2,272,3.25,1,170,40,1.5,1,100,4.89,within an hour
Classic Boston Brownstone - Walk to Everything,Gearoid,South End,Private room,161,1,427,5.11,3,64,55,2.5,1,100,4.83,Unknown
"#1 Maverick MBTA clean, comfy, private room",Enlan,East Boston,Private room,100,2,382,4.57,3,60,34,2.0,1,95,4.64,within an hour
Vintage Studio in Beacon Hill. Walk Everywhere,Sophia,Beacon Hill,Entire home/apt,123,29,82,0.98,6,121,3,1.0,1,100,4.51,within a day
Sunny & Cozy 2 BR Apt in Boston. 15 min to DWTN,Frank,Roxbury,Entire home/apt,214,2,428,5.13,1,115,61,1.0,2,100,4.87,within an hour
Hola Joy  2,Clara M,Brighton,Private room,83,1,63,0.75,6,350,19,1.0,1,100,4.81,within an hour
Hola Joy 3,Clara M,Brighton,Private room,94,1,49,0.59,6,364,10,1.0,1,100,4.82,within an hour
"2 Bed Apt By Boston Childrens Hosptial, Brigham Hp",Alexander K,Mission Hill,Entire home/apt,201,30,19,0.28,11,307,0,1.0,2,100,4.63,within an hour
Light-Filled Luxury Apartment with View,Devora,Roxbury,Entire home/apt,248,2,347,4.19,1,209,67,1.0,2,100,4.87,within an hour
Perfect Room in the South End for solo adventurer,Gearoid,South End,Private room,150,1,263,3.16,3,66,48,2.5,1,100,4.81,Unknown
"Downtown Boston, Near South Station Bus Terminal",Ping,Chinatown,Entire home/apt,197,91,162,1.97,4,206,14,1.0,2,100,4.58,within an hour
Alaska Street R53,Mort,Roxbury,Private room,68,2,74,0.89,7,360,14,1.0,1,100,4.36,within an hour
"Spacious room, near transit, keyless self check-in",Sherwin,Hyde Park,Private room,38,29,36,0.43,8,78,6,1.0,1,100,4.89,within an hour
"Room near MBTA transit, Keyless self check-in",Sherwin,Hyde Park,Private room,38,29,41,0.49,8,55,6,1.0,1,100,4.78,within an hour
Entire 2 Bedroom Deck Yard,Anthony,Roslindale,Entire home/apt,100,91,0,0.0,2,211,0,1.0,2,100,4.7,within an hour
Large 2 Bed/ 2 Bath | Modern Building | Across MGH,Alexander K,West End,Entire home/apt,336,75,10,0.12,11,258,3,2.0,2,100,4.1,within an hour
Roslindale 1st flr private room full bed 2 guests,Lynda,Roslindale,Private room,65,29,19,0.23,16,89,0,1.0,1,100,4.79,within an hour
Bina’s Home Away from Home Cozy Master Suite,Frederick & Sabina,Mattapan,Private room,140,2,68,0.82,5,180,8,1.0,1,100,4.78,within an hour
#B104 Boston Private Two twin BR Central AC,Anne,Dorchester,Private room,71,29,25,0.3,12,252,0,2.0,1,100,4.8,within an hour
Bina’s Home away from Home 2,Frederick & Sabina,Mattapan,Private room,150,2,72,0.87,5,38,0,1.0,1,100,4.83,within an hour
Boston guest suite,Jonathan,Brighton,Entire home/apt,163,2,371,4.51,1,161,42,1.0,1,100,4.83,within an hour
#B102 Boston Private room Cantal AC 全楼禁烟,Anne,Dorchester,Private room,55,29,32,0.39,12,273,1,2.0,1,100,4.63,within an hour
Large Modern 2 Bed Apt 2 Bath By MGH W/D in Suite,Alexander K,West End,Entire home/apt,301,30,6,0.08,11,310,0,2.0,2,100,4.83,within an hour
Bina’s Home away from home 6,Frederick & Sabina,Mattapan,Private room,135,2,78,0.97,5,180,5,1.0,1,100,4.77,within an hour
Lower Mills Guest Suite,Robert E,Mattapan,Entire home/apt,168,2,125,1.6,1,5,14,1.0,2,100,4.84,within a day
Luxury North End (Waterfront) walk to MGH Subway,Michelle,North End,Entire home/apt,255,30,0,0.0,7,210,0,1.0,0,65,4.7,within a day
La Casa Boheme - Upstairs First Bedroom,Gianni,Roxbury,Private room,66,29,39,0.48,2,362,4,1.5,1,100,4.82,within a day
"Blueground | Back Bay, gym, nr the common",Blueground,Bay Village,Entire home/apt,338,32,1,0.01,369,39,0,1.0,1,99,5.0,within an hour
"Mount Restwell, Serenity Vicinity",Andre,Hyde Park,Private room,49,29,20,0.25,5,307,1,2.0,1,100,4.85,within an hour
Hola Joy 1,Clara M,Brighton,Private room,78,1,50,0.61,6,355,13,1.0,1,100,4.72,within an hour
Alaska Street R43,Mort,Roxbury,Private room,75,2,73,0.89,7,360,13,1.0,1,100,4.41,within an hour
Alaska Street R42,Jeana,Roxbury,Private room,70,2,105,1.29,3,342,26,1.0,1,100,4.67,within an hour
Simple South Boston Stays (entire place),Kiki,South Boston,Entire home/apt,220,2,67,0.83,1,89,9,1.0,1,100,4.75,within an hour
Special and Breathtaking East Boston studio,Rohn,East Boston,Private room,96,1,133,1.64,1,56,51,0.0,0,100,4.73,within an hour
Brighton,Amaro,Brighton,Private room,85,29,81,1.0,1,364,1,1.0,1,100,4.93,within an hour
"15min T to Downtown, Walk to airport & subway",Totana,East Boston,Private room,75,1,703,8.64,3,68,93,1.0,1,100,4.79,within an hour
ROOM B,Keith,West Roxbury,Private room,66,1,106,1.3,4,243,14,1.0,1,91,4.79,within an hour
ROOM A,Keith,West Roxbury,Private room,66,1,87,1.07,4,268,11,1.0,4,91,4.75,within an hour
ROOM C,Keith,West Roxbury,Private room,66,1,115,1.42,4,261,7,1.0,1,91,4.65,within an hour
Room D,Keith,West Roxbury,Private room,66,1,137,1.68,4,218,19,1.0,1,91,4.62,within an hour
Artistic charm in hip J.P.,Andrea,Jamaica Plain,Entire home/apt,136,2,183,2.28,1,23,28,1.0,1,100,4.8,within an hour
"Leafy & Tranquil, Artist house. Easy access Boston",Catherine,Jamaica Plain,Entire home/apt,311,90,97,1.29,2,280,12,1.0,2,100,4.82,within an hour
"Skylit Suite in Musical home, easy access Boston",Catherine,Jamaica Plain,Entire home/apt,251,1,167,2.22,2,365,30,1.0,1,100,4.76,within an hour
Luxurious Victorian Carriage House,Bruce,Jamaica Plain,Entire home/apt,637,3,66,0.87,1,41,20,2.0,4,90,4.8,within an hour
Carols place in Brighton,Carol,Brighton,Private room,40,29,14,0.2,1,300,0,1.0,1,100,4.93,Unknown
Upper Duplex Penthouse with Water View,Lauren,South Boston,Entire home/apt,248,29,144,1.8,1,257,4,2.0,4,100,4.49,Unknown
Paul Revere Suite PVT Entry/BATH QN Bed Sparkling,William John,South Boston,Entire home/apt,145,2,408,5.03,3,171,49,1.0,0,100,4.88,within an hour
Back Bay studio on Marlborough St (91 night min),Michelle,Back Bay,Entire home/apt,90,91,1,0.02,7,364,0,1.0,0,65,5.0,within a day
Boston Home Near Downtown,Booker,Jamaica Plain,Private room,137,1,235,2.91,2,361,37,2.0,1,100,4.71,within an hour
Charming Upscale Duplex | near T,Daniel,Roxbury,Entire home/apt,346,29,5,0.07,6,308,0,3.0,3,100,5.0,within an hour
Cozy Apartment | near T,Daniel,Roxbury,Entire home/apt,237,30,81,1.01,6,316,0,2.0,2,100,4.59,within an hour
Cozy Back Bay Boston Retreat!,Timothy,Back Bay,Entire home/apt,278,2,463,6.47,1,18,74,1.5,1,100,4.86,within an hour
"Blueground | South Boston, fitness center",Blueground,South Boston,Entire home/apt,337,32,0,0.0,369,50,0,2.0,2,99,4.7,within an hour
Bright & Spacious Loft Steps to the Freedom Trail,Aaron,Downtown,Entire home/apt,392,2,322,4.14,1,207,62,1.0,1,100,4.84,within an hour
"Spectacular, luxury Bay Village/Back Bay Condo",Tim,Bay Village,Entire home/apt,229,1,424,5.27,1,206,64,1.5,2,62,4.73,within a few hours
Rose Room/Harvard Business School/free parking早餐方便,Tingying(Helen),Brighton,Private room,61,29,16,0.2,3,182,3,1.5,1,67,4.81,within a day
Bina’s Home away from home  5,Frederick & Sabina,Mattapan,Private room,125,2,85,1.06,5,179,6,1.0,1,100,4.76,within an hour
H_Sunny room easy commute to Boston Downtown.,Ehab,Dorchester,Private room,66,29,142,3.08,15,136,27,1.0,1,100,4.69,within a few hours
Lily Room/Harvard Business School/free parking+早餐,Tingying(Helen),Brighton,Private room,63,29,27,0.34,3,129,2,1.5,1,67,4.85,within a day
Sunflower Room/Harvard Business School/ Parking+早餐,Tingying(Helen),Brighton,Private room,72,29,27,0.34,3,307,2,1.5,1,67,4.89,within a day
Copley House Queen Studio,Copley,Back Bay,Entire home/apt,265,1,76,0.99,7,310,13,1.0,0,99,4.29,within an hour
Victorian house comfortable and cozy,Francisco,Jamaica Plain,Entire home/apt,315,2,58,1.05,5,268,12,2.0,4,100,4.84,within an hour
Copley House King Studio,Copley,Back Bay,Entire home/apt,281,1,13,0.19,7,319,1,2.0,0,99,4.15,within an hour
"Sleeps 4, comfortable apt. in quiet Boston suburb",Sofia,West Roxbury,Entire home/apt,193,1,96,1.2,1,120,45,1.0,2,100,4.89,within a few hours
#B201 private full size bed room Boston,Anne,Dorchester,Private room,50,29,15,0.2,12,346,3,2.0,1,100,4.8,within an hour
"Bed, Bath and Beyond in Jamaica Plain",Susan,Jamaica Plain,Private room,53,91,48,0.6,2,365,0,1.0,1,40,4.83,a few days or more
"Bed, Bath and Beyond II in Jamaica Plain",Susan,Jamaica Plain,Private room,48,91,49,0.64,2,365,0,1.0,1,40,4.88,a few days or more
Karlie’s Place #2,Esther,Mattapan,Private room,80,29,199,2.51,2,269,0,1.0,1,100,4.83,within a few hours
"Blueground | Back Bay, gym, nr the common",Blueground,Bay Village,Entire home/apt,362,32,1,0.01,369,308,0,1.0,1,99,4.0,within an hour
"Blueground | Back Bay, gym, nr newbury st",Blueground,Back Bay,Entire home/apt,443,32,0,0.0,369,0,0,1.0,1,99,4.7,within an hour
Triple Decker Guesthouse for up to 24 guests!,Muny,Dorchester,Entire home/apt,903,1,52,0.72,4,238,3,4.5,6,100,4.77,within an hour
"Blueground | South Boston, gym & doorman",Blueground,South Boston,Entire home/apt,274,32,1,0.37,369,342,1,1.0,1,99,5.0,within an hour
New 2 floor 3 BR |1 Bath Unit near Seaport/BCEC,Shelby,South Boston,Entire home/apt,353,1,270,3.43,2,227,40,1.0,3,100,4.7,within an hour
Fort Hill top -1Bk Private Room in Brick Townhouse,Kevin,Roxbury,Private room,51,30,16,0.21,3,158,3,2.0,1,100,4.75,within a few hours
"Charming Studio (Fenway, Back Bay, Symphony)",Nancy,Fenway,Entire home/apt,150,2,129,1.67,1,77,51,1.0,0,100,4.67,within an hour
"BACK BAY walk to Berklee, Northeastern, Newbury St",Michelle,Fenway,Entire home/apt,177,29,3,0.04,7,333,0,1.0,0,65,4.67,within a day
Basement room,Althea,Mattapan,Private room,67,2,6,0.08,6,230,0,1.0,1,100,4.33,within an hour
A minute walk from the Red Line (Shawmut) Room 3,Yuki,Dorchester,Private room,50,31,5,0.07,5,291,0,1.0,1,100,5.0,within a few hours
Modern Parkside Greenhome,Cynthia,Dorchester,Entire home/apt,141,91,0,0.0,1,362,0,1.0,2,100,4.7,within an hour
"Stylish, 1st Floor•Free parking & close to T",Nakeisha,Dorchester,Entire home/apt,242,2,41,0.54,2,217,18,1.0,3,100,4.8,within an hour
"Blueground | Beacon Hill, nr state house",Blueground,West End,Entire home/apt,303,32,0,0.0,369,171,0,1.0,1,99,4.7,within an hour
"Bedroom in a sunny, cozy, + colorful JP apartment",Matt,Jamaica Plain,Private room,39,29,20,0.26,1,103,0,1.0,2,100,4.95,Unknown
"East Boston- Newly Renovated, Prof. Clean, 1bd Apt",Nick,East Boston,Entire home/apt,93,29,26,0.37,4,121,4,1.0,1,92,4.73,within an hour
A bit of France in Boston,Aaron,Dorchester,Private room,102,1,227,2.97,3,261,46,1.5,1,100,4.93,within an hour
"Blueground | Beacon Hill, great views & doorman",Blueground,West End,Entire home/apt,370,32,0,0.0,369,182,0,2.0,2,99,4.7,within an hour
#B101 Boston New Central  AC queen bed 全楼禁烟 厨具齐备,Anne,Dorchester,Private room,60,29,28,0.37,12,322,2,2.0,1,100,4.36,within an hour
Bright Newly Renovated 1 Bed Near Franklin Park !!,Edward,Dorchester,Entire home/apt,129,29,28,0.38,12,168,0,1.0,1,100,4.39,within an hour
109S8 | The Strathmore 8 w/AC | 1BR 1BA | Private,Lance,Brighton,Entire home/apt,144,30,13,0.17,58,119,1,1.0,1,87,4.31,within a few hours
"Location, Your Next Trip Awaits",Temple Place,Downtown,Entire home/apt,171,1,87,1.17,10,104,22,1.0,1,100,4.18,within an hour
"Peaceful Retreat In Boston Near T, Easy Commuting!",Temple Place,Downtown,Entire home/apt,145,29,69,0.9,10,115,0,1.0,1,100,4.18,within an hour
Stylish Affordable Downtown Boston Studio!,Temple Place,Downtown,Entire home/apt,133,2,118,1.53,10,104,29,1.0,0,100,4.31,within an hour
Near T & Everything You Need!,Temple Place,Downtown,Entire home/apt,126,29,91,1.18,10,88,1,1.0,1,100,4.31,within an hour
Stunning BOSTON BROWNSTONE by interior designer,Keith,Fenway,Entire home/apt,278,29,13,0.18,1,189,3,1.5,2,100,4.69,within a few hours
Modern 1BR - Steps to T,Alexander Martin,Roxbury,Entire home/apt,155,2,22,1.41,5,157,16,1.0,1,100,4.73,within a few hours
Charming Art Filled Victorian w/Gorgeous Bath,Alys,Dorchester,Private room,77,1,226,3.01,1,337,33,1.0,1,100,4.76,within an hour
Beautiful Beacon Hill Home - Amazing Location!,Jay,Beacon Hill,Entire home/apt,267,1,238,3.11,22,301,38,1.0,3,100,4.25,within an hour
"SeaClusion- Queen, Harbor View",Melissa,Charlestown,Private room,336,1,71,0.96,8,159,13,1.5,1,100,4.69,within an hour
"Boston Studio, Ready For Long & Short Stays",Temple Place,Downtown,Private room,135,29,104,1.43,10,100,0,1.0,1,100,4.56,within an hour
Modern Single Studio at the Heart of Boston!,Bay Village,Bay Village,Private room,80,2,87,1.15,22,154,21,1.0,1,100,4.3,within an hour
"Great For Last Minute Stays, Studio That Sleeps 3",Bay Village,Bay Village,Entire home/apt,130,3,186,2.46,22,169,31,1.0,1,100,4.22,within an hour
Quiet Comfort in Boston - Large 2 Bed,Janice,Roslindale,Entire home/apt,200,29,10,0.13,2,341,1,1.0,2,100,4.7,within a day
Beautiful home (5 minutes away from the Train.),Ellena,Jamaica Plain,Entire home/apt,158,2,151,2.01,1,151,66,1.0,2,100,4.8,within an hour
Victorian Boston Home/NO ADDED FEES,Whit,Dorchester,Private room,130,2,145,1.91,2,259,33,1.5,1,100,4.89,within an hour
Comfort Inn in my home 2nd bedroom,Janet,Roxbury,Private room,55,29,21,0.28,3,180,1,1.5,1,100,4.52,within an hour
Super Sustainable Studio in the City,Jay,Jamaica Plain,Entire home/apt,114,1,160,2.38,22,250,28,1.0,0,100,4.66,within an hour
Private room 2nd Floor,Mirian,East Boston,Private room,45,91,1,0.01,2,365,0,1.0,1,100,5.0,within an hour
Cozy & comfy in-law suite with Boston skyline view,Camille,Roxbury,Entire home/apt,272,3,86,1.15,3,343,3,1.0,2,100,4.66,within an hour
4th Floor room 0.5 mile to Marathon finish line,Gearoid,South End,Private room,131,1,77,1.02,3,58,4,2.5,1,100,4.86,Unknown
Large Triplex Backyard near T 4 GroupsBusiness,Eder,Dorchester,Entire home/apt,1967,2,13,0.18,7,323,4,6.0,13,96,4.23,within an hour
Perfect BiG Space for Couples near Red Line,Ken,Dorchester,Private room,43,91,9,0.12,8,207,1,1.5,1,100,5.0,within an hour
"Blueground | Back Bay, gym, doorman, nr t station",Blueground,Back Bay,Entire home/apt,301,32,1,0.03,369,300,0,1.0,1,99,5.0,within an hour
Shelly's Golden Room,Shelly,East Boston,Private room,97,2,57,1.29,6,172,43,1.0,1,100,4.86,within an hour
Quiet Pondside Room Near Boston College,Haydee,Brighton,Private room,51,29,46,0.62,1,58,3,1.0,1,100,4.98,within an hour
🎖The Boiler Room | Close to Subway + Downtown🎖,Heriberto,Dorchester,Entire home/apt,90,29,269,3.7,3,294,9,1.0,1,100,4.84,within an hour
Quick Walk to the Red Line!,Marie,Dorchester,Private room,40,30,2,0.06,27,306,1,1.0,1,100,5.0,within an hour
Beacon Hill Home,Kathleen,Beacon Hill,Entire home/apt,130,29,9,0.17,2,208,5,1.0,1,100,5.0,within an hour
"Blueground | Back Bay, gym, doorman, nr t station",Blueground,Back Bay,Entire home/apt,323,32,0,0.0,369,167,0,1.0,1,99,4.7,within an hour
"Spacious Two  Bedroom Apartment Allston, MA.",M.LCarol,Allston,Entire home/apt,130,30,151,2.04,1,93,0,1.5,2,100,4.95,within a few hours
Printing Press Loft,Roy,Jamaica Plain,Entire home/apt,148,4,116,1.58,1,182,19,1.0,1,100,4.92,within an hour
Country in the City,Chi Chi,West Roxbury,Private room,37,91,0,0.0,1,365,0,1.0,1,100,4.7,Unknown
*FortHill Special! Clean Comfy & Cozy Guest Suite1,John,Roxbury,Private room,82,29,27,0.37,5,270,0,1.0,1,100,4.93,within an hour
*FortHill Special! Clean Comfy & Cozy Guest Suite3,John,Roxbury,Private room,74,2,110,1.51,5,230,16,1.0,1,100,4.62,within an hour
*FortHill Special! Clean Comfy & Cozy Guest Suite2,John,Roxbury,Private room,139,2,87,1.18,5,254,18,1.0,1,100,4.56,within an hour
Gorgeous Beacon Hill 1BR | 1BA,Kaitlyn,Beacon Hill,Entire home/apt,317,4,309,4.21,3,218,55,1.0,1,100,4.82,within an hour
1🎖Gorgeous tastefully modernized  Victorian suite,Joseph,Dorchester,Entire home/apt,192,2,197,2.69,2,270,23,2.0,2,100,4.77,within an hour
Quiet Room in Boston,Mark,West Roxbury,Private room,800,91,0,0.0,3,270,0,1.5,1,0,4.7,a few days or more
Quiet Room in Boston #2,Mark,West Roxbury,Private room,800,91,1,0.01,3,269,0,1.5,10,0,4.0,a few days or more
Beacon Hill House | MGH/MIT/Freedom Trail,Sophia,Beacon Hill,Entire home/apt,108,29,20,0.27,2,111,0,1.0,1,100,4.4,within a few hours
"Blueground | Beacon Hill, nr mass gen hospital",Blueground,Beacon Hill,Entire home/apt,223,32,2,0.05,369,36,0,1.0,1,99,4.0,within an hour
Cozy Bed Near Forest Hills,Alice,Hyde Park,Private room,51,1,38,2.56,3,263,32,1.0,1,100,4.68,within an hour
Alaska Street R52,Mort,Roxbury,Private room,111,2,62,0.86,7,348,11,1.0,1,100,4.56,within an hour
The blue room,Fehr,East Boston,Private room,110,91,3,0.04,1,365,0,2.0,1,100,5.0,Unknown
🎖Massive Victorian 1905 mansion❤️🤍💙go back in time,Joseph,Dorchester,Entire home/apt,225,2,181,2.49,2,264,20,3.0,3,100,4.83,within an hour
Copley House 1 Bedroom Suite,Copley,Back Bay,Entire home/apt,330,1,228,3.44,7,329,26,1.0,1,99,4.39,within an hour
Copley House Budget Studio,Copley,Back Bay,Entire home/apt,255,1,353,5.2,7,295,59,1.0,0,99,4.57,within an hour
2)BU/Harvard/MIT/pri bath&entrnce/freeprkng/Qn bed,Marlene,Allston,Private room,150,2,235,3.3,3,82,47,1.0,1,100,4.93,within an hour
Downtown Loft Boston - Close to everything,Konrad,Downtown,Entire home/apt,239,3,163,2.32,1,44,32,1.0,1,100,4.85,within an hour
"Beautiful, Clean Room close to Train and Downtown",Roman,Dorchester,Private room,76,29,34,0.47,3,266,3,1.0,1,100,4.76,within a few hours
Modern Efficiency Studio Awaits Your Stay!,Bay Village,Bay Village,Private room,111,2,93,1.29,22,190,23,1.0,1,100,4.2,within an hour
Just Darling Efficiency Studio Awaits!,Bay Village,Bay Village,Private room,72,2,86,1.19,22,179,15,1.0,0,100,4.27,within an hour
Explore Boston From This Central Location,Bay Village,Bay Village,Private room,111,2,61,0.85,22,186,6,1.0,1,100,4.03,within an hour
Walk to Copley or Prudential & Historic Locations,Cambridge,South End,Private room,179,120,2,0.03,1,180,0,1.5,1,100,5.0,within an hour
"NEW! Boston Condo Near MBTA, 3 Mi to Fenway! (U2)",Frank,Roxbury,Entire home/apt,234,3,150,2.26,4,319,10,1.0,3,100,4.69,within an hour
3)MIT-Harvrd-BU-pri bathrm/freeprkng/Queenbed,Marlene,Allston,Private room,150,2,260,3.67,3,82,44,1.0,1,100,4.94,within an hour
1)Harvard/MIT/BU/Priv bath&entrnce/freeprkng/Qnbed,Marlene,Allston,Private room,120,2,273,3.84,3,68,49,1.0,1,100,4.96,within an hour
Spacious Boston Bedroom 02,Antonio,Dorchester,Private room,112,29,188,2.66,7,218,58,1.0,1,100,4.8,within an hour
"The Godfrey Hotel Boston, Double Queen",The Godfrey Hotel,Downtown,Private room,335,1,14,0.22,1,113,1,1.0,1,100,4.86,Unknown
Luxury Back Bay studio on Prestigious Marlborough,Michelle,Back Bay,Entire home/apt,202,32,0,0.0,8,315,0,1.0,0,60,4.7,within a day
"Charlestown houseboat, walk to Boston attractions",Deborah,Charlestown,Entire home/apt,284,2,42,0.58,3,303,7,1.0,1,100,4.67,within an hour
Boston Rooftop Retreat,Chandra,Roxbury,Entire home/apt,197,2,308,4.36,1,276,50,1.0,1,100,4.84,within an hour
Trendy Glam Oasis | near T,Daniel,Jamaica Plain,Entire home/apt,298,29,26,0.36,1,295,0,2.0,4,100,4.73,Unknown
"The Whitney Boston, Classic Double Queen",The  Whitney Hotel,West End,Private room,845,1,0,0.0,1,342,0,1.0,1,100,4.7,Unknown
Private Master Suite & Large Livingroom in Boston,Shannon,South Boston,Private room,170,29,3,0.11,7,365,0,1.0,1,100,4.67,within a few hours
"Bright, spacious, home to call home.",Brian,Roslindale,Entire home/apt,251,29,5,0.07,1,95,0,1.5,4,50,5.0,within a day
"Renovated, Spacious Studio, Near BC, BU, Porch",STARS Of,Brighton,Entire home/apt,124,29,6,0.09,11,119,0,1.0,0,100,4.83,within an hour
Drastic price reduction 6 month rental-IN BACK BAY,Michelle,Fenway,Entire home/apt,173,120,0,0.0,12,363,0,1.0,0,93,4.7,within a few hours
A Lovely Private Victorian Studio with Kitchenette,Aaron,Dorchester,Private room,126,1,193,2.68,3,257,31,1.0,1,100,4.82,within an hour
Elegant & Clean Room close to Subway and Downtown,Roman,Dorchester,Private room,72,29,19,0.27,3,205,0,1.0,1,100,4.68,within a few hours
"Blueground | S. Boston, gym & doorman, nr t",Blueground,South Boston,Entire home/apt,271,32,2,0.04,369,166,0,1.0,1,99,4.5,within an hour
"Cute, quiet 2br house near South End",Joanie,Roxbury,Entire home/apt,89,3,24,0.34,1,6,1,1.5,2,100,4.88,within an hour
Luxury Boston Condo,Joseph,East Boston,Entire home/apt,168,2,21,0.29,1,48,4,1.0,1,100,4.76,within an hour
Sonder The Hancock | Superior 1BR Apartment,Sonder (Boston),Beacon Hill,Entire home/apt,474,1,166,2.34,18,0,42,1.0,1,100,4.3,within an hour
Sonder The Hancock | Ground-Floor Full Studio,Sonder (Boston),Beacon Hill,Entire home/apt,296,1,183,2.73,18,0,44,1.0,0,100,4.34,within an hour
Private basement guest room in a cozy home,Lelia,Roslindale,Private room,50,29,65,0.91,1,137,3,1.0,1,100,4.85,within an hour
"Charming Back Bay, Beacon St. Apt. w/ Private Roof",Rebecca,Back Bay,Entire home/apt,242,3,140,1.97,1,164,17,1.0,1,90,4.61,within a few hours
"Blueground | South End, laundry, nr t stops",Blueground,Back Bay,Entire home/apt,216,32,1,0.01,369,292,0,1.0,0,99,1.0,within an hour
LUXURY CONDO BEST LOCATION IN BOSTON,Karl,Downtown,Entire home/apt,343,91,0,0.0,2,365,0,3.0,2,100,4.7,Unknown
LUxury condo in downtown Boston best location,Karl,Downtown,Entire home/apt,343,91,0,0.0,2,358,0,3.0,2,100,4.7,Unknown
Boston Studio Near Downtown,Brittany,Jamaica Plain,Entire home/apt,149,29,134,1.94,1,285,0,1.0,1,100,4.68,Unknown
Comfortable Boston Bedroom 03,Antonio,Dorchester,Private room,112,1,144,2.04,7,144,42,1.0,1,100,4.8,within an hour
Boston Queen Bedroom 204,Antonio,Dorchester,Private room,107,1,104,1.47,7,151,33,1.0,1,100,4.74,within an hour
Private bedroom in South Boston nr Downtown 130-1A,Mac,South Boston,Private room,40,91,3,0.04,3,90,0,2.0,1,100,4.67,Unknown
Private bedroom in South Boston nr Downtown 130-1C,Mac,South Boston,Private room,58,91,1,0.01,3,90,0,2.0,6,100,4.0,Unknown
"Blueground | S. End, laundry, nr t stops",Blueground,Back Bay,Entire home/apt,216,32,1,0.02,369,275,0,1.0,0,99,4.0,within an hour
109S15 | The Strathmore 15 | 1BR 1B w/AC | Private,Lance,Brighton,Entire home/apt,116,30,14,0.21,58,343,7,1.0,1,87,4.5,within a few hours
#B203 private AC full size bed 全楼禁烟Boston,Anne,Dorchester,Private room,85,29,10,0.15,12,260,1,2.0,1,100,4.4,within an hour
#B202 Private Room Near Umass Boston,Weihai,Dorchester,Private room,57,29,8,0.17,5,321,2,2.0,1,100,4.63,Unknown
Natural Woods Luxury Condo sound prf/Fitness HEPA.,Holly,Roxbury,Entire home/apt,616,2,35,0.67,1,365,3,2.5,2,100,4.43,within a few hours
1863 House Bed and  Breakfast M307 Room 2,Marie,South End,Private room,210,3,71,1.01,6,84,8,1.0,1,100,4.94,within a few hours
Modern Efficiency Studio Awaits Your Stay!,Bv,Bay Village,Private room,93,2,96,1.37,13,179,11,1.0,1,100,4.09,within an hour
Roslindale first floor full size bed,Lynda,Roslindale,Private room,68,29,0,0.0,16,82,0,1.0,1,100,4.7,within an hour
"Blueground | S. End, nr shops, restaurants & t",Blueground,Back Bay,Entire home/apt,259,32,0,0.0,369,60,0,1.0,1,99,4.7,within an hour
1 Bed Apartment,Kelly,East Boston,Entire home/apt,143,29,31,0.44,1,179,0,1.0,1,100,4.94,Unknown
Large Private Bedroom in Unique and Spacious Condo,Mauryn,Jamaica Plain,Private room,190,30,2,0.9,1,88,2,1.0,1,100,5.0,within an hour
Room near MBTA Forest Hills w/ private living room,Sherwin,Roslindale,Private room,43,29,11,0.16,8,132,2,1.0,1,100,4.82,within an hour
Modern Efficiency Studio Awaits Your Stay!,Bv,Bay Village,Private room,105,2,57,0.82,13,188,13,1.0,1,100,4.04,within an hour
Beautiful 2 bedroom in historical Fort Hill Boston,Adler,Roxbury,Entire home/apt,243,1,337,6.01,1,55,65,1.0,2,100,4.74,within an hour
Spacious Long Term Private Room Close to Downtown,Teresa & Jonathan,Roxbury,Private room,60,29,18,0.27,5,333,3,1.0,1,100,4.67,within an hour
Private Designed Bedroom Long Term by Downtown,Teresa & Jonathan,Roxbury,Private room,58,29,17,0.27,5,113,3,1.0,1,100,4.82,within an hour
Private Trendy modern escape from home,Amenata,Hyde Park,Entire home/apt,129,29,5,0.07,3,134,0,1.0,1,0,5.0,a few days or more
"One Bedroom , Top Floor",Nick,Roxbury,Entire home/apt,175,91,0,0.0,4,270,0,1.0,1,100,4.7,within a day
5BR Boston Apartment – Ideal for Families & Groups,Caleb,Dorchester,Entire home/apt,445,2,84,1.62,2,362,6,1.0,5,100,4.65,within an hour
Room at Brigham Circle on T Subway Station,Colbert,Mission Hill,Private room,100,5,3,0.04,2,11,2,1.5,1,100,3.33,within an hour
Luxury Beacon Hill Condo With Private Patio/Garden,Sean,Beacon Hill,Entire home/apt,225,32,4,0.21,1,269,3,1.5,1,70,5.0,within a day
Fully Furnished Long Term Bedroom by Downtown,Teresa & Jonathan,Roxbury,Private room,58,29,13,0.27,5,302,2,1.0,1,100,4.77,within an hour
A minute walk from the Red line (Shawmut) Room 1,Yuki,Dorchester,Private room,52,32,3,0.05,5,0,0,1.0,1,100,5.0,within a few hours
"Apartment w/Parking, minutes to airport / Downtown",Joseph,East Boston,Entire home/apt,246,2,206,3.05,1,293,40,1.0,3,100,4.93,within an hour
🎖The Ashmont Apartment | Close to Subway/Downtown,Heriberto,Dorchester,Entire home/apt,189,2,216,3.29,3,200,51,2.0,2,100,4.77,within an hour
"Blueground | Brighton, a/c, nr hospital",Blueground,Brighton,Entire home/apt,242,32,0,0.0,369,171,0,1.0,2,99,4.7,within an hour
201C monthly rental room with private bath BU Med,Ann,Roxbury,Private room,45,91,0,0.0,4,90,0,1.0,1,100,4.7,Unknown
Bay Village Suites: Perfect Studio Ready For You!,Bv,Bay Village,Private room,111,2,65,0.99,13,184,7,1.0,1,100,3.86,within an hour
Steps away from the Shawmut station!!(room 2),Yuki,Dorchester,Private room,48,30,7,0.12,5,322,2,1.0,1,100,5.0,within a few hours
Blue Waters - Harbor View,Melissa,Charlestown,Private room,336,1,50,1.42,8,60,19,2.0,1,100,4.86,within an hour
Sutton Comfort Room 1,Elisio,Mattapan,Private room,68,1,67,1.02,2,113,0,1.0,1,0,4.78,a few days or more
Back Bay-Around corner from Famous Newbury St,Michelle,Back Bay,Entire home/apt,130,91,0,0.0,12,364,0,1.0,1,93,4.7,within a few hours
Spacious 3BR | Family Favorite | Downtown Boston!,Weiping,Downtown,Entire home/apt,597,3,160,4.13,1,251,30,1.0,3,100,4.94,within an hour
Bright Spacious Apt w/ Free On Street Parking,Greg And Alicia,Dorchester,Entire home/apt,105,29,13,0.2,2,187,0,1.0,3,80,4.62,within a few hours
"Perfect Spot, Affordable Studio!",Bv,Bay Village,Private room,111,2,104,1.54,13,179,19,1.0,1,100,4.42,within an hour
"NEW! Boston Condo Near MBTA, 3Mi to Fenway! (U1)",Frank,Roxbury,Entire home/apt,201,3,148,2.22,4,299,12,1.0,2,100,4.77,within an hour
"NEW! Boston Condo Near MBTA, 3Mi to Fenway ! (U3)",Frank,Roxbury,Entire home/apt,250,2,125,1.87,4,315,7,1.0,3,100,4.61,within an hour
"Private 1 Bdr, 4 minute walk to T near Reservoir",Vadim,Brighton,Entire home/apt,138,29,0,0.0,1,195,0,1.0,1,100,4.7,Unknown
"Perfect Boston Apartment, Book Today & Enjoy!",Bv,Bay Village,Private room,111,2,105,1.59,13,176,27,1.0,1,100,4.17,within an hour
The Boxer Boston Deluxe Double,The Boxer Hotel,Downtown,Private room,457,1,3,0.06,3,340,0,1.0,1,90,4.33,within an hour
The Boxer Boston Junior Suite Accessible,The Boxer Hotel,Downtown,Private room,482,1,4,0.09,3,347,0,1.0,1,90,4.0,within an hour
The Boxer Traditional Accessible King,The Boxer Hotel,Downtown,Private room,368,1,34,0.74,3,352,6,1.0,1,90,4.5,within an hour
"Blueground | Downtown, doorman, nr chinatown t",Blueground,Downtown,Entire home/apt,291,32,0,0.0,369,179,0,1.0,1,99,4.7,within an hour
Sutton Comfort Bedroom 2,Elisio,Mattapan,Private room,68,1,106,1.6,2,111,0,1.0,1,0,4.55,a few days or more
Cozy Room in Beacon Hill/MIT/MGH. Walk Everywhere!,Sophia,West End,Private room,88,30,11,0.33,6,93,2,1.0,1,100,3.82,within a day
Delightful Beacon Hill 1 Bed | 1 Bath,Kaitlyn,Beacon Hill,Entire home/apt,165,29,28,0.44,3,265,4,1.0,1,100,4.79,within an hour
1863 House Bed and  Breakfast M307 Room 1,Marie,South End,Private room,210,3,63,0.98,6,101,12,1.0,1,100,4.83,within a few hours
Spacious & Beautiful Entire Apt in Boston,Dawn-Marie,Dorchester,Entire home/apt,128,4,45,0.7,2,264,12,1.0,3,100,4.98,within an hour
Boston Brownstone Gem GREAT location on Silverline,Donna,South End,Entire home/apt,91,91,2,0.07,1,169,1,1.0,0,100,4.5,within a few hours
A Charming South End Apt with Private Garden!,Leigh,South End,Entire home/apt,325,3,32,0.49,1,106,18,1.0,1,100,4.75,within a few hours
Spacious 1st Floor Private Room Close to Downtown,Teresa & Jonathan,Roxbury,Private room,60,29,23,0.39,5,270,8,1.0,1,100,4.74,within an hour
14P.T | The Grand View | 5BR 2B w/AC | Twin Room,Lance,Dorchester,Private room,49,30,2,0.21,58,200,2,2.0,1,87,5.0,within a few hours
14P.P | The Grand View | 5BR 2B w/AC | Parlor Room,Lance,Dorchester,Private room,73,30,2,0.03,58,164,0,2.0,1,87,5.0,within a few hours
14P.M | The Grand View | 5BR 2B w/AC | Master Room,Lance,Dorchester,Private room,63,30,6,0.14,58,314,3,2.0,1,87,4.67,within a few hours
"Clean, Contemporary Escape | Near T",Daniel,Roxbury,Entire home/apt,329,30,18,0.27,2,288,12,3.0,4,100,4.78,within an hour
Spacious Egleston Square 2 bedroom (dog friendly),Mary,Roxbury,Entire home/apt,243,2,16,0.29,3,5,0,2.0,2,100,4.88,within an hour
"Blueground | Downtown, gym, doorman, nr chinatown",Blueground,Chinatown,Entire home/apt,303,32,0,0.0,369,289,0,1.0,1,99,4.7,within an hour
230B2.2 | The Roseclair Redline | AC & W/D | Rm #2,Lance,Dorchester,Private room,61,30,14,0.23,58,293,2,1.0,1,87,4.57,within a few hours
230B2.3 | The Roseclair Redline | AC & W/D | Rm #3,Lance,Dorchester,Private room,65,30,3,0.05,58,101,0,1.0,1,87,3.67,within a few hours
"Blueground | Downtown, doorman, nr boston common",Blueground,Downtown,Entire home/apt,211,32,0,0.0,369,221,0,1.0,0,99,4.7,within an hour
14P.Y | The Grand View | 5BR 2B w/AC | Yellow Room,Lance,Dorchester,Private room,60,29,6,0.1,58,258,2,2.0,1,87,4.5,within a few hours
Riverway the best of Boston and Brookline!,Isaac,Mission Hill,Entire home/apt,176,91,0,0.0,1,358,0,1.0,2,100,4.7,Unknown
"Blueground | Back Bay, gym, doorman, nr mall",Blueground,Back Bay,Entire home/apt,325,32,1,0.02,369,201,0,1.0,1,99,4.0,within an hour
"Blueground | Back Bay, gym, doorman, nr Esplanade",Blueground,Back Bay,Entire home/apt,327,32,1,0.03,369,356,0,1.0,1,99,5.0,within an hour
Amazing 3 Bed Close To Boston With Parking & Yard,Edward,Roslindale,Entire home/apt,101,29,14,0.32,12,269,1,1.0,3,100,4.29,within an hour
Awesome 3 Bed Close To Boston With Parking,Edward,Roslindale,Entire home/apt,199,29,2,0.04,12,90,0,1.0,3,100,5.0,within an hour
Home Sweet Home,Jeffery,Dorchester,Entire home/apt,176,91,4,0.07,2,104,1,1.0,3,100,4.25,within a few hours
"Blueground | Beacon Hill, nr boston common",Blueground,Beacon Hill,Entire home/apt,246,32,0,0.0,369,0,0,1.0,1,99,4.7,within an hour
"Blueground | Beacon Hill, nr mass state house",Blueground,Beacon Hill,Entire home/apt,223,32,0,0.0,369,292,0,1.0,1,99,4.7,within an hour
Single Family 4 BR / 2 BA - Walk Everywhere,Molly,Roslindale,Entire home/apt,350,29,0,0.0,1,80,0,2.0,4,100,4.7,within a few hours
New England Victorian Oasis,Andre,Hyde Park,Private room,65,2,44,0.68,5,362,3,3.0,1,100,4.8,within an hour
The Jazzy Airbnb,Fredrick,Roxbury,Private room,48,1,313,4.84,1,268,70,1.0,1,100,4.65,within an hour
Bright and Spacious,Francisco,Jamaica Plain,Private room,122,2,71,1.15,5,296,7,1.0,1,100,4.7,within an hour
Bright and comfortable,Francisco,Jamaica Plain,Private room,166,2,53,0.85,5,308,2,1.0,1,100,4.85,within an hour
Contemporary home  in Historic Back Bay Boston,Claire,Back Bay,Entire home/apt,963,3,68,2.56,1,224,27,3.5,3,100,4.96,within an hour
Boston Three Bedroom Apartment,Antonio,Dorchester,Entire home/apt,300,29,3,0.09,7,288,2,1.0,3,100,4.33,within an hour
Charming 3 bedroom suite in the heart of Boston,Dung,Dorchester,Entire home/apt,233,1,187,3.8,1,158,26,1.0,3,100,4.71,within an hour
Designed 1st Floor Furnished Bedroom by Downtown,Teresa & Jonathan,Roxbury,Private room,58,29,23,0.38,5,297,7,1.0,1,100,4.78,within an hour
"Blueground | Allston, laundry in basement",Blueground,Brighton,Entire home/apt,227,32,1,0.02,369,277,0,1.0,2,99,3.0,within an hour
"Blueground | Allston, laundry in basement",Blueground,Brighton,Entire home/apt,242,32,0,0.0,369,197,0,1.0,2,99,4.7,within an hour
"4br SouthBoston free parkg nrBeach, 6 min>BCEC",Maureen,South Boston,Entire home/apt,289,2,192,5.67,1,241,66,1.0,4,100,4.88,within an hour
Cute Boston Condo | Near T,Daniel,Dorchester,Entire home/apt,569,30,5,0.08,2,304,0,4.0,7,100,5.0,Unknown
Soaring Oasis | near South End,Daniel,Roxbury,Entire home/apt,434,30,16,0.25,6,320,2,3.0,5,100,4.88,within an hour
Expansive Luxury Triplex | near T,Daniel,Roxbury,Entire home/apt,560,30,11,0.17,6,320,2,5.0,7,100,4.55,within an hour
230B1.1 | The Dorset Redline | 3BR 1B w/AC | Rm #1,Lance,Dorchester,Private room,51,30,5,0.11,58,321,0,1.0,1,87,4.0,within a few hours
230B1.2 | The Dorset Redline | 3BR 1B w/AC | Rm #2,Lance,Dorchester,Private room,60,30,6,0.12,58,293,0,1.0,1,87,4.33,within a few hours
High-floor Luxury Building with River Views by MGH,Jim,West End,Private room,110,29,24,0.52,3,298,11,1.0,1,100,4.83,within an hour
Comfy Spacious Room Near Harvard BS,Reina,Allston,Private room,83,3,136,2.74,2,37,31,1.0,1,100,4.93,within an hour
Comfy Room Near Harvard BS,Reina,Allston,Private room,76,3,110,2.13,2,39,9,1.0,1,100,4.87,within an hour
"* NEW Listing * A True GEM in South End , Boston!!",Santo,South End,Entire home/apt,290,1,169,2.84,2,318,20,1.0,1,100,4.65,within an hour
The Bostonian Victorian,Osman,Dorchester,Entire home/apt,205,91,3,0.08,1,291,0,1.0,3,86,5.0,within an hour
Fort Point Corner of Windows brick & beam loft,Walker,South Boston Waterfront,Entire home/apt,125,57,5,0.13,1,165,1,1.0,0,100,4.8,within an hour
Back Bay a few blocks from Boston Public Garden,Michelle,Back Bay,Entire home/apt,130,32,1,0.02,12,329,0,1.0,0,93,5.0,within a few hours
4BR - Visit Boston Like a Local!,Megan,Charlestown,Entire home/apt,330,12,4,0.09,1,72,2,2.5,4,100,5.0,within a few hours
Best of Boston GreenTurtle Houseboat on the Harbor,Karen,Charlestown,Entire home/apt,319,2,69,1.16,3,269,11,1.0,1,100,4.81,within an hour
New Decor! Cozy Modern Renovated Private Suite!,Mary,Roxbury,Entire home/apt,148,2,237,4.04,2,252,44,1.0,1,100,4.72,within an hour
Lovely Boston Back Bay/BVTownhouse  Heartof City,Francine,Bay Village,Entire home/apt,215,91,0,0.0,1,209,0,2.5,2,100,4.7,within an hour
Cozy Bedroom for you!,Dawn,Charlestown,Private room,99,29,1,0.03,3,365,0,2.0,1,60,3.0,within a day
MODERN DOWNTOWN STUDIO,Billy,Downtown,Entire home/apt,216,91,1,0.05,3,285,0,1.0,0,88,2.0,within a day
"Blueground | Downtown, doorman, nr green line",Blueground,Downtown,Entire home/apt,211,32,0,0.0,369,207,0,1.0,0,99,4.7,within an hour
Historic Brownstone with Modern Amenities.,Rebecca,Roxbury,Entire home/apt,803,29,60,1.0,2,83,0,1.0,1,96,4.75,within an hour
Charming 1 bed S End Freshly painted new mattress!,Maja,South End,Entire home/apt,248,4,16,1.13,2,254,11,1.0,1,100,5.0,within an hour
Travelers Choice Best of Bos Green Turtle II Yacht,Karen,Charlestown,Entire home/apt,443,2,75,1.25,3,304,5,2.0,2,100,4.81,within an hour
"Blueground | Back Bay, gym, nr esplanade",Blueground,Back Bay,Entire home/apt,412,32,0,0.0,369,0,0,1.0,1,99,4.7,within an hour
ONE Bedroom in the Back Bay on Commonwealth Ave,Michelle,Back Bay,Entire home/apt,173,32,0,0.0,7,365,0,1.0,0,65,4.7,within a day
Modern Style Cozy Private Apt,Bleuty,Roslindale,Entire home/apt,95,2,230,3.88,1,178,45,1.0,1,100,4.69,within an hour
Cozy Apartment in Historic Beacon Hill Area,Atif,Beacon Hill,Entire home/apt,278,1,304,5.18,1,98,30,1.0,1,90,4.69,within a few hours
"Spacious 1Bed, Boston Coll, Elevator, Roof Deck",Kama,Brighton,Entire home/apt,155,30,1,0.02,39,331,0,1.0,1,99,5.0,within an hour
"Blueground | Seaport, gym, pool, & doorman",Blueground,South Boston Waterfront,Entire home/apt,298,32,0,0.0,369,338,0,1.0,1,99,4.7,within an hour
"Blueground | Seaport, gym, pool, & doorman",Blueground,South Boston Waterfront,Entire home/apt,319,32,0,0.0,369,308,0,1.0,1,99,4.7,within an hour
"Blueground | Seaport, gym, pool, & doorman",Blueground,South Boston Waterfront,Entire home/apt,301,32,0,0.0,369,325,0,1.0,1,99,4.7,within an hour
NONE SMOKING ROOM K:Spacious & SUPER SAFE & QUIET,Mimi,Dorchester,Private room,55,29,4,0.07,3,262,0,0.0,1,50,5.0,within a day
Non smoking Room S:Specious Super Safe QuietClean,Mimi,Dorchester,Private room,47,29,17,0.29,3,262,2,1.0,1,50,4.71,within a day
Ultra Comfy Modern in the Center of the South End,Jessica Brooke,South End,Entire home/apt,150,29,11,0.24,4,38,3,1.0,1,100,4.82,within a few hours
Clean & Modern Apt Close to Public Transportation,Jessica Brooke,Jamaica Plain,Entire home/apt,100,29,16,0.41,4,31,3,1.0,1,100,4.44,within a few hours
Pvt. Bedroom & Bath | Co-Live by Thatch™ | 33 #1B,Thatch,Roxbury,Private room,58,30,4,0.15,57,209,3,1.0,1,100,5.0,within an hour
Stylish 2-bedroom JP Pondside Pad,Milo,Jamaica Plain,Entire home/apt,306,2,68,1.17,2,121,9,1.0,2,100,4.53,within an hour
"Blueground | Downtown, doorman, nr boston common",Blueground,Downtown,Entire home/apt,233,32,0,0.0,369,15,0,1.0,0,99,4.7,within an hour
"Blueground | Seaport, gym, pool, & doorman",Blueground,South Boston Waterfront,Entire home/apt,329,32,0,0.0,369,200,0,1.0,1,99,4.7,within an hour
"Blueground | Seaport, gym, pool, & doorman",Blueground,South Boston Waterfront,Entire home/apt,330,32,0,0.0,369,315,0,1.0,1,99,4.7,within an hour
Cozy Studio,Paul,Brighton,Entire home/apt,60,91,7,0.14,1,76,2,1.0,0,100,4.71,Unknown
Cozy apartment in the lively heart of Boston,Noha,North End,Entire home/apt,199,30,23,0.4,1,241,0,1.0,1,0,4.43,a few days or more
3 Bed 1.5 Bath - Longwood Medical Area / NEU,Kat,Mission Hill,Entire home/apt,140,29,0,0.0,14,49,0,1.5,3,100,4.7,within a few hours
FOUND Boston Common - Queen Room,FOUND Hotel,Downtown,Private room,294,1,523,9.01,2,365,62,1.0,1,83,4.4,within an hour
FOUND Boston Common - Double Queen Room,FOUND Hotel,Downtown,Private room,277,1,518,8.93,2,321,47,1.0,1,83,4.55,within an hour
(A) Cozy & comfortable room in Allston,Wendy,Allston,Private room,85,91,2,0.04,9,292,0,2.0,1,90,5.0,within a few hours
"(H) Cozy bedroom near Harvard, MIT & BU",Wendy,Allston,Private room,54,91,4,0.09,9,268,1,2.0,1,90,4.75,within a few hours
"(G) Cozy room near Harvard, MIT, BU",Wendy,Allston,Private room,53,91,6,0.13,9,240,2,2.0,1,90,4.83,within a few hours
"Luxury apt w/ sauna & deck | by airport, downtown",Jacob F,East Boston,Entire home/apt,271,7,151,2.67,1,178,52,2.0,2,100,4.87,within an hour
Large Loft Steps From Boston Common | Short Stays,Sean,Downtown,Entire home/apt,513,1,331,5.79,46,65,79,2.0,3,100,4.61,within an hour
Luxury Furnished Loft near Park Street Station,Sean,Downtown,Entire home/apt,399,1,288,5.03,46,76,64,1.0,2,100,4.58,within an hour
Downtown Luxury | Students Welcome | W/D in unit,Sean,Downtown,Entire home/apt,641,2,276,4.81,46,76,59,2.0,4,100,4.61,within an hour
Tribeca chic | 2 BR w/private patio,Philip,East Boston,Entire home/apt,246,2,222,3.92,2,62,38,1.5,2,100,4.79,within an hour
Luxury Loft | Boston Common | Monthly Discount,Sean,Downtown,Entire home/apt,623,1,331,5.77,46,65,95,2.0,3,100,4.55,within an hour
Travelers Choice Award GreenTurtle Houseboat Ste 2,Karen,Charlestown,Entire home/apt,319,1,14,0.25,3,330,1,1.0,1,100,4.71,within an hour
Beautiful Two Bedroom near Prudential Center,Furnished Quarters,Fenway,Entire home/apt,275,32,0,0.0,44,165,0,2.0,2,100,4.7,within an hour
Stunning 1 Bedroom in Luxury High Rise with Views,Furnished Quarters,Fenway,Entire home/apt,263,32,0,0.0,44,311,0,1.0,1,100,4.7,within an hour
Luxury 4 Bdrm Penthouse Brownstone Duplex,Susan,Fenway,Entire home/apt,1086,4,47,0.85,3,223,11,2.5,4,100,4.94,within a few hours
"Monthly Discounts -Fully Furnished 4br, 2ba Loft",Sean,Downtown,Entire home/apt,848,1,262,4.59,46,85,32,2.0,4,100,4.63,within an hour
Keyless Entry | Laundry in Unit | Pet Friendly,Sean,Downtown,Entire home/apt,573,1,317,5.53,46,85,50,1.0,2,100,4.51,within an hour
Centrally Located Luxurious Loft | Walk Anywhere!,Sean,Downtown,Entire home/apt,409,1,252,4.4,46,75,56,2.0,4,100,4.62,within an hour
"Monthly Discounts - Furnished Luxury 3br, 2ba Loft",Sean,Downtown,Entire home/apt,538,1,274,4.81,46,73,80,2.0,3,100,4.59,within an hour
Pet Friendly | Downtown Boston | Elevator + W/D,Sean,Downtown,Entire home/apt,348,1,244,4.26,46,87,50,1.0,2,100,4.48,within an hour
Private room  near T-Station,Ling,Roslindale,Private room,35,29,9,0.18,3,87,2,1.0,1,100,4.33,within an hour
Modern JP Townhouse w Parking - quiet & convenient,Cynthia Kay,Jamaica Plain,Entire home/apt,158,1,94,1.7,1,126,20,1.0,1,100,4.68,within an hour
Spacious room with private living room near T,Ling,Roslindale,Private room,50,29,5,0.09,3,310,0,1.0,1,100,4.8,within an hour
Lavishly Designed Home | With Office | Close to T,Sean,Downtown,Entire home/apt,561,1,243,4.24,46,79,41,2.0,4,100,4.59,within an hour
200mbps speeds - Laundry - Discounted Long Stays,Sean,Downtown,Entire home/apt,458,1,292,5.1,46,70,49,1.0,2,100,4.53,within an hour
"Blueground | Symphony, doorman, nr t stop & mfa",Blueground,Fenway,Entire home/apt,269,32,1,0.04,369,35,0,1.0,1,99,4.0,within an hour
"Blueground | Symphony, doorman, nr mfa",Blueground,Fenway,Entire home/apt,332,32,2,0.11,369,184,0,1.0,1,99,3.5,within an hour
"Blueground | W. End, gym, nr mgh & t stop",Blueground,West End,Entire home/apt,234,32,0,0.0,369,22,0,1.0,1,99,4.7,within an hour
"Beautiful 1 Bed, Adjacent to Rose Kennedy Greenway",Furnished Quarters,Leather District,Entire home/apt,235,32,0,0.0,44,346,0,1.0,1,100,4.7,within an hour
Stylish 1 Bedroom near Boston Harbor,Furnished Quarters,Leather District,Entire home/apt,235,32,0,0.0,44,327,0,1.0,1,100,4.7,within an hour
Luxury 1 Bedroom in Boston Financial District,Furnished Quarters,Chinatown,Entire home/apt,212,32,0,0.0,44,359,0,1.0,1,100,4.7,within an hour
1 Bedroom near Rose Kennedy Greenway,Furnished Quarters,Downtown,Entire home/apt,215,32,0,0.0,44,359,0,1.0,1,100,4.7,within an hour
Jeffries Point Studio | Pool & Gym | by GLS,Global Luxury Suites,East Boston,Entire home/apt,228,1,5,0.09,30,359,0,1.0,0,95,4.0,within an hour
Studio w Kitchen + W/D | Waterfront | East Boston,Global Luxury Suites,East Boston,Entire home/apt,228,1,4,0.07,30,359,0,1.0,0,95,3.75,within an hour
DT Boston & Harbor View | 1BR w/ Yoga & Gym,Global Luxury Suites,East Boston,Entire home/apt,247,1,7,0.12,30,313,0,1.0,1,95,4.14,within an hour
Modern 1 Bedroom Downtown! Long-term Special!,Amir Alex,North End,Entire home/apt,146,29,17,0.31,1,231,4,1.0,1,100,4.65,within a few hours
Pvt. Bedroom & Bath | Co-Live by Thatch™ | 33 #1E,Thatch,Roxbury,Private room,70,45,2,0.07,57,300,0,1.5,1,100,3.0,within an hour
"Luxe Boston 2 bdrm w/ parking, WiFi, BBQ & laundry",Molly,Jamaica Plain,Entire home/apt,297,2,73,1.55,1,179,12,1.0,2,100,4.67,within an hour
High-end Two Bedroom in Seaport,Furnished Quarters,South Boston Waterfront,Entire home/apt,295,32,0,0.0,44,346,0,2.0,2,100,4.7,within an hour
Steps to Harbor | Washer/Dryer | Kitchen+WiFi,Global Luxury Suites,East Boston,Entire home/apt,228,1,10,0.18,30,359,0,1.0,0,95,4.0,within an hour
Beautiful Studio | Logan Airport | Pool | Gym,Churchill,East Boston,Entire home/apt,213,1,3,0.08,7,362,1,1.0,0,90,4.67,within an hour
Spacious Studio | Kitchen+ W/D | Gym+ Pool,Churchill,East Boston,Entire home/apt,213,1,4,0.09,7,362,3,1.0,0,90,3.75,within an hour
Waterfront Studio | W/D | Pool & Gym | East Boston,Global Luxury Suites,East Boston,Entire home/apt,228,1,41,0.73,30,359,1,1.0,0,95,4.05,within an hour
Modern Studio | Pool & Gym | Parking | Boston Pier,Global Luxury Suites,East Boston,Entire home/apt,228,1,24,0.43,30,359,1,1.0,0,95,4.0,within an hour
Modern & Clean Studio Apt | Pool & Gym | Boston,Global Luxury Suites,East Boston,Entire home/apt,213,1,8,0.17,30,362,0,1.0,0,95,3.88,within an hour
Waterfront Studio | Indoor Pool | Gym,Global Luxury Suites,East Boston,Entire home/apt,169,1,56,1.03,30,362,2,1.0,0,95,4.21,within an hour
Pvt. Bedroom & Bath | Co-Live by Thatch™ | 31 #1B,Thatch,Roxbury,Private room,59,30,9,0.21,57,272,6,1.5,1,100,4.22,within an hour
Boston One Bedroom with Fenway Park Views,Furnished Quarters,Fenway,Entire home/apt,245,32,2,0.06,44,313,1,1.0,1,100,4.0,within an hour
Modern 1 Bedroom in Fenway Cultural District,Furnished Quarters,Fenway,Entire home/apt,245,32,1,0.09,44,326,1,1.0,1,100,4.0,within an hour
1 Bedroom Near Fenway Park in Luxury Building,Furnished Quarters,Fenway,Entire home/apt,225,32,0,0.0,44,359,0,1.0,1,100,4.7,within an hour
A place that speaks on your behalf,Niki,Roxbury,Private room,70,91,0,0.0,1,365,0,1.0,1,100,4.7,Unknown
Contemporary 1 Bedroom in Fenway Cultural District,Furnished Quarters,Fenway,Entire home/apt,195,32,0,0.0,44,359,0,1.0,1,100,4.7,within an hour
"Studio w/ Parking Near MGH, TD Garden & Waterfront",Jodie,North End,Entire home/apt,133,3,20,2.22,20,343,20,1.0,0,95,4.8,within an hour
Luxury One Bedroom Near Fenway Park with Rooftop,Furnished Quarters,Fenway,Entire home/apt,245,32,1,0.14,44,311,1,1.0,1,100,5.0,within an hour
Boston Maison near JFK/UMASS,Taibou,Dorchester,Private room,128,30,4,0.28,3,192,3,1.0,1,100,4.0,within an hour
Harborside Inn-Boutique Hotel,Mark,Downtown,Private room,419,1,140,2.83,1,257,42,1.0,1,100,4.67,within an hour
Pvt. Bedroom & Bath | Co-Live by Thatch™ | 33 #1D,Thatch,Roxbury,Private room,58,30,3,0.09,57,359,1,1.5,1,100,4.67,within an hour
In the heart of Jamaica Plain near Longwood,Ita,Jamaica Plain,Entire home/apt,243,4,74,1.41,1,260,21,1.0,1,100,4.62,within an hour
Stylish One Bedroom in Fenway-Kenmore Neighborhood,Furnished Quarters,Fenway,Entire home/apt,245,32,0,0.0,44,339,0,1.0,1,100,4.7,within an hour
Contemporary One Bedroom in Historic West End,Furnished Quarters,West End,Entire home/apt,230,32,0,0.0,44,325,0,1.0,1,100,4.7,within an hour
Spacious One Bed Apartment in Historic West End,Furnished Quarters,West End,Entire home/apt,225,32,0,0.0,44,354,0,1.0,1,100,4.7,within an hour
"Renovated Studio, steps to MGH, Suffolk",STARS Of,West End,Entire home/apt,240,29,1,0.04,11,296,0,1.0,0,100,5.0,within an hour
One-Bedroom in Back Bay with Boston Skyline Views,Furnished Quarters,Fenway,Entire home/apt,215,32,1,0.04,44,359,0,1.0,1,100,3.0,within an hour
"2 bed, in unit laundry, Boston College, balcony.",Kama,Brighton,Entire home/apt,221,30,17,0.41,39,243,0,1.0,2,99,4.71,within an hour
Spacious 4bed Loft | Downtown Boston | Beacon Hill,Sean,Downtown,Entire home/apt,733,1,282,5.26,46,60,72,2.0,4,100,4.65,within an hour
Washer/Dryer in-unit!  Close to MGH & Beacon Hill,Sean,Downtown,Entire home/apt,441,1,264,4.82,46,69,61,1.0,2,100,4.63,within an hour
Designer Lux 4bed Loft | Steps to the State House,Sean,Downtown,Entire home/apt,705,1,298,5.51,46,70,48,2.0,4,100,4.61,within an hour
Pet Friendly |  3bd 2ba Flat steps to Beacon Hill,Sean,Downtown,Entire home/apt,514,1,343,6.29,46,63,80,2.0,3,100,4.62,within an hour
4br/2ba | 200mbps Internet | Luxury Keyless Entry,Sean,Downtown,Entire home/apt,674,1,247,4.93,46,68,67,2.0,4,100,4.7,within an hour
4bed Loft | Steps to Boston Common + Beacon Hill,Sean,Downtown,Entire home/apt,582,1,257,4.7,46,71,53,2.0,4,100,4.6,within an hour
"Parking Available-Fully Furnished 4br, 2ba-Hami509",Sean,Downtown,Entire home/apt,502,1,300,5.65,46,62,63,2.0,4,100,4.63,within an hour
Just Perfect Studio For Your Next Stay,Edmund,Downtown,Entire home/apt,133,2,89,1.81,5,115,9,1.0,0,100,4.29,within an hour
Stay Tonight In Boston's Downtown!,Edmund,Downtown,Entire home/apt,143,2,119,2.17,5,98,14,1.0,1,100,4.45,within an hour
One Bedroom Apartment In Luxury Boston High Rise,Furnished Quarters,Downtown,Entire home/apt,269,32,2,0.04,44,313,0,1.0,1,100,4.5,within an hour
"Blueground | Brighton, w/d, gym, nr t & shops",Blueground,Brighton,Entire home/apt,241,32,1,0.03,369,262,0,1.0,1,99,3.0,within an hour
"Blueground | Brighton, w/d, doorman, nr t & dining",Blueground,Brighton,Entire home/apt,240,32,0,0.0,369,357,0,1.0,1,99,4.7,within an hour
"Blueground | Brighton, w/d, doorman, nr t & shops",Blueground,Brighton,Entire home/apt,257,32,0,0.0,369,292,0,1.0,1,99,4.7,within an hour
Charming 2br in hip neighborhood w Private Deck,Anthony,Roslindale,Entire home/apt,124,29,9,0.17,2,336,0,1.0,2,60,4.56,within a day
Charlestown Furnished  1 bedroom Apartment M465,Marie,Charlestown,Entire home/apt,279,3,17,0.39,6,88,6,1.0,1,100,4.82,within a few hours
IV New apartment with Luxury amenities in Boston,Jean- Luc,Dorchester,Entire home/apt,112,31,84,1.62,5,129,1,1.0,2,100,4.65,within a few hours
Updated 1-Bed - near Harvard w/ pkg and laundry!,Holden,Allston,Entire home/apt,157,3,10,0.18,1,23,8,1.0,1,100,4.6,within a day
"Simple Studio -Walk to MGH, Beacon Hill, North End",Sean,Downtown,Entire home/apt,185,1,250,4.67,54,327,35,1.0,0,100,4.55,within an hour
Bright + Clean Studio Loft in Downtown Boston!,Sean,Downtown,Entire home/apt,224,1,201,3.89,54,266,29,1.0,0,100,4.52,within an hour
Downtown Studio | Students Welcome,Sean,Downtown,Entire home/apt,192,1,205,3.95,54,191,30,1.0,0,100,4.46,within an hour
Boston Fidi Studio  Laundry in Building  Fast Wifi,Sean,Downtown,Entire home/apt,207,1,276,5.14,54,219,37,1.0,0,100,4.66,within an hour
Prime Location | Beacon Hill & Financial District,Sean,Downtown,Entire home/apt,255,1,206,3.89,54,215,28,1.0,0,100,4.62,within an hour
Downtown Loft | Walk Anywhere | Ideal for Nurses!,Sean,Downtown,Entire home/apt,247,1,202,3.98,54,269,28,1.0,1,100,4.53,within an hour
Luxury at a Discount!!  2br/2ba | 200mbps Internet,Sean,Downtown,Entire home/apt,390,1,233,4.63,54,204,46,2.0,2,100,4.57,within an hour
Downtown Luxury Studio | Pets Welcome | WD in Bldg,Sean,Downtown,Entire home/apt,222,1,173,3.48,54,242,13,1.0,1,100,4.48,within an hour
Modern Smart 1Bdr Private Entry Historic South End,Stephanie,South End,Entire home/apt,199,29,15,0.32,2,214,6,1.0,1,100,4.87,within an hour
Sunny Southie Modern 2 Bedroom with Deck,Anda,South Boston,Entire home/apt,312,2,38,0.76,1,122,18,1.0,2,100,4.82,within an hour
Bright & Bold Loft | Fast Wifi | Downtown Boston,Sean,Downtown,Entire home/apt,245,1,182,3.44,54,248,31,1.0,1,100,4.37,within an hour
Downtown Boston | Nurses Welcome | W/D in bldg,Sean,Downtown,Entire home/apt,255,1,228,4.28,54,266,36,1.0,1,100,4.55,within an hour
Beautiful Studio | Close to Everything | Fast Wifi,Sean,Downtown,Entire home/apt,230,1,201,3.84,54,246,42,1.0,0,100,4.46,within an hour
Cozy home away from home in historic Boston,Ellana N,Roxbury,Entire home/apt,99,29,166,3.09,1,226,0,1.0,1,100,4.67,within an hour
Simple 1br |  Financial District | Keyless Entry,Sean,Downtown,Entire home/apt,195,1,209,3.95,54,244,38,1.0,1,100,4.52,within an hour
"Downtown Central Studio w Fast WIFI, Keyless Entry",Sean,Downtown,Entire home/apt,191,1,206,4.07,54,330,50,1.0,0,100,4.37,within an hour
Top level great views mins to MBTA!,Kevin M,Dorchester,Entire home/apt,486,29,86,1.62,4,155,0,2.0,4,100,4.66,within an hour
"Blueground | Back Bay, roofdeck, nr commons",Blueground,Back Bay,Entire home/apt,268,32,1,0.02,369,92,0,1.0,0,99,5.0,within an hour
Cosy Room in Back Bay and Beacon Hill (MGH/Tufts),Sophia,Beacon Hill,Private room,111,29,8,0.16,2,117,1,1.0,1,100,4.13,within a few hours
Luxury Condo in Boston w/ backyard & parking,Cusaj,East Boston,Entire home/apt,176,2,148,5.01,1,34,64,1.0,2,100,4.78,within a few hours
"Lovely space near Stony Brook sta., Jamaica Plain",Maria,Jamaica Plain,Private room,131,1,15,0.34,2,35,5,1.0,1,100,4.8,within an hour
Mins to Seaport/Downtown. Pvt bath & Entrance,Lindsay,South Boston,Entire home/apt,74,29,83,1.55,3,0,0,1.0,0,100,4.72,within an hour
Boston Best with Parking - GREAT reviews,Juliana,East Boston,Entire home/apt,361,2,177,3.42,1,209,29,1.5,4,100,4.85,Unknown
Swanky unit Convenient to Downtown nr Restaurants,Evans,Dorchester,Entire home/apt,128,1,291,5.53,3,23,67,1.0,1,97,4.81,within an hour
1BR Apartment | Patio | Full-Kitchen,Javier,South End,Entire home/apt,663,29,72,1.38,3,365,3,1.5,1,100,4.75,within an hour
Center of Boston Studio Pet Friendly | Laundry,Sean,Downtown,Entire home/apt,234,1,218,4.15,54,253,47,1.0,0,100,4.55,within an hour
Bedroom with 2 Full Size Beds,Evan,Hyde Park,Private room,51,1,5,0.31,2,261,0,1.0,1,100,4.2,Unknown
Furnished Studio by Thatch™ | Highland Ave,Thatch,Roxbury,Entire home/apt,111,32,10,0.23,57,154,3,1.0,1,100,4.5,within an hour
Modern/Luxury | Steps from Zoo & Golf Course,Diana Perez,Roxbury,Entire home/apt,427,2,207,4.08,1,216,40,2.0,4,100,4.87,within an hour
North End 1 BR Gem in Little Italy,Jason,North End,Entire home/apt,196,29,83,1.57,18,86,1,1.0,1,100,4.83,within an hour
"Luxury 2 Bed, 2Bath apartment in Back Bay/Fenway!",Sean,Fenway,Entire home/apt,487,1,280,5.39,70,50,47,2.5,2,100,4.61,within an hour
Fully Furnished 2br/2ba Loft in Downtown Boston,Sean,Downtown,Entire home/apt,368,2,223,4.33,70,51,48,2.0,2,100,4.6,within an hour
Designer Inspired | Keyless Entry | Financial Dist,Sean,Downtown,Entire home/apt,384,2,240,4.58,70,61,38,2.0,2,100,4.6,within an hour
"Blueground | Longwood, nr t & multiple schools",Blueground,Mission Hill,Entire home/apt,252,32,1,0.04,369,293,0,1.0,1,99,3.0,within an hour
"(I) Cozy Room Near Harvard, MIT, BU & prime diners",Wendy,Allston,Private room,63,91,5,0.12,9,213,2,2.0,1,90,4.6,within a few hours
3 Bdrm 2BA Apt Quiet Spotless Parking Top Location,Victoria,Bay Village,Entire home/apt,507,2,181,3.44,2,68,36,2.0,3,100,4.64,within an hour
Boston’s best! Free parking! Stylish 2 bdrm apt,Jason,Hyde Park,Entire home/apt,230,1,57,1.1,1,191,6,1.0,2,100,4.51,within an hour
Spacious Suite in a quiet Boston neighborhood.,Natalie,Brighton,Private room,132,1,81,1.59,8,218,21,1.0,1,100,4.83,within an hour
Stylish Studio in Downtown Boston!,TemplePlace,Downtown,Entire home/apt,180,2,112,2.17,7,84,32,1.0,1,100,4.29,within an hour
Cozy Double Room in a quiet Boston neighborhood,Natalie,Brighton,Private room,117,1,66,1.27,8,261,13,1.0,1,100,4.74,within an hour
Cape Cod style bedroom in a quiet Boston area,Natalie,Brighton,Private room,113,1,65,1.27,8,244,13,1.0,1,100,4.91,within an hour
"Downtown Dream Studio, Come Travel Again!",TemplePlace,Downtown,Entire home/apt,142,2,60,1.21,7,88,12,1.0,0,100,4.28,within an hour
"Downtown Crossing, Large Lofted Condo, Location!",Elliott And Layla,Downtown,Entire home/apt,804,3,107,2.07,1,0,22,2.0,2,100,4.57,Unknown
"UNION PARK, South End - sunny, historic 2B/2B",Wendy,South End,Entire home/apt,276,30,18,0.73,3,216,0,2.0,2,100,5.0,within an hour
"Large 1+bed in historic Charlestown, Boston!",Jennifer,Charlestown,Entire home/apt,203,4,128,2.64,1,245,32,1.0,1,100,4.9,within an hour
"Long OR Short Term Stays, Affordable Boston Stay",Edmund,Downtown,Private room,111,1,364,7.27,5,349,33,1.0,1,100,4.26,within an hour
1BR in Downtown Boston| Walk Anywhere!,Sean,Downtown,Entire home/apt,239,1,230,4.43,70,70,35,1.0,1,100,4.61,within an hour
"Blueground | Back Bay, nr newbury st & esplanade",Blueground,Back Bay,Entire home/apt,311,32,0,0.0,369,208,0,1.0,2,99,4.7,within an hour
Boston - 3 Bedrooms Patio Full-Kitchen,Javier,South End,Entire home/apt,950,29,41,0.8,3,365,3,1.5,3,100,4.49,within an hour
3BR JFK/UMASS redline T+parking,Karolina,Dorchester,Entire home/apt,220,3,171,3.81,1,227,36,1.0,3,100,4.73,within an hour
"2BR Near Transit, Shops, Arboretum + Free Parking",Georgia,Roslindale,Entire home/apt,245,3,104,2.09,1,94,13,1.5,2,100,4.9,within an hour
"Blueground | S. End, pool, nr art gallery & t",Blueground,Roxbury,Entire home/apt,268,32,0,0.0,369,201,0,1.0,1,99,4.7,within an hour
"Blueground | S. End, pool, nr art gallery & t",Blueground,Roxbury,Entire home/apt,293,32,1,0.04,369,355,0,1.0,0,99,3.0,within an hour
"Blueground | S. End, pool, nr art gallery & t",Blueground,Roxbury,Entire home/apt,177,32,0,0.0,369,365,0,1.0,0,99,4.7,within an hour
Lux Downtown Flat - Large Open Layout - Fast Wifi,Sean,Downtown,Entire home/apt,406,2,269,5.23,70,36,52,2.0,2,100,4.58,within an hour
Beautiful 1BR on Top Floor in Downtown Boston,Sean,Downtown,Entire home/apt,232,1,225,4.53,70,62,32,1.0,1,100,4.61,within an hour
Elegant 2BD/2BA furnished apartment in FiDi,Sean,Downtown,Entire home/apt,472,2,254,4.91,70,65,59,2.0,2,100,4.6,within an hour
Airy 2br Apt Downtown Boston - Smart Lock Entry,Sean,Downtown,Entire home/apt,404,2,241,4.66,70,37,67,1.5,2,100,4.44,within an hour
Charming 1BR Flat Downtown Boston | Walk Anywhere,Sean,Downtown,Entire home/apt,193,1,238,4.73,70,51,53,1.0,1,100,4.59,within an hour
Apartment 1BR mins from JFK/UMASS on Red Line,Ewa,Dorchester,Entire home/apt,139,1,377,7.32,2,228,94,1.0,1,100,4.82,within an hour
Comfy Oasis,Evon,Mattapan,Entire home/apt,515,3,64,1.25,5,351,12,2.0,4,100,4.84,within an hour
"Longterm Boston2b1b,Easy transit,on-site parking",Tinevimbo,Roslindale,Entire home/apt,155,14,82,1.59,2,196,18,1.0,2,100,4.77,within an hour
Beautiful 1BR near Fenway Park + Kenmore!,Sean,Fenway,Entire home/apt,235,1,199,3.88,70,58,39,1.0,1,100,4.47,within an hour
GREAT LOCATION! Modern 2 BD and 2 BA w/Parking!,Gary,South Boston Waterfront,Entire home/apt,262,29,121,2.36,1,301,22,2.0,2,100,4.78,Unknown
Romantic Getaway on the roof - parking/Airport,Ella,East Boston,Entire home/apt,221,2,211,4.08,6,109,35,1.0,2,100,4.74,within an hour
2BR Apartment | Patio | Boston Medical Center,Javier,South End,Entire home/apt,699,29,53,1.04,3,365,4,1.5,2,100,4.4,within an hour
Luxury pet-friendly 2 bed by beautiful park!,Jay,Jamaica Plain,Entire home/apt,142,2,23,0.45,22,233,8,1.0,2,100,4.04,within an hour
"The Nook, 15m T to downtown,Walk to Airport/Subway",Totana,East Boston,Private room,80,1,527,10.29,3,65,99,1.0,1,100,4.72,within an hour
Zakim-Walk to Airport/Subway-15min to downtown,Totana,East Boston,Private room,91,1,440,8.56,3,74,83,1.0,1,100,4.75,within an hour
"Family Friendly City Oasis! Free Parking, King Bed",John Forrest Jr,South Boston,Entire home/apt,472,2,180,3.77,1,285,47,2.5,3,100,4.86,within an hour
Luxury at a Discount | 3br/2ba | 200mbps Internet,Sean,Downtown,Entire home/apt,480,1,272,5.43,46,79,69,2.0,3,100,4.62,within an hour
Centralized Downtown Location | On-site Parking,Sean,Downtown,Entire home/apt,443,1,303,5.96,46,74,60,1.0,2,100,4.58,within an hour
230B3.1 | The Mayhew Redline | w/AC & WD | Room #1,Lance,Dorchester,Private room,70,29,2,0.34,58,352,2,1.0,1,87,4.5,within a few hours
230B3.2 | The Mayhew Redline | w/AC & WD | Room #2,Lance,Dorchester,Private room,64,30,5,0.11,58,123,2,1.0,2,87,4.6,within a few hours
Boston Common Loft w/ in-unit washer dryer,Sean,Downtown,Entire home/apt,302,1,255,5.02,46,89,60,1.0,2,100,4.47,within an hour
Perfect Location | Boston Common | Park St Station,Sean,Downtown,Entire home/apt,391,1,308,6.03,46,85,61,1.0,2,100,4.55,within an hour
Spacious Two-Bedroom Across From Fenway Park,Furnished Quarters,Fenway,Entire home/apt,345,32,0,0.0,44,304,0,2.0,2,100,4.7,within an hour
"Simple 1BR w/ 99 WalkScore, Fast Wifi + SmartLock",Sean,Downtown,Entire home/apt,264,5,217,4.36,70,229,43,1.0,1,100,4.42,within an hour
LargeDuplex10Beds w/prkg near Downton,Maria F,Dorchester,Entire home/apt,446,2,116,2.26,1,274,21,2.0,5,100,4.84,within an hour
"Blueground | South Boston, gym, nr lawn on d",Blueground,South Boston,Entire home/apt,254,32,1,0.03,369,305,0,1.0,1,99,1.0,within an hour
"Blueground | S. Boston, gym, w/d, nr seaport",Blueground,South Boston,Entire home/apt,275,32,1,0.03,369,232,0,1.0,1,99,5.0,within an hour
"Blueground | S. Boston, gym, w/d, nr seaport",Blueground,South Boston,Entire home/apt,256,32,0,0.0,369,339,0,1.0,1,99,4.7,within an hour
Artistic Room,Manuela,Roxbury,Private room,95,29,51,1.03,3,124,0,2.0,1,80,4.18,within an hour
#4 CLEAN COMFY & COZY GLORY GUEST SUITE,Maria,Dorchester,Entire home/apt,190,1,48,1.04,1,365,12,1.0,1,80,4.81,within an hour
Entire Apt near Bos Univ/Bos College Free Parking,Timothy,Allston,Entire home/apt,356,3,184,3.6,2,54,47,1.0,2,100,4.84,within an hour
"6 Room, 2+ Bedroom: Sunny Quintessential Boston",Janice,Roslindale,Entire home/apt,206,29,7,0.15,2,364,1,1.0,3,100,4.43,within a day
Beacon Hills Studio next to State house,Huanan,Beacon Hill,Entire home/apt,195,1,394,8.03,2,182,72,1.0,1,98,4.76,within an hour
"LTR *NEW Listing* A True GEM in South End, Boston!",Santo,South End,Entire home/apt,215,29,0,0.0,2,318,0,1.0,1,100,4.7,within an hour
Newly Reno condo 1st floor mins to public trans T,Kevin M,Dorchester,Entire home/apt,504,3,87,1.7,4,158,11,2.0,4,100,4.59,within an hour
"Sparkling Clean, HOME away from home!",Camille,Mattapan,Entire home/apt,320,3,20,0.51,3,314,3,1.0,3,100,4.65,within an hour
Cozy spacious 2nd level condo walk to public tran,Kevin M,Dorchester,Entire home/apt,497,3,79,1.56,4,147,10,2.0,4,100,4.7,within an hour
Cozy 1 Bedroom in the Heart of Boston!,Lavette Lorraine,Roxbury,Entire home/apt,158,1,35,1.96,1,100,25,1.0,1,83,4.71,within a few hours
Beautiful 1BR 1BA close to Boston Downtown,Nova,Brighton,Entire home/apt,130,29,0,0.0,4,35,0,1.0,1,100,4.7,within an hour
Tasteful & Luminous Refuge | Near T,Daniel,Roxbury,Entire home/apt,197,29,9,0.2,1,346,0,2.5,3,100,4.56,within an hour
"Long Stays For One, Desk, Wifi, Central Location",Bv,Bay Village,Private room,80,1,60,1.61,13,150,28,1.0,1,100,4.35,within an hour
"1 Bedroom in Back Bay, Boston's Best Neighborhood",Furnished Quarters,Back Bay,Entire home/apt,230,32,0,0.0,44,311,0,0.0,1,100,4.7,within an hour
Cozy Cabin room in a quiet Boston area,Natalie,Brighton,Private room,81,3,79,1.6,8,220,17,2.0,1,100,4.89,within an hour
Azurite colors room in a quiet Boston area,Natalie,Brighton,Private room,77,3,98,1.97,8,244,30,2.0,1,100,4.83,within an hour
"(F21) Fenway! Highly Rated, Best Location! Clean!",Paige,Fenway,Entire home/apt,222,2,224,4.44,60,223,46,1.0,1,100,4.66,within an hour
Serviced 1 Bedroom Across From Fenway Park,Furnished Quarters,Fenway,Entire home/apt,245,32,2,0.08,44,304,0,1.0,1,100,4.0,within an hour
"Spacious One Bedroom, Steps from Fenway Park",Furnished Quarters,Fenway,Entire home/apt,245,32,0,0.0,44,297,0,1.0,1,100,4.7,within an hour
private room in a 1 family home.,Francis Edward JR,Brighton,Private room,133,1,172,3.42,1,364,20,1.0,1,75,4.8,within a day
New York style bedboom in a quietBoston area,Natalie,Brighton,Private room,81,2,33,0.7,8,216,10,2.0,1,100,4.52,within an hour
Bay Village Charm | 99 WalkScore | Short/Long Stay,Sean,Downtown,Entire home/apt,195,1,190,3.82,70,223,48,1.0,1,100,4.61,within an hour
"Comfy 1br, Minutes to Boston Common, 99 Walk score",Sean,Downtown,Entire home/apt,287,5,202,4.23,70,265,47,1.0,1,100,4.57,within an hour
Simple 1BR steps to Boston Common and South End!,Sean,Bay Village,Entire home/apt,254,1,204,4.15,70,233,44,1.0,1,100,4.55,within an hour
"1st floor, free parking off street, 3 min to train",Glenn,Dorchester,Entire home/apt,180,4,140,3.05,1,207,31,1.0,1,100,4.87,within an hour
1 mile to Downtown Boston Cozy Studio Apartment,Nick,Roxbury,Entire home/apt,167,29,69,1.42,4,83,0,1.0,1,100,4.28,within a day
"European, rustic 3 bed/2bath-5 miles to Copley Sq",Irida,West Roxbury,Entire home/apt,248,1,86,1.73,1,280,9,1.0,3,100,4.74,within an hour
Fort Hill Inn Uber Cool!  **Modern City Triplex**,Terry,Roxbury,Entire home/apt,364,3,26,0.56,11,98,9,2.0,4,100,4.92,within an hour
Oversized  Furnished Brownstone Studio in Back Bay,Kama,Back Bay,Entire home/apt,208,30,3,0.12,39,183,0,1.0,0,99,4.67,within an hour
*Fort Hill Inn  *Sunny* Updated Historic Beauty!,Terry,Roxbury,Entire home/apt,293,3,80,1.66,11,131,22,1.5,3,100,4.84,within an hour
"Fort Hill Inn, Excellent  Mid Modern nice details!",Terry,Roxbury,Entire home/apt,198,3,76,1.53,11,89,26,1.0,1,100,4.62,within an hour
Fort Hill Inn Private Guest room/ private Bath #3,Terry,Roxbury,Entire home/apt,135,3,73,1.5,11,103,21,1.0,1,100,4.71,within an hour
"Fort Hill Inn  1 Bedroom Duplex,  *Sunny Condo*",Terry,Roxbury,Entire home/apt,171,3,73,1.47,11,93,14,1.0,1,100,4.62,within an hour
Guest Suite - private bathroom and roof deck,Yisheng,South Boston,Private room,210,1,306,6.33,1,213,63,1.0,1,100,4.91,within an hour
"Blueground | Brighton, w/d, nr dining & shops",Blueground,Brighton,Entire home/apt,227,32,0,0.0,369,19,0,1.0,2,99,4.7,within an hour
All included. Comfy quiet room.,Firlian,Roxbury,Private room,37,30,12,0.25,5,101,6,1.0,1,100,5.0,within a few hours
"Brighton, Queen bed/private bth, park free",Bernadette M,Brighton,Private room,115,2,86,2.6,2,23,31,1.0,1,100,4.88,within an hour
"Swanky Unit w Cntrl air, mins 2 city Modrn Top flr",Evans,Dorchester,Entire home/apt,165,1,176,5.16,3,76,47,1.0,2,97,4.73,within an hour
Renovated Listing (2 Rooms)!!,Natalia,Dorchester,Private room,237,1,27,0.55,7,230,5,2.0,2,100,4.48,within an hour
Renovated apartment just minutes from the T!,Natalia,Dorchester,Entire home/apt,475,2,43,0.88,7,349,7,2.0,4,100,4.72,within an hour
Newly Renovated Double Room!,Natalia,Dorchester,Private room,120,1,51,1.04,7,266,13,2.0,1,100,4.65,within an hour
Cozy Room on Top Floor!,Natalia,Dorchester,Private room,120,1,17,0.38,7,271,8,2.0,1,100,4.82,within an hour
Spacious & newly renovated private room!,Natalia,Dorchester,Private room,119,1,24,0.52,7,239,3,1.0,1,100,4.58,within an hour
Comfy renovated room in spacious apartment!,Natalia,Dorchester,Private room,119,1,28,0.6,7,270,2,2.0,1,100,4.68,within an hour
Perfectly Renovated Home w/ Private Outdoor Oasis,Andrea,South Boston,Entire home/apt,527,2,119,2.64,3,229,40,2.0,2,100,4.78,within an hour
Cozy 2-Bedroom in Heart of Southie,Andrea,South Boston,Entire home/apt,278,2,92,2.04,3,234,32,1.0,2,100,4.82,within an hour
"Blueground | Back Bay, near prudential center",Blueground,Back Bay,Entire home/apt,400,32,1,0.03,369,0,0,2.0,2,99,4.0,within an hour
4-Bedroom/3 Bath Home with gorgeous deck,Andrea,South Boston,Entire home/apt,1312,2,72,1.65,3,321,17,3.0,4,100,4.78,within an hour
Close to Airport Studio | Kitchen + Pool/Gym,Global Luxury Suites,East Boston,Entire home/apt,213,1,1,0.02,30,362,0,1.0,0,95,4.0,within an hour
Studio Near Blue Line Metro and Logan Airport,Global Luxury Suites,East Boston,Entire home/apt,194,1,37,0.95,30,359,35,1.0,0,95,4.41,within an hour
Chic Studio | Gym | Close to Logan Intl. Airport,Global Luxury Suites,East Boston,Entire home/apt,228,1,42,0.88,30,359,8,1.0,0,95,4.19,within an hour
Lavish 3br In Downtown | Keyless Entry,Sean,Downtown,Entire home/apt,646,30,295,6.06,46,66,85,2.0,3,100,4.57,within an hour
1br in Heart of Theater District | Walk Anywhere!,Sean,Downtown,Entire home/apt,249,30,228,4.73,70,173,51,1.0,1,100,4.58,within an hour
Delightful North End Apt - 2br 2BA w/ Laundry! #,Sean,North End,Entire home/apt,372,2,216,4.41,70,26,7,2.0,2,100,4.51,within an hour
CITY APARTMENT NEAR AIRPORT,Jorge,East Boston,Entire home/apt,150,2,250,5.11,1,25,62,1.0,1,100,4.86,within an hour
COMO,Rene,Hyde Park,Entire home/apt,200,2,83,1.7,1,351,13,1.0,2,100,4.7,within an hour
Cozy Boston Studio - Longwood/Fenway,Cassandra And Michael,Mission Hill,Entire home/apt,164,2,183,3.81,18,191,38,1.0,0,100,4.43,within an hour
Longwood/Fenway Basement Studio,Cassandra And Michael,Mission Hill,Entire home/apt,178,2,134,2.78,18,214,24,1.0,0,100,4.4,within an hour
Spacious Basement Studio - Longwood/Fenway,Cassandra And Michael,Mission Hill,Entire home/apt,173,2,94,1.94,18,175,18,1.0,0,100,4.45,within an hour
Sunny Boston Studio - Fenway/Longwood,Cassandra And Michael,Mission Hill,Entire home/apt,151,2,139,2.88,18,269,25,1.0,0,100,4.53,within an hour
Stylish Boston Studio - Fenway/Longwood,Cassandra And Michael,Mission Hill,Entire home/apt,127,2,158,3.27,18,223,32,1.0,0,100,4.35,within an hour
2 Bedroom by Longwood Medical Hospitals,Christian,Mission Hill,Entire home/apt,166,3,90,1.86,2,323,32,1.0,2,100,4.83,within an hour
"Blueground | Back Bay, gym, nr the common",Blueground,Bay Village,Entire home/apt,338,32,1,0.05,369,279,0,1.0,1,99,3.0,within an hour
"Blueground | Back Bay, gym, nr the common",Blueground,Bay Village,Entire home/apt,347,32,0,0.0,369,9,0,1.0,1,99,4.7,within an hour
"(D) Cozy comfortable room near Harvard, MIT & BU",Wendy,Allston,Private room,77,91,2,0.07,9,235,0,2.0,1,90,4.5,within a few hours
"Blueground | N. End, balcony & rooftop",Blueground,North End,Entire home/apt,350,32,1,0.05,369,133,0,1.0,2,99,4.0,within an hour
"Entire 3 story Brownstone building, Walk to Fenway",Tadeusz,Fenway,Entire home/apt,1263,29,84,1.76,1,365,0,3.5,7,0,4.85,a few days or more
Modern 2+ Bd Harvard/BU/BC Boston Landing!,Estee,Allston,Entire home/apt,356,1,6,0.54,1,178,6,1.0,3,100,4.67,within an hour
La Casa Boheme - Upstairs Back Bedroom,Gianni,Roxbury,Private room,68,29,9,0.25,2,176,4,1.5,1,100,4.67,within a day
Airy 1BR Walkable to Everywhere in Boston | W+D,Sean,Bay Village,Entire home/apt,281,1,182,3.79,70,226,35,1.0,1,100,4.57,within an hour
"Fort Hill Inn, *Designed*  City Loft Studio Apt",Terry,Roxbury,Entire home/apt,152,3,100,2.14,5,81,37,1.0,0,100,4.79,within an hour
Boston style bedroom in a quiet Boston area,Natalie,Brighton,Private room,81,2,60,1.25,8,196,23,2.0,1,100,4.6,within an hour
Peaceful bedroom in Dorchester,Renessa,Dorchester,Private room,56,91,0,0.0,1,177,0,1.0,1,100,4.7,Unknown
Fenway Park Vintage Brownstone  (3A),Lihua,Fenway,Private room,207,1,394,8.25,7,271,100,1.0,1,100,4.91,within an hour
Overloook the Harbor at Piers Park nr Studio,Global Luxury Suites,East Boston,Entire home/apt,213,1,15,0.35,30,362,6,1.0,0,95,3.8,within an hour
Simple Studio on Beacon Hill,Lihua,Downtown,Entire home/apt,105,29,18,0.39,1,202,5,1.0,0,100,4.61,within an hour
Fenway Park Vintage Brownstone (3C),Lihua,Fenway,Private room,200,1,439,9.18,7,280,112,1.0,1,100,4.92,within an hour
Fenway Park Vintage Brownstone (4A),Lihua,Fenway,Private room,215,1,407,8.55,7,269,106,1.0,1,100,4.89,within an hour
Fenway Park Brownstone -3B (Single guest only),Lihua,Fenway,Private room,164,1,397,8.34,7,296,86,1.0,1,100,4.87,within an hour
Near Train Station Gorgeous Apartment with Patios,Juan,Dorchester,Entire home/apt,184,2,49,1.09,1,76,3,1.0,2,100,4.8,within an hour
"AL/R2 Private, simple, classic room close to BU/BC",Dan,Allston,Private room,89,29,37,0.78,8,262,0,2.0,1,100,4.59,within an hour
Chic 1 Bedroom - Longwood/Fenway,Cassandra And Michael,Mission Hill,Entire home/apt,180,2,173,3.65,18,256,35,1.0,1,100,4.47,within an hour
4BR Apt in Mattapan- 30+ Days,Mary,Mattapan,Entire home/apt,135,91,0,0.0,2,269,0,1.0,4,100,4.7,within an hour
Lovely Private Studio near Logan Airport,TuanAnh,East Boston,Entire home/apt,150,1,241,5.25,1,178,38,1.0,1,100,4.61,Unknown
Cozy and Clean Ashmont Apartment,Michaela,Dorchester,Entire home/apt,145,2,71,1.69,1,246,20,1.0,1,100,4.85,within a day
(63-2) 2BR in Beacon Hill! Close to MGH!,Paige,Beacon Hill,Entire home/apt,325,28,79,1.75,60,243,40,1.0,2,100,4.61,within an hour
Fenway Park Vintage Brownstone (4C),Lihua,Fenway,Private room,205,1,316,6.67,7,309,86,1.0,1,100,4.9,within an hour
"Comfortable house w garden and parking, close to T",Ekaterina,Brighton,Entire home/apt,211,4,185,3.91,1,92,30,2.0,4,100,4.8,within an hour
Fenway Park Brownstone-4B  (Single guest only),Lihua,Fenway,Private room,165,1,331,7.02,7,344,78,1.0,1,100,4.83,within an hour
"Blueground | Brighton, gym, nr t, shops & food",Blueground,Brighton,Entire home/apt,206,32,0,0.0,369,365,0,1.0,1,99,4.7,within an hour
"Blueground | Brighton, gym, nr t, shops & food",Blueground,Brighton,Entire home/apt,206,32,2,0.05,369,275,0,1.0,0,99,4.5,within an hour
Tranquil bedroom and private bath near Arboretum,Aurelia,Roslindale,Private room,120,1,154,3.34,1,33,39,1.0,1,100,4.94,within a few hours
South End 1800sqft 2BR Audiophile Paradise,Leslie,South End,Entire home/apt,368,2,191,6.03,1,47,58,2.5,2,100,4.83,within an hour
Downtown Boston Studio | Fast Wifi | Keyless Entry,Sean,Downtown,Entire home/apt,229,1,174,3.69,54,264,22,1.0,0,100,4.5,within an hour
Walk everywhere!   Super Location!   First Floor!,Jessy And Diego,South End,Entire home/apt,194,2,235,5.09,20,174,51,1.0,0,100,4.75,within an hour
Walk everywhere! 1 free parking spot - Location!,Jessy And Diego,South End,Entire home/apt,159,2,194,4.21,20,184,38,1.0,0,100,4.78,within an hour
Studio - 1 Free parking spot - First floor!,Jessy And Diego,Allston,Entire home/apt,156,1,189,4.1,20,279,39,1.0,0,100,4.66,within an hour
Harvard School of Business ★ 1 Free parking spot ★,Jessy And Diego,Allston,Entire home/apt,157,1,168,3.66,20,270,27,1.0,0,100,4.67,within an hour
★ 1 Free parking spot!! ★ 1BR/1Bath ★ Location ★,Jessy And Diego,Allston,Entire home/apt,135,1,168,3.68,20,179,33,1.0,1,100,4.69,within an hour
Cute and Cozy Studio!,Justin And Mandy,South End,Entire home/apt,168,1,32,0.68,15,324,0,1.0,1,100,4.38,within an hour
"""Super 3 Bedroom Apartment Near T W/ Free Parking""",Marie,Dorchester,Entire home/apt,145,30,0,0.0,27,356,0,1.0,3,100,4.7,within an hour
★ 1 Free parking spot ★ 1 bed/1 bath ★ Location! ★,Jessy And Diego,Allston,Entire home/apt,108,1,193,4.22,20,169,41,1.0,1,100,4.77,within an hour
Just Darling Studio For Long Term Stays!,Bv,Bay Village,Private room,75,3,86,2.31,13,163,45,1.0,1,100,4.09,within an hour
Hip and Chic Studio Awaits Your Stay!,Bv,South End,Entire home/apt,130,3,67,1.46,13,177,19,1.0,1,100,4.37,within an hour
"A  French Room, Super Clean",Aaron,Dorchester,Private room,97,1,163,3.48,3,257,40,1.5,1,100,4.82,within an hour
(T3) Fresh & Fun Studio in Heart of South End,Paige,South End,Entire home/apt,161,1,219,4.73,60,211,56,1.0,0,100,4.65,within an hour
"Blueground | S. End, nr t, shops & dining",Blueground,Roxbury,Entire home/apt,203,32,0,0.0,369,282,0,1.0,0,99,4.7,within an hour
"Blueground | S. End, nr t, shops & dining",Blueground,Roxbury,Entire home/apt,213,32,0,0.0,369,286,0,1.0,0,99,4.7,within an hour
Best Location Studio In Downtown Boston,Temple Place,Downtown,Entire home/apt,148,3,106,2.49,10,153,27,1.0,1,100,4.28,within an hour
"Sun-filled Unit, Elevator, Pool, Boston College",Kama,Brighton,Entire home/apt,151,29,4,0.09,39,263,0,1.0,1,99,4.75,within an hour
"Sun-filled Unit, Elevator, Pool, Boston College",STARS Of,Brighton,Entire home/apt,151,29,1,0.03,11,256,0,1.0,1,100,5.0,within an hour
"(E) Cozy bedroom near Harvard, MIT and BU",Wendy,Allston,Private room,76,91,3,0.08,9,192,0,2.0,1,90,5.0,within a few hours
Private Room in Vibrant Roxbury Co-Living APT,StayNue,Roxbury,Private room,38,29,26,0.6,32,349,7,1.5,1,92,4.0,within an hour
(412) Beacon Hill Monthly Studio w/private Patio,Paige,Beacon Hill,Entire home/apt,169,28,67,1.53,60,194,32,1.0,0,100,4.55,within an hour
"Blueground | Brighton, gym, nr t, shops & food",Blueground,Brighton,Entire home/apt,275,32,1,0.03,369,314,0,1.0,1,99,5.0,within an hour
"Blueground | Brighton, gym, nr t, shops & food",Blueground,Brighton,Entire home/apt,264,32,2,0.07,369,156,1,1.0,1,99,4.5,within an hour
G_Sunny room easy commute to Boston Downtown.,Ehab,Dorchester,Private room,56,29,147,3.19,15,164,25,1.0,1,100,4.69,within a few hours
Modern 1BR Downtown Boston-Milk301,Sean,Downtown,Entire home/apt,200,1,232,5.09,70,65,59,1.0,1,100,4.54,within an hour
Simple Private Room #585 A,Sophia,Allston,Private room,66,91,0,0.0,14,277,0,0.0,4,100,4.7,within a few hours
E_Cozy room easy commute to Boston Downtown.,Ehab,Dorchester,Private room,56,29,125,2.73,15,143,27,1.0,1,100,4.77,within a few hours
"Blueground | Back Bay, gym, nr newbury st",Blueground,Back Bay,Entire home/apt,349,32,0,0.0,369,112,0,1.0,0,99,4.7,within an hour
Lovely beacon hill 2 bed 2 bath apt in boston,Liya,Beacon Hill,Entire home/apt,115,29,2,0.09,114,128,1,2.0,2,100,4.5,within an hour
"Blueground | S. End, nr t, shops & dining",Blueground,Roxbury,Entire home/apt,203,32,0,0.0,369,206,0,1.0,0,99,4.7,within an hour
"Blueground | Back Bay, gym, nr newbury st",Blueground,Back Bay,Entire home/apt,281,32,1,0.08,369,360,0,1.0,0,99,5.0,within an hour
Entire 4-bedroom apartment in the heart of Boston,Thuyvan,Dorchester,Entire home/apt,327,1,99,2.18,2,82,20,1.0,4,100,4.7,within an hour
"Blueground | South End, nr union park",Blueground,South End,Entire home/apt,282,32,0,0.0,369,208,0,1.0,2,99,4.7,within an hour
Right Near Convention Center and Train Station,Hawraa,South Boston,Entire home/apt,369,2,137,2.98,1,226,30,1.0,2,100,4.75,within an hour
Best 3 Bedroom Close To Boston,Edward,Roslindale,Entire home/apt,208,29,38,1.0,12,270,0,1.0,3,100,4.61,within an hour
Urban Guest Suite,Emily,Jamaica Plain,Entire home/apt,127,2,112,3.15,1,157,52,1.0,1,100,4.81,within an hour
Remodeled Spacious Apartment in Perfect Location,Fanny,Allston,Entire home/apt,540,29,19,0.42,1,350,0,1.0,3,100,4.58,within a few hours
King Bed Loft in the Heart of Downtown Boston,Lu,Downtown,Entire home/apt,339,2,225,4.91,1,196,72,1.0,1,100,4.84,within an hour
"Blueground | Dorchester/Milton, nr t stop",Blueground,Dorchester,Entire home/apt,225,32,1,0.09,369,362,1,1.0,1,99,5.0,within an hour
Centrally  located in the heart of Boston near T,Melinda,Dorchester,Entire home/apt,253,1,157,3.99,1,273,39,1.0,3,100,4.75,within an hour
Spacious & Pet-Friendly Modern Home in Charlestown,Johnny,Charlestown,Entire home/apt,253,2,51,3.4,1,203,38,1.5,2,100,4.86,within an hour
(P-102) Cute and Cozy 1 bedroom Fenway Park!,Paige,Fenway,Entire home/apt,243,2,164,3.61,60,221,46,1.0,1,100,4.57,within an hour
Boston Beacon Hill Charming 4 bed room apt close T,Liya,Beacon Hill,Entire home/apt,236,29,8,0.18,114,152,3,1.0,4,100,4.75,within an hour
Newly renovated 3 bedroom 10 mins from downtown,Jonathan,Roxbury,Entire home/apt,198,2,161,3.68,1,270,44,1.0,3,100,4.69,within an hour
"Blueground | S. End, nr t, shops & dining",Blueground,Roxbury,Entire home/apt,203,32,0,0.0,369,74,0,1.0,0,99,4.7,within an hour
Copley Queen - Copley Sq. Hotel,Copley Square Hotel,Back Bay,Private room,334,1,48,1.31,6,343,13,1.0,1,80,4.58,within an hour
"Blueground | S. Boston, e broadway",Blueground,South Boston,Entire home/apt,211,32,1,0.03,369,130,0,1.0,1,99,5.0,within an hour
ADA Copley Queen - Copley Square Hotel,Copley Square Hotel,Back Bay,Private room,344,1,0,0.0,6,343,0,1.0,1,80,4.7,within an hour
"1 bed, 2 rooms, 4 guests Cute&new. Free parking",Ewa,Dorchester,Entire home/apt,131,1,120,4.44,2,242,55,1.0,1,100,4.82,within an hour
New renovated lovely Boston apartment for rent,Curtis A.,Dorchester,Entire home/apt,190,2,76,1.68,2,187,7,1.0,2,100,4.76,within an hour
Cozy Double - Copley Square Hotel,Copley Square Hotel,Back Bay,Private room,303,1,14,0.48,6,337,6,1.0,1,80,4.64,within an hour
Copley Double Double - Copley Square Hotel,Copley Square Hotel,Back Bay,Private room,389,1,21,0.55,6,329,1,1.0,1,80,4.71,within an hour
Copley King - Copley Square Hotel,Copley Square Hotel,Back Bay,Private room,349,1,1,0.03,6,346,0,1.0,1,80,1.0,within an hour
Studio King - Copley Square Hotel,Copley Square Hotel,Back Bay,Private room,367,1,3,0.11,6,347,0,1.0,1,80,4.67,within an hour
1 Bedroom Apartment in Boston/South End,Tim,South End,Entire home/apt,179,3,91,2.16,1,70,20,1.0,1,100,4.82,within an hour
F_Spacious room easy commute to Boston Downtown.,Ehab,Dorchester,Private room,56,29,145,3.21,15,196,19,1.0,1,100,4.72,within a few hours
Cozy 2 Bedroom Private Apartment,Jaye,Roxbury,Entire home/apt,180,29,28,1.0,1,364,0,1.0,2,100,4.57,Unknown
Spacious Private Room in Central Roxbury,StayNue,Roxbury,Private room,38,29,30,0.67,32,349,7,1.5,0,92,4.63,within an hour
Downtown Xing | Lots of Light | Monthly Discounts,Sean,Downtown,Entire home/apt,528,3,186,4.15,70,233,40,2.0,4,100,4.58,within an hour
Large Ceilings | Centrally Located 4bed 2bath,Sean,Downtown,Entire home/apt,599,3,230,5.11,70,229,63,2.0,4,100,4.6,within an hour
"Blueground | Dorchester/Milton, nr t stop",Blueground,Dorchester,Entire home/apt,244,32,0,0.0,369,357,0,1.0,1,99,4.7,within an hour
Serene Suite near Logan Intl/MBTA Airport station,Cynthia,East Boston,Entire home/apt,275,1,98,4.64,2,244,58,1.0,2,100,4.81,within an hour
Amazing Location in Little Italy with Roof Deck,Christopher,North End,Entire home/apt,350,3,45,1.11,1,252,26,1.0,1,100,4.91,within an hour
Modern apartment in the city,Janet,Dorchester,Entire home/apt,238,3,174,3.95,1,317,30,1.5,2,100,4.83,within an hour
"Blueground | Brighton, gym, nr t, shops & food",Blueground,Brighton,Entire home/apt,276,32,1,0.05,369,354,0,1.0,1,99,3.0,within an hour
"Blueground | N. End, nr dining, on salem st",Blueground,North End,Entire home/apt,260,32,1,0.1,369,56,1,1.0,2,99,4.0,within an hour
"Blueground | N. End, nr dining, on salem st",Blueground,North End,Entire home/apt,261,32,0,0.0,369,24,0,1.0,2,99,4.7,within an hour
"Blueground | N. End, nr dining, on salem st",Blueground,North End,Entire home/apt,279,32,3,0.07,369,132,1,1.0,2,99,3.33,within an hour
"Blueground | S. Boston, e broadway",Blueground,South Boston,Entire home/apt,203,32,0,0.0,369,0,0,1.0,1,99,4.7,within an hour
Charming 1 BR apartment in Historic Bay Village,Loic,Bay Village,Entire home/apt,210,1,217,4.88,1,53,30,1.0,1,100,4.79,within an hour
Longwood/Fenway Cozy Studio,Cassandra And Michael,Mission Hill,Entire home/apt,164,2,118,2.87,18,198,30,1.0,0,100,4.4,within an hour
Sunny Fenway/Longwood Studio,Cassandra And Michael,Mission Hill,Entire home/apt,164,2,123,2.99,18,253,36,1.0,0,100,4.56,within an hour
Efficiency Apartment - Longwood/Fenway,Cassandra And Michael,Mission Hill,Entire home/apt,150,2,117,2.76,18,223,23,1.0,0,100,4.44,within an hour
"Bright Spacious 3Br, Mins From Downtown, Parking",Elena,Dorchester,Entire home/apt,426,28,30,1.08,1,215,12,1.0,3,100,4.93,within an hour
Spectacular views in a spacious Beacon Hill 2bd2ba,Darlene,Downtown,Entire home/apt,350,29,11,0.26,1,303,3,2.0,2,100,4.73,within a day
"Blueground | Fort Point, laundry & gym",Blueground,South Boston Waterfront,Entire home/apt,315,32,1,0.1,369,302,1,1.0,1,99,4.0,within an hour
Great Location | 4bed Loft | Parking Optional,Sean,Downtown,Entire home/apt,501,1,117,4.4,46,81,63,2.0,4,100,4.57,within an hour
"Blueground | South End, laundry & gym",Blueground,South End,Entire home/apt,293,32,0,0.0,369,353,0,1.0,1,99,4.7,within an hour
Private bedroom located in family-owned apartment,Zipporah,Dorchester,Private room,90,2,73,1.85,1,364,8,1.0,1,100,4.66,within a day
Sonder No. 284 Back Bay | Queen Room+,Sonder (Boston),Back Bay,Private room,411,1,228,5.17,18,328,133,1.0,0,100,4.53,within an hour
Sonder No. 284 Back Bay | King Room+,Sonder (Boston),Back Bay,Private room,502,1,13,0.33,18,214,5,1.0,0,100,4.31,within an hour
Sonder No. 284 Back Bay | Ground-Level Queen Room+,Sonder (Boston),Back Bay,Private room,416,1,21,0.61,18,211,18,1.0,0,100,4.24,within an hour
Sonder No. 284 Back Bay | Queen Suite+,Sonder (Boston),Back Bay,Private room,542,1,89,2.03,18,269,55,1.0,1,100,4.61,within an hour
Sonder No. 284 Back Bay | Superior Queen Room+,Sonder (Boston),Back Bay,Private room,403,1,11,0.28,18,307,4,1.0,0,100,4.18,within an hour
Sonder No. 284 Back Bay | Accessible Queen Room+,Sonder (Boston),Back Bay,Private room,224,1,18,0.42,18,237,11,1.0,0,100,4.61,within an hour
"Blueground | S. End, gym, nr dining & bumc",Blueground,South End,Entire home/apt,271,32,0,0.0,369,201,0,1.0,1,99,4.7,within an hour
2BR Spacious Yacht - Heat & AC - On Freedom Trail,Chad,Charlestown,Entire home/apt,264,4,134,3.04,1,313,35,2.0,2,100,4.87,within an hour
"Blueground | Beacon Hill, great views & gym",Blueground,West End,Entire home/apt,288,32,1,1.0,369,352,1,1.0,1,99,1.0,within an hour
"Blueground | Beacon Hill, great views & gym",Blueground,West End,Entire home/apt,286,32,1,0.03,369,356,0,1.0,1,99,3.0,within an hour
Brand New 2 BR | 1 BA in So. BOS #1,Jason,South Boston,Entire home/apt,265,29,37,0.84,18,87,0,1.0,2,100,4.62,within an hour
"Adorable private suite with a private entrance and bathroom close to Downtown, Seaport District and The BCEC",Lindsay,South Boston,Entire home/apt,105,29,233,5.34,3,280,0,1.0,0,100,4.77,within an hour
(N2F) Beautiful Back Bay living!,Paige,Back Bay,Entire home/apt,317,1,233,5.4,60,244,58,1.0,1,100,4.7,within an hour
"(N2R) Private Patio, New Kitchen, Back Bay!",Paige,Back Bay,Entire home/apt,317,1,207,4.74,60,207,50,1.0,0,100,4.67,within an hour
(N3R) Clean and Comfortable Studio,Paige,Back Bay,Entire home/apt,220,1,217,5.0,60,221,47,1.0,1,100,4.75,within an hour
"(N3F) Best Location, Back Bay!",Paige,Back Bay,Entire home/apt,332,1,196,4.62,60,247,45,1.0,1,100,4.77,within an hour
Newly Designed Loft | Fast Wifi | Pet Friendly,Sean,Downtown,Entire home/apt,272,1,132,3.05,54,247,17,1.0,1,100,4.57,within an hour
Beautiful 4br 2br | Downtown Xing | High Ceilings,Sean,Downtown,Entire home/apt,573,3,205,4.73,70,231,58,2.0,4,100,4.64,within an hour
Relaxing Chill Spot with parking on premises.,Rebecca,Dorchester,Entire home/apt,66,3,99,2.35,1,306,34,1.0,1,100,4.74,within an hour
"Blueground | Beacon Hill, great views & gym",Blueground,West End,Entire home/apt,390,32,1,0.04,369,354,0,2.0,2,99,1.0,within an hour
Lovely 420 friendly home,Kensley,Dorchester,Private room,72,91,0,0.0,2,230,0,2.0,1,50,4.7,within a day
Luxury 4 bed Boston home near beach w/roof deck,Eelam,South Boston,Entire home/apt,922,2,66,1.68,1,208,23,3.5,4,100,4.79,within an hour
Sunny room with Free parking,Lixia,Brighton,Private room,56,1,137,3.17,2,84,43,3.0,1,100,4.91,within an hour
Clean room with Free parking,Justin,Brighton,Private room,56,1,251,5.74,1,149,78,3.0,1,100,4.89,within an hour
The 1863 House Bed and Breakfast Room 3,Marie,South End,Private room,220,3,1,0.03,6,83,0,1.0,1,100,5.0,within a few hours
Room walking to Airport & Subway & Stores,Izzy,East Boston,Private room,72,1,221,5.21,3,33,51,1.5,1,100,4.11,within an hour
Amazing spacious city view 2bed 2 bath unit fenway,Adam,Fenway,Entire home/apt,434,4,19,0.84,95,314,18,2.0,2,92,4.58,within an hour
Lovely 2 bedroom APT Fenway,Adam,Fenway,Entire home/apt,579,29,1,0.05,95,365,0,2.0,2,92,5.0,within an hour
"Blueground | Downtown, amenities & rooftop views",Blueground,Downtown,Entire home/apt,209,32,0,0.0,369,365,0,1.0,1,99,4.7,within an hour
"Blueground | Downtown, amenities & rooftop views",Blueground,Downtown,Entire home/apt,318,32,0,0.0,369,314,0,1.0,1,99,4.7,within an hour
“Arboretum Retreat” city of Boston,Hitesh,Roslindale,Entire home/apt,307,3,69,1.6,7,291,18,2.0,3,100,4.71,within an hour
Nature’s Haven Boston,Hitesh,Roslindale,Entire home/apt,316,29,70,1.9,7,249,18,1.5,3,100,4.73,within an hour
Small Cozy Room walk to Subway Airport,Izzy,East Boston,Private room,79,1,210,4.9,3,54,64,1.5,1,100,4.34,within an hour
"Beacon Hill townhouse, 4 bedroom gem",Katherine,Beacon Hill,Entire home/apt,1000,4,56,1.43,1,182,19,5.0,4,100,4.84,within a few hours
"Blueground | Downtown, amenities & rooftop views",Blueground,Downtown,Entire home/apt,318,32,1,0.04,369,67,0,1.0,1,99,5.0,within an hour
Serenity by river : No Cleaning at Boston Downtown,Boston,Downtown,Private room,299,1,581,13.4,2,194,308,1.0,1,100,4.64,within an hour
Cozy Private 1BR/1BA in Modern Home Near Airport,Philip,East Boston,Entire home/apt,192,2,116,3.21,2,37,5,1.0,1,100,4.75,within an hour
"Blueground | Downtown, amenities & rooftop views",Blueground,Downtown,Entire home/apt,297,32,1,0.03,369,35,0,1.0,1,99,3.0,within an hour
109S14 | The Strathmore 14 w/AC | 2BR 1B | Private,Lance,Brighton,Entire home/apt,99,30,7,0.18,58,267,3,1.0,2,87,3.57,within a few hours
Sweetest 2 bed home downtown Boston Beacon Hill,Liya,Beacon Hill,Entire home/apt,160,29,9,0.23,114,149,3,1.0,1,100,4.44,within an hour
Stylish Spacious Guests House,Xiaoyu,Roxbury,Entire home/apt,236,1,171,3.97,1,271,43,3.0,4,100,4.73,within an hour
"Close to Downtown, pets friendly, Free Parking!",David,Dorchester,Entire home/apt,132,29,7,0.17,1,115,0,1.0,2,100,4.86,Unknown
(T9) South End Studio - Top Floor,Paige,South End,Entire home/apt,199,1,135,3.15,60,247,31,1.0,0,100,4.63,within an hour
"Blueground | Downtown, amenities & rooftop views",Blueground,Downtown,Entire home/apt,297,32,0,0.0,369,50,0,1.0,1,99,4.7,within an hour
Charming bedthroom and upscale apartment.,Blanca,East Boston,Private room,53,29,8,0.26,4,198,1,1.0,1,100,5.0,within an hour
"Rare 3.5 bed apt, super location Boston, +parking",Katherine,Dorchester,Entire home/apt,247,2,113,2.91,1,84,25,1.0,4,90,4.76,within an hour
"Blueground | N Station, gym, nr boston landmarks",Blueground,Downtown,Entire home/apt,276,32,1,0.05,369,314,0,1.0,0,99,4.0,within an hour
Comfortable King bedroom,John,Roxbury,Private room,79,2,50,1.55,5,236,13,1.0,1,100,4.44,within an hour
Spacious 2bd/1ba in Dorchester 6311,Mohammed Radi,Dorchester,Entire home/apt,133,1,81,1.89,64,362,17,1.0,2,99,4.54,within an hour
2bd/1ba in Boston Dorchester 1353,Mohammed Radi,Dorchester,Entire home/apt,198,1,99,2.31,64,355,12,1.0,2,99,4.4,within an hour
"Blueground | Beacon Hill, great views & gym",Blueground,West End,Entire home/apt,285,32,0,0.0,369,292,0,1.0,1,99,4.7,within an hour
"Blueground | Beacon Hill, great views & gym",Blueground,West End,Entire home/apt,293,32,1,0.03,369,0,0,1.0,1,99,5.0,within an hour
North End Family Villa,Jennifer,North End,Entire home/apt,1057,2,115,3.42,1,209,40,2.0,3,100,4.82,within an hour
"Blueground | Seaport, gym, on harbor",Blueground,South Boston Waterfront,Entire home/apt,342,32,0,0.0,369,202,0,1.0,1,99,4.7,within an hour
"Blueground | Seaport, gym, on harbor",Blueground,South Boston Waterfront,Entire home/apt,319,32,0,0.0,369,52,0,1.0,1,99,4.7,within an hour
Private Guest Suite with Parking & Fire Pit,Emma,Jamaica Plain,Entire home/apt,146,4,82,1.93,1,27,21,1.0,1,100,4.85,within an hour
Entire 3-bedroom apartment | minutes to Boston,Thuyvan,Dorchester,Entire home/apt,277,1,76,1.8,2,88,13,1.0,3,100,4.49,within an hour
"Big Saving, Stay In Boston, Close to Everywhere!",Edmund,Downtown,Entire home/apt,133,2,101,2.4,5,109,13,1.0,1,100,4.34,within an hour
Experience Boston At It’s Finest!,Edmund,Downtown,Entire home/apt,135,2,78,1.89,5,117,21,1.0,1,100,4.27,within an hour
Peaceful bedroom in upscale apartment,Blanca,East Boston,Private room,53,29,8,0.23,4,265,2,1.0,1,100,4.88,within an hour
Piano 1 bed facing Beacon St,Anne,Downtown,Entire home/apt,161,91,2,0.19,8,291,2,1.0,1,70,5.0,within a day
Best Location in Boston!,Kaitlin,East Boston,Entire home/apt,333,1,50,1.24,3,26,26,2.0,2,100,4.74,within a few hours
"Blueground | S. End, nr ink block, w/d & gym",Blueground,South End,Entire home/apt,246,32,1,0.1,369,207,1,1.0,0,99,5.0,within an hour
"Blueground | S. End, nr ink block, w/d & gym",Blueground,South End,Entire home/apt,246,32,0,0.0,369,33,0,1.0,0,99,4.7,within an hour
"Blueground | S. End, nr ink block, w/d & gym",Blueground,South End,Entire home/apt,246,32,1,0.15,369,210,1,1.0,0,99,5.0,within an hour
Large  bedroom in the heart of Boston,Rajaee,Dorchester,Private room,45,91,3,0.1,4,250,2,1.0,1,100,5.0,within a few hours
BeautIful apartment in a quiet area.,Adolph,Hyde Park,Entire home/apt,81,10,24,0.65,2,4,7,1.0,1,100,4.67,within an hour
Cozy home with free parking,Loan,Mattapan,Entire home/apt,435,4,33,0.84,1,314,17,2.0,5,100,4.79,within an hour
"Blueground | Back Bay, nr restaurants & shopping",Blueground,Back Bay,Entire home/apt,296,32,2,0.11,369,347,0,1.0,1,99,3.0,within an hour
230B1.3 | The Dorset Redline | 3BR 1B w/AC | Rm #3,Lance,Dorchester,Private room,64,30,2,0.05,58,270,1,1.0,1,87,5.0,within a few hours
39S1 | Huge 4BR 2BA w/AC & W/D 75ft to Greenline!,Lance,Mission Hill,Entire home/apt,251,30,4,0.16,58,144,1,2.0,5,87,5.0,within a few hours
Chic Renovated Suite w/ King Bed & Private Porch,Hilary,Roslindale,Entire home/apt,174,29,44,1.14,1,88,0,1.0,1,50,5.0,within a day
Cheerful  5-bedroom Boston home with free parking,Emma,Roslindale,Entire home/apt,251,29,62,1.53,4,238,0,2.5,5,100,4.82,within an hour
"Blueground | Seaport, gym, nr harbor",Blueground,South Boston Waterfront,Entire home/apt,321,32,1,0.06,369,342,0,1.0,1,99,5.0,within an hour
"Blueground | Downtown, gym, nr faneuil hall",Blueground,Downtown,Entire home/apt,282,32,1,0.06,369,275,0,1.0,1,99,5.0,within an hour
Lovely 1 bedroom upstairs apartment all private,Adolph,Hyde Park,Entire home/apt,95,10,11,0.28,2,333,2,1.0,2,100,4.91,within an hour
Great 1 Bedroom w/ Free Parking,Edward,Dorchester,Entire home/apt,141,3,28,1.57,12,90,22,1.0,1,100,4.71,within an hour
Best 1 Bedroom Nr. Franklin Park w/ Free Parking !,Edward,Dorchester,Entire home/apt,85,29,25,0.62,12,59,0,1.0,1,100,4.36,within an hour
(T2) Cute & Cozy Studio in South End,Paige,South End,Entire home/apt,199,1,193,4.82,60,216,60,1.0,0,100,4.61,within an hour
Thatch™ Newbury Street | One-Bedroom Apt. #1,Thatch,Back Bay,Entire home/apt,337,1,48,1.25,57,154,5,1.0,1,100,4.52,within an hour
"Large, Modern Studio!",Justin And Mandy,South End,Entire home/apt,189,1,1,0.05,15,341,0,1.0,1,100,3.0,within an hour
the comfort of comforts,Neita,Roxbury,Private room,150,92,0,0.0,1,365,0,1.0,1,100,4.7,Unknown
"Blueground | Back Bay, w/d & gym, nr copley sq",Blueground,Back Bay,Entire home/apt,403,32,1,0.03,369,358,0,1.0,1,99,5.0,within an hour
"Blueground | Back Bay, nr newbury & t",Blueground,Back Bay,Entire home/apt,243,32,0,0.0,369,209,0,1.0,0,99,4.7,within an hour
"Blueground | Back Bay, nr newbury & t",Blueground,Back Bay,Entire home/apt,227,32,0,0.0,369,188,0,1.0,0,99,4.7,within an hour
"(B) Cozy bedroom near BU, Harvard & MIT",Wendy,Allston,Private room,82,91,3,0.1,9,178,0,2.0,1,90,5.0,within a few hours
Cozy Bedroom in an Upscale Apartment,Blanca,East Boston,Private room,49,29,18,0.45,4,78,5,1.0,1,100,5.0,within an hour
Thatch™ Newbury Street | One-Bedroom Apt. #2,Thatch,Back Bay,Entire home/apt,335,1,32,0.83,57,170,4,1.0,1,100,4.5,within an hour
Thatch™ Newbury | One Bedroom | Apt #3,Thatch,Back Bay,Entire home/apt,347,1,54,1.41,57,138,9,1.0,1,100,4.74,within an hour
Thatch™ Newbury Street | One-Bedroom Apt. #4,Thatch,Back Bay,Entire home/apt,334,1,45,1.17,57,151,15,1.0,1,100,4.56,within an hour
Thatch™ Newbury Street | One-Bedroom Apt. #5,Thatch,Back Bay,Entire home/apt,324,1,43,1.11,57,158,7,1.0,1,100,4.58,within an hour
Thatch™ Newbury Street | One-Bedroom Apt. #6,Thatch,Back Bay,Entire home/apt,315,1,42,1.09,57,133,4,1.0,1,100,4.4,within an hour
"Blueground | Back Bay, w/d & gym, nr copley sq",Blueground,Back Bay,Entire home/apt,443,32,1,0.04,369,170,0,1.0,1,99,4.0,within an hour
"Blueground | N. Station, w/d & gym, nr td garden",Blueground,Downtown,Entire home/apt,307,32,0,0.0,369,78,0,1.0,1,99,4.7,within an hour
"Blueground | Back Bay, nr newbury & t",Blueground,Back Bay,Entire home/apt,276,32,0,0.0,369,327,0,1.0,1,99,4.7,within an hour
Beautiful space in Beautiful home!!,Moe,Hyde Park,Entire home/apt,123,15,27,0.74,2,352,2,0.5,1,100,4.89,within an hour
Lovely bedroom in the heart of Boston.,Rajaee,Dorchester,Private room,40,91,4,0.11,4,260,1,1.0,1,100,4.25,within a few hours
Unique 2 floors 8 beds 4 bath public transit,Kevin M,Dorchester,Entire home/apt,1046,2,39,0.97,4,147,11,4.0,8,100,4.54,within an hour
"Blueground | S. End, roof & w/d, nr restaurants",Blueground,South End,Entire home/apt,313,32,1,0.1,369,230,1,1.0,1,99,1.0,within an hour
"Beacon Hill, J. Miller Flats - Studio Flat #5",Thatch,Beacon Hill,Entire home/apt,284,1,61,1.58,57,172,14,1.0,1,100,4.7,within an hour
"Beacon Hill, J. Miller Flats - 1 Bedroom Flat #2",Thatch,Beacon Hill,Entire home/apt,273,1,83,2.49,57,149,33,1.0,1,100,4.69,within an hour
"Beacon Hill, J. Miller Flats - 1 Bedroom Flat #4",Thatch,Beacon Hill,Entire home/apt,273,1,44,1.15,57,156,5,1.0,1,100,4.3,within an hour
"Beacon Hill, J. Miller Flats - 1 Bedroom Flat #6",Thatch,Beacon Hill,Entire home/apt,279,1,88,2.28,57,152,25,1.0,1,100,4.59,within an hour
"Beacon Hill, J. Miller Flats - Studio Flat #7",Thatch,Beacon Hill,Entire home/apt,214,1,40,1.05,57,170,16,1.0,1,100,4.6,within an hour
"Beacon Hill, J. Miller Flats- 1 Bedroom Flat #8",Thatch,Beacon Hill,Entire home/apt,334,1,39,1.05,57,162,11,1.0,1,100,4.74,within an hour
Beacon Hill boston best 3 bed apt,Liya,West End,Entire home/apt,185,29,6,0.27,114,188,4,1.0,3,100,4.5,within an hour
Welcoming Boston room with free parking,Sarah,Dorchester,Private room,85,29,33,0.82,2,270,0,1.0,1,100,4.39,Unknown
Masters bed room in Boston with free parking,Sarah,Dorchester,Private room,85,91,44,1.08,2,365,0,1.0,1,100,4.82,Unknown
"Blueground | S. Boston, nr restaurants & shops",Blueground,South Boston,Entire home/apt,268,32,0,0.0,369,115,0,1.0,1,99,4.7,within an hour
"Blueground | S. Boston, nr restaurants & shops",Blueground,South Boston,Entire home/apt,176,32,0,0.0,369,365,0,1.0,1,99,4.7,within an hour
"Blueground | South End, nr ink block, gym",Blueground,South End,Entire home/apt,252,32,0,0.0,369,217,0,1.0,1,99,4.7,within an hour
Sonder at Pierce Boston | One-Bedroom Apartment,Sonder (Boston),Fenway,Entire home/apt,452,1,262,2.98,18,319,71,1.0,1,100,4.53,within an hour
Sonder at Pierce Boston | Two-Bedroom Apartment,Sonder (Boston),Fenway,Entire home/apt,692,1,247,2.79,18,294,47,2.0,2,100,4.47,within an hour
"Furnished bedroom, perfect for travel contract",Kara,Jamaica Plain,Private room,49,91,2,0.05,1,133,0,1.0,1,100,5.0,within an hour
City Studio Suite,Jenelle,North End,Entire home/apt,1300,120,0,0.0,1,268,0,1.5,0,100,4.7,within a day
Beacon Hills Studio next to State house 3,Huanan,Beacon Hill,Entire home/apt,202,1,323,8.36,2,202,94,1.0,1,98,4.71,within an hour
Modern & Cozy 3-BR Condo near Downtown,Daniel,Roxbury,Entire home/apt,268,1,224,5.58,3,208,41,2.0,3,100,4.84,within an hour
CSK Palour  lovely 3 bedrooms,Carolyn,Hyde Park,Private room,300,2,7,0.19,1,356,0,1.0,3,100,4.14,within an hour
Amazing one bed apt in beacon hill with backyard,Liya,Beacon Hill,Entire home/apt,145,29,3,0.13,114,211,1,1.0,2,100,4.0,within an hour
"Blueground | Back Bay, nr newbury & t",Blueground,Back Bay,Entire home/apt,244,32,0,0.0,369,170,0,1.0,0,99,4.7,within an hour
Sonder at Pierce Boston | Queen Studio Apartment,Sonder (Boston),Fenway,Entire home/apt,402,1,203,2.29,18,301,45,1.0,0,100,4.53,within an hour
Sonder at Pierce Boston | Three-Bedroom Apartment,Sonder (Boston),Fenway,Entire home/apt,1228,1,102,1.15,18,255,29,2.5,3,100,4.71,within an hour
"Blueground | Downtown, gym, nr faneuil hall",Blueground,Downtown,Entire home/apt,302,32,0,0.0,369,300,0,1.0,1,99,4.7,within an hour
"Blueground | N. Station, roofdeck, nr td garden",Blueground,Downtown,Entire home/apt,319,32,0,0.0,369,307,0,1.0,1,99,4.7,within an hour
Cozy Stay Near Harvard/BU/BC With Parking,Yan,Brighton,Entire home/apt,143,1,330,8.28,1,225,91,1.0,1,100,4.73,within an hour
Most lovely 3 Bedroom apt in Beacon Hill Boston,Liya,Beacon Hill,Entire home/apt,120,29,7,0.26,114,195,3,1.0,3,100,4.43,within an hour
Beacon Hill studio1queensizeBed downtown boston,Liya,Beacon Hill,Entire home/apt,168,29,11,0.29,114,109,3,1.0,1,100,4.36,within an hour
(T7) NEW Cozy South End Studio!,Paige,South End,Entire home/apt,225,1,125,3.14,60,255,32,1.0,0,100,4.46,within an hour
Thatch Quarters™ | Pvt. Room in Southie | 101 DOT,Thatch,South Boston,Private room,88,1,25,0.64,57,151,2,1.0,1,100,4.08,within an hour
Sun-Filled w/ City Views public transportation,Kama,Brighton,Entire home/apt,218,29,8,0.23,39,330,0,1.0,1,99,4.5,within an hour
Thatch Quarters™ | Pvt. Room in Southie | #202,Thatch,South Boston,Private room,100,2,9,0.23,57,155,4,2.0,1,100,4.56,within an hour
Spacious Dorchester Retreat | 2-bdrm condo,Marian,Dorchester,Entire home/apt,156,2,110,3.24,1,39,46,1.0,2,100,4.85,within an hour
Stay Next to Public Garden | Back Bay |MGH,Annie,Beacon Hill,Private room,98,29,6,0.15,6,117,2,1.0,1,91,4.5,within a few hours
"Classic JP Triple Decker Condo, Walkers' Paradise",Diana,Jamaica Plain,Private room,99,91,0,0.0,1,269,0,1.0,1,100,4.7,Unknown
Thatch Quarters | Pvt. Room in Southie | 203,Thatch,South Boston,Private room,98,2,13,0.34,57,170,1,2.0,1,100,4.23,within an hour
Thatch Quarters™ | Pvt. Room in Southie | 204,Thatch,South Boston Waterfront,Private room,100,1,19,0.49,57,172,4,2.0,1,100,3.84,within an hour
Thatch Quarters™ | Pvt. Room in Southie | 205,Thatch,South Boston,Private room,101,2,25,0.63,57,139,4,2.0,1,100,3.8,within an hour
"Blueground | Back Bay,  a+ shopping & dining",Blueground,Back Bay,Entire home/apt,261,32,0,0.0,369,325,0,1.0,0,99,4.7,within an hour
Thatch Quarters™ | Pvt. Room in Southie | 302,Thatch,South Boston,Private room,100,1,34,0.92,57,160,10,2.0,1,100,4.5,within an hour
"Blueground | Back Bay,  a+ shopping & dining",Blueground,Back Bay,Entire home/apt,275,32,0,0.0,369,33,0,1.0,1,99,4.7,within an hour
(37-2) Stylish Gray Street Apartment,Paige,South End,Entire home/apt,150,1,58,1.5,60,151,18,1.0,0,100,4.79,within an hour
One Bedroom Minutes from Train & Downtown Boston,Ruth,Mattapan,Entire home/apt,114,29,8,0.32,1,284,0,1.0,1,100,4.38,within a few hours
WB Quarters by Thatch | Room 304 | Shared BA,Thatch,South Boston,Entire home/apt,97,2,26,0.66,57,159,5,1.0,1,100,3.92,within an hour
Thatch Quarters™ | Pvt. Room in Southie | 305,Thatch,South Boston,Private room,100,2,50,1.34,57,158,12,2.0,1,100,4.4,within an hour
Thatch Quarters™ | Pvt. Room in Southie | 306,Thatch,South Boston,Private room,99,2,26,0.69,57,170,11,2.0,1,100,4.35,within an hour
Thatch Quarters™ | Pvt. Room in Southie | 402,Thatch,South Boston,Private room,98,2,35,0.89,57,156,3,2.0,1,100,4.26,within an hour
Thatch Quarters™ | Pvt. Room in Southie | 403,Thatch,South Boston,Private room,96,2,17,0.44,57,150,5,2.0,1,100,4.35,within an hour
Thatch Quarters™ | Pvt. Room in Southie | 404,Thatch,South Boston,Private room,98,2,21,0.55,57,169,3,2.0,1,100,4.33,within an hour
Thatch Quarters™ | Pvt. Room in Southie | 405,Thatch,South Boston,Private room,102,2,16,0.41,57,178,1,2.0,1,100,3.81,within an hour
"Blueground | Downtown, gym & w/d, nr sth station",Blueground,Chinatown,Entire home/apt,325,32,0,0.0,369,348,0,1.0,1,99,4.7,within an hour
"Blueground | Downtown, gym & w/d, nr sth station",Blueground,Chinatown,Entire home/apt,303,32,0,0.0,369,320,0,1.0,1,99,4.7,within an hour
"Blueground | Downtown, gym & w/d, nr sth station",Blueground,Chinatown,Entire home/apt,303,32,0,0.0,369,206,0,1.0,1,99,4.7,within an hour
Riverside serenity: No Cleaning at Boston Downtown,Boston,Downtown,Private room,291,1,689,17.4,2,192,337,1.0,1,100,4.63,within an hour
Lovely 2BR apt with parking. 15 mins to Downtown!,Hong T,Dorchester,Entire home/apt,217,2,93,2.46,1,102,19,1.0,2,100,4.71,within an hour
Thatch Quarters™ | Pvt. Room in Southie | 202 DOT,Thatch,South Boston,Private room,88,2,28,0.71,57,140,8,2.0,1,100,3.96,within an hour
Thatch Quarters™ | Pvt. Room in Southie | 201 DOT,Thatch,South Boston,Private room,88,2,28,0.72,57,160,2,2.0,1,100,3.61,within an hour
Thatch Quarters™ | Pvt. Room in Southie | 203 DOT,Thatch,South Boston,Private room,91,2,19,0.51,57,175,2,2.0,1,100,3.42,within an hour
Fenway Park Vintage Brownstone (2C),Lihua,Fenway,Private room,215,1,255,6.48,7,288,77,1.0,1,100,4.88,within an hour
Thatch Quarters™ | Pvt. Room in Southie | 302 DOT,Thatch,South Boston,Private room,88,2,35,0.89,57,167,4,2.0,1,100,3.89,within an hour
Central 2 Bed in North End; Near Waterfront &Shops,Jodie,North End,Entire home/apt,193,9,14,0.39,20,335,1,1.0,2,95,4.57,within an hour
Thatch Quarters™ | Pvt. Room in Southie | 303 DOT,Thatch,South Boston,Private room,88,2,25,0.65,57,162,7,2.0,1,100,4.04,within an hour
"Blueground | N. End, w/d on salem st, nr dining",Blueground,North End,Entire home/apt,307,32,1,0.08,369,314,0,1.0,2,99,1.0,within an hour
"Blueground | N Station, gym & w/d, nr td garden",Blueground,Downtown,Entire home/apt,258,32,1,0.03,369,84,0,1.0,0,99,4.0,within an hour
"Blueground | N Station, gym & w/d, nr td garden",Blueground,Downtown,Entire home/apt,309,32,1,0.04,369,291,0,1.0,1,99,3.0,within an hour
Boston’s Historic South End!,George,South End,Entire home/apt,199,1,4,2.79,1,341,4,1.0,1,88,4.5,within a few hours
Thatch Quarters| Pvt. Bunk Room in Southie | 304,Thatch,South Boston,Entire home/apt,88,2,24,0.61,57,150,4,1.0,1,100,3.75,within an hour
Thatch Quarters™ | Pvt. Bunk Room in Southie | 305,Thatch,South Boston,Private room,88,2,33,0.86,57,169,11,2.0,1,100,4.15,within an hour
Amazing Boston loft,Hitesh,Roslindale,Entire home/apt,158,29,46,1.21,7,124,14,1.0,1,100,4.7,within an hour
I_Cozy room easy commute to Boston Downtown.,Ehab,Dorchester,Private room,66,29,106,2.73,15,147,19,1.0,1,100,4.59,within a few hours
"Blueground | N Station, gym & w/d, nr td garden",Blueground,Downtown,Entire home/apt,309,32,0,0.0,369,280,0,1.0,1,99,4.7,within an hour
Eagle's Landing - Logan Airport,David,East Boston,Entire home/apt,101,1,205,8.61,1,279,101,1.0,1,100,4.65,within an hour
"Blueground | Symphony, doorman & biz center",Blueground,Fenway,Entire home/apt,365,32,0,0.0,369,314,0,1.0,1,99,4.7,within an hour
"Blueground | Symphony, doorman & biz center",Blueground,Fenway,Entire home/apt,278,32,1,0.03,369,313,0,1.0,1,99,4.0,within an hour
Lovely two bedroom apartment on a 2 floor unit.,Gianni,Roxbury,Entire home/apt,115,91,5,0.13,4,219,1,1.5,2,80,4.6,within a day
Private 1 Queen Bed S.End Sunroom (no smoke/pet),Cara,South End,Entire home/apt,463,3,39,1.12,1,18,6,1.0,1,100,4.87,within an hour
The Boston Chateau,Christopher,Dorchester,Entire home/apt,379,29,1,0.19,1,357,1,3.0,6,100,5.0,within an hour
"Blueground | Symphony, doorman & biz center",Blueground,Fenway,Entire home/apt,285,32,0,0.0,369,299,0,1.0,1,99,4.7,within an hour
Recently Renovated Allston 2 Bdr Apt Near Harvard,Adam,Allston,Entire home/apt,300,2,43,1.33,1,300,20,1.0,2,100,4.63,within an hour
Affordable Cozy 2 bed room apt Beacon Hill Boston,Liya,Beacon Hill,Entire home/apt,100,29,10,0.28,114,154,4,1.0,2,100,4.4,within an hour
"Charming Urban Oasis- 3-BR Apt, Centrally Located",Takeyon,Dorchester,Entire home/apt,213,2,32,1.43,1,301,17,1.0,3,40,4.94,a few days or more
"Blueground | S. End, w/d & Gym, nr sowa district",Blueground,South End,Entire home/apt,236,32,0,0.0,369,324,0,1.0,0,99,4.7,within an hour
"Blueground | Allston, gym, nr green line",Blueground,Allston,Entire home/apt,228,32,0,0.0,369,314,0,1.0,0,99,4.7,within an hour
"Blueground | Back Bay, gym, nr newbury st",Blueground,Back Bay,Entire home/apt,349,32,1,0.06,369,126,0,1.0,0,99,3.0,within an hour
"Blueground | Back Bay, w/d & gym, walk to t",Blueground,Bay Village,Entire home/apt,338,32,0,0.0,369,307,0,1.0,1,99,4.7,within an hour
"Blueground | Downtown/Financial Dist, w/d & gym",Blueground,Downtown,Entire home/apt,291,32,0,0.0,369,0,0,1.0,1,99,4.7,within an hour
Newly renovated 2 bedroom 2 bath condo,Lee,Dorchester,Entire home/apt,303,91,1,0.12,6,365,1,2.0,2,92,5.0,within an hour
Prime Central 1brm in North End Boston,Jay,North End,Entire home/apt,206,5,153,4.42,22,325,43,1.0,1,100,4.8,within an hour
Central 4 Bed 2 Bath near MGH and Waterfront,Jodie,Downtown,Entire home/apt,622,9,0,0.0,20,280,0,2.0,4,95,4.7,within an hour
Welcoming large bedroom,Thomas,Roslindale,Private room,63,5,17,0.47,2,291,6,1.0,1,100,4.76,within an hour
Lovely 1 bedroom apartment in downtown Boston,Sofia,Beacon Hill,Entire home/apt,117,29,9,0.25,8,160,0,1.0,1,100,4.0,within an hour
Family-friendly House at Prime Location,Sophia,Jamaica Plain,Entire home/apt,440,14,18,0.51,1,320,8,1.5,4,100,4.78,within an hour
Comfortable 2-bedroom apartment in downtown Boston,Sofia,Beacon Hill,Entire home/apt,145,29,5,0.16,8,146,2,1.0,2,100,4.6,within an hour
Studio in the Heart of Boston!,Temple Place,Downtown,Entire home/apt,148,2,112,3.07,10,79,47,1.0,1,100,4.23,within an hour
"South End,2 bed, in unit lau,cen air, Northeastern",Kama,Roxbury,Entire home/apt,261,30,6,0.27,39,185,0,1.0,2,99,4.17,within an hour
Modern & Spacious 4-Bedroom Apartment in Roxbury,StayNue,Roxbury,Entire home/apt,150,1,17,0.57,32,347,9,1.5,4,92,4.12,within an hour
(T5) Stylish Studio in the South End!,Paige,South End,Entire home/apt,225,1,117,3.13,60,243,28,1.0,0,100,4.45,within an hour
"2Bedroom - WALK to subway, hospitals, food, & more",Christian,Mission Hill,Entire home/apt,239,3,101,2.67,2,215,32,1.0,2,100,4.73,within an hour
"Boston Studio, Ready For Long & Short Stays",Temple Place,Downtown,Private room,111,2,84,2.31,10,112,16,1.0,1,100,4.27,within an hour
City Oasis | Step into Public Garden & Back Bay,Annie,Beacon Hill,Entire home/apt,131,30,10,0.27,6,123,3,1.0,1,91,4.0,within a few hours
Paris style bedroom in a quiet Boston area,Natalie,Brighton,Private room,75,3,62,1.71,8,226,15,2.0,1,100,4.82,within an hour
Cozy 2-bedroom apartment in downtown Boston,Sofia,West End,Entire home/apt,170,29,5,0.16,8,161,0,1.0,2,100,4.4,within an hour
Lovely studio in downtown boston,Liya,West End,Entire home/apt,120,29,10,0.29,114,174,4,1.0,1,100,4.1,within an hour
Lovely 2 bed 2 bath beacon hill downtown boston,Liya,West End,Entire home/apt,115,29,4,0.14,114,128,2,2.0,2,100,4.75,within an hour
"Full 1 BDR Apt W/ Harbor Front, Skyline Views",Brian,East Boston,Private room,211,4,25,0.66,1,180,0,1.0,1,25,4.56,a few days or more
"1 Bdrm Condo w Parking, near BU BC, St Elizabeth",Kris,Allston,Entire home/apt,195,29,5,0.22,1,198,3,1.0,1,100,4.8,within an hour
Modern Boston One Bedroom with Luxury Amenities,Furnished Quarters,Downtown,Entire home/apt,235,32,0,0.0,44,359,0,1.0,1,100,4.7,within an hour
"Blueground | S. End, w/d & gym",Blueground,South End,Entire home/apt,286,32,0,0.0,369,53,0,1.0,1,99,4.7,within an hour
"Nice, private bedroom in Boston, close to T.",Rajaee,Dorchester,Private room,41,91,1,0.11,4,321,1,1.0,1,100,5.0,within a few hours
Lovely Studio | Walk to Prudential & Newbury St,Annie,Back Bay,Entire home/apt,211,29,2,0.05,6,56,0,1.0,1,91,4.0,within a few hours
"Blueground | Back Bay, laundry & gym",Blueground,Bay Village,Entire home/apt,285,32,0,0.0,369,365,0,1.0,1,99,4.7,within an hour
Stylish 1BR apartment near Arboretum + Peloton Row,Mathieu,Jamaica Plain,Entire home/apt,130,2,14,3.39,1,41,14,1.0,0,100,4.93,within an hour
Lovely Two Bedroom Condo in South Boston,Waze,South Boston,Entire home/apt,296,1,35,0.94,2,327,6,1.0,2,100,4.71,within an hour
"Blueground | Somerville, gym & w/d, nr green line",Blueground,Downtown,Entire home/apt,274,32,1,0.04,369,322,0,1.0,1,99,3.0,within an hour
Brookline Brighton Allston private studio  Parking,Irina,Brighton,Entire home/apt,139,2,89,2.37,1,92,26,1.0,1,86,4.96,within an hour
1 bedroom in owner-occupied condo.,Vanessa,Hyde Park,Private room,50,29,1,0.03,1,87,0,1.0,1,0,5.0,a few days or more
Boston studio close to JFK Station,Jade,Dorchester,Entire home/apt,89,31,3,0.09,9,303,0,1.0,0,96,4.0,within a few hours
Boston New One bedroom close to JFK station,Jade,Dorchester,Entire home/apt,115,31,1,0.04,9,294,0,1.0,0,96,5.0,within a few hours
Studio in Boston close to T and shopping,Yao,Dorchester,Entire home/apt,88,31,3,0.09,7,180,0,1.0,0,100,3.67,within an hour
"Boston new one bedroom, close to T and beach",Yao,Dorchester,Entire home/apt,125,31,1,0.03,7,361,0,1.0,1,100,5.0,within an hour
Large Sunny room free parking,Lixia,Brighton,Private room,57,1,79,2.12,2,73,24,3.0,1,100,4.92,within an hour
"Blueground | Downtown, gym & concierge, nr t",Blueground,Downtown,Entire home/apt,305,32,0,0.0,369,22,0,1.0,1,99,4.7,within an hour
"Gorgeous 3-story, 3-bedroom home",Matt,Roslindale,Entire home/apt,539,3,32,0.86,3,53,8,2.5,3,100,4.88,within an hour
Stylish living in the heart of Backbay new in Abnb,Murat,Back Bay,Entire home/apt,225,40,6,0.17,1,169,2,1.0,1,100,5.0,Unknown
Cozy studio with kitchenette and private bathroom,Keyanna,Mattapan,Entire home/apt,150,2,35,1.58,1,345,17,1.0,0,100,4.8,within an hour
"Blueground | Longwood, nr green & orange lines",Blueground,Mission Hill,Entire home/apt,290,32,1,0.03,369,356,0,1.0,2,99,4.0,within an hour
Charming Getaway with Smart TV and Full Kitchen,StayNue,Brighton,Private room,40,1,26,0.71,32,345,10,1.0,1,92,4.42,within an hour
"Cozy, adorable 1 bedroom private apartment M365-2",Marie,South End,Entire home/apt,402,3,35,0.96,6,76,8,1.0,1,100,4.6,within a few hours
"(W5) South End Rooming House, 2 bed Studio!",Boston,South End,Entire home/apt,355,1,71,1.95,3,39,33,1.0,0,97,4.6,within an hour
"South End,2 bed, in unit lau,cen air, Northeastern",STARS Of,Roxbury,Entire home/apt,261,30,4,0.2,11,185,0,1.0,2,100,4.5,within an hour
Private floor with home office in a house w/ dogs,Matt,Roslindale,Private room,104,2,55,1.49,3,9,14,1.5,1,100,4.93,within an hour
"New renovation ,elevator, in unit laun, South End",Kama,Roxbury,Entire home/apt,325,30,5,0.19,39,342,0,2.0,2,99,4.4,within an hour
Lovely 1 bedroom apartment in Beacon Hill Boston,Sofia,Beacon Hill,Entire home/apt,130,29,9,0.31,8,153,3,1.0,1,100,4.67,within an hour
Prime City Location: Private Suite-separate entry.,Jaclyn,Dorchester,Entire home/apt,102,2,115,3.19,1,29,42,1.0,1,100,4.89,within a few hours
Stunning Victorian with Office | Mins to Downtown,Karim,Roxbury,Entire home/apt,186,2,32,0.93,3,31,11,1.0,2,100,4.34,within an hour
Studio for Two In A Perfect location,Temple Place,Downtown,Private room,111,2,86,2.38,10,96,32,1.0,1,100,4.02,within an hour
Wonderful 2-bedroom apt in Boston Beacon Hill,Sofia,Beacon Hill,Entire home/apt,208,29,4,0.16,8,169,0,1.0,2,100,4.5,within an hour
Wonderful 1bedroom apartment Boston,Sofia,Beacon Hill,Entire home/apt,120,29,7,0.32,8,169,5,1.0,1,100,3.57,within an hour
Beautiful single family home in Jamaica Plain,Jay,Jamaica Plain,Entire home/apt,352,2,17,0.46,22,15,5,2.0,3,100,4.47,within an hour
Cheerful 1-bedroom in a home,Moe,Hyde Park,Private room,81,30,25,0.68,2,364,0,1.5,1,100,4.84,within an hour
"Cozy Top floor apt by St Elizabeth, BU, BC w/ Park",Jonathan,Brighton,Entire home/apt,160,30,21,0.6,4,127,13,1.0,2,90,4.76,within a day
New Modern Apt in Boston (3 Bedroom),Aundre,Dorchester,Entire home/apt,138,29,20,0.61,1,320,3,1.0,3,67,4.55,within a day
Lovely 4 Bedroom in Boston Beacon Hill,Liya,Beacon Hill,Entire home/apt,110,29,5,0.2,114,153,2,1.0,4,100,4.6,within an hour
2BR DOG-Friendly Apt in 2-Fam Home - Comfy Retreat,Tomasz,West Roxbury,Entire home/apt,275,7,56,1.57,1,206,24,1.0,2,100,4.93,within an hour
(T1) Cute & Cozy South End Studio,Paige,South End,Entire home/apt,199,1,150,4.09,60,232,34,1.0,0,100,4.67,within an hour
Top Floor Fenway 1br w/ Patio | Keyless Entry,Sean,Fenway,Entire home/apt,260,1,157,4.31,70,341,49,1.0,1,100,4.66,within an hour
Lovely - 1 bed room  Penthouse Suite free parking,Andre,Hyde Park,Private room,90,29,52,1.43,5,353,1,1.0,1,100,4.75,within an hour
2BR/2BA South End Gem | Steps to Northeastern,Kama,Roxbury,Entire home/apt,279,30,12,0.45,39,363,0,2.0,2,99,4.67,within an hour
Top of the Hill Townhouse,Sean,West Roxbury,Entire home/apt,320,4,75,2.1,1,64,21,2.5,2,100,4.97,within an hour
Upscale Unit 1 at Perrin Place.,John,Roxbury,Entire home/apt,238,29,33,1.01,5,71,0,2.0,2,100,4.58,within an hour
Newly renovated -2 Bedroom Condo,Allan,South Boston,Entire home/apt,207,29,12,0.35,1,286,0,1.0,2,100,4.42,within an hour
"Blueground | South End, nr t, shops & dining",Blueground,Roxbury,Entire home/apt,203,32,0,0.0,369,180,0,1.0,0,99,4.7,within an hour
"Blueground | Symphony, next door to laundry",Blueground,Fenway,Entire home/apt,224,32,1,0.04,369,19,0,1.0,1,99,5.0,within an hour
"Blueground | Fenway, laundry & gym",Blueground,Fenway,Entire home/apt,338,32,1,0.05,369,19,0,1.0,0,99,5.0,within an hour
"Room in a bright, mid century modern condo",Ashlee,Dorchester,Private room,85,29,23,1.04,1,179,0,1.0,1,0,4.87,a few days or more
(KA) Between Back Bay and Kenmore Square (Fenway)!,Paige,Fenway,Entire home/apt,265,1,122,3.42,60,235,36,1.0,0,100,4.5,within an hour
Luxurious Fenway 2BR Penthouse w/ Roof Deck,Sean,Fenway,Entire home/apt,523,1,202,5.6,70,171,59,2.5,2,100,4.7,within an hour
"Northeastern,Boston Medical,in unit laundry,C/A",Kama,Roxbury,Entire home/apt,234,30,14,0.55,39,65,0,1.0,2,99,4.5,within an hour
Cheerful 4-bedroom home with backyard and patio,Carol,Jamaica Plain,Entire home/apt,340,29,11,0.31,1,320,0,1.5,4,0,4.55,a few days or more
"Blueground | Back Bay, gym, w/d, fully furnished",Blueground,Back Bay,Entire home/apt,349,32,1,0.04,369,315,0,1.0,1,99,5.0,within an hour
"Basement Studio w/ Kitchenette, Privacy, NEW BED!",Harrison Grant,Roslindale,Entire home/apt,128,2,146,4.47,1,317,25,1.0,1,100,4.59,within an hour
"Luxury 1Bed Loft, 2 Baths, Central Air, South End",Kama,South End,Entire home/apt,259,180,1,0.05,39,291,0,2.0,2,99,5.0,within an hour
Modern Apt Central to Logan Airport & Downtown,Maria,East Boston,Entire home/apt,212,1,153,4.44,1,353,42,1.0,2,100,4.83,Unknown
Beautiful  single family house built on a hill,TingMao,West Roxbury,Entire home/apt,422,2,80,2.23,1,307,21,2.5,4,100,4.88,within an hour
"Downtown Loft 2 Bedroom, Location",Boston,Leather District,Entire home/apt,165,59,3,0.11,7,235,0,1.0,2,98,4.33,within an hour
"Blueground | N Station, gym & w/d, nr td garden",Blueground,Downtown,Entire home/apt,309,32,0,0.0,369,340,0,1.0,1,99,4.7,within an hour
"Blueground | N. Station, w/d & gym, nr td garden",Blueground,Downtown,Entire home/apt,262,32,0,0.0,369,364,0,1.0,1,99,4.7,within an hour
Loft Penthouse Steps Off Broadway!,Andrey,South Boston,Entire home/apt,244,2,31,0.93,1,41,13,1.0,1,100,4.58,within an hour
Karlie’s Place mini suite,Esther,Mattapan,Private room,88,29,20,0.76,2,365,0,1.0,1,100,4.25,within a few hours
Sunny 3 bed. Bu BC Harvard Boston landing&Hospit.,Sheila,Allston,Entire home/apt,333,2,60,2.0,2,162,27,1.5,3,100,4.62,within an hour
Nice 1 bed apt with extra bed @living room boston,Liya,Beacon Hill,Entire home/apt,103,29,7,0.28,114,150,4,1.0,1,100,4.29,within an hour
"Blueground | Longwood, nr mission park",Blueground,Mission Hill,Entire home/apt,242,32,0,0.0,369,341,0,1.0,1,99,4.7,within an hour
Lovely Fenway 1br | New to Airbnb!,Sean,Fenway,Entire home/apt,310,1,180,5.02,70,53,47,1.0,1,100,4.63,within an hour
Luxury apt for monthly rental.,Mick,Brighton,Entire home/apt,149,91,0,0.0,1,364,0,1.0,1,100,4.7,within a day
Amazing Beacon Hill three bed two bath apt,Liya,Beacon Hill,Entire home/apt,165,29,7,0.3,114,154,1,2.0,3,100,4.86,within an hour
Copley House Premium Studio,Copley,South End,Entire home/apt,315,1,23,0.71,7,329,9,1.0,0,99,4.13,within an hour
Most attractive 1 bedroom apt with 2 beds Boston,Liya,Beacon Hill,Entire home/apt,150,29,9,0.36,114,168,5,1.0,1,100,4.78,within an hour
Fantastic 3 bedroom Condo.Everything is brand New!,Karolina,Mattapan,Entire home/apt,252,2,36,1.43,3,349,20,1.0,3,100,4.81,within an hour
Newly Renovated oversized Studio unit,Karolina,Mattapan,Entire home/apt,126,2,50,1.41,3,360,18,1.0,1,100,4.46,within an hour
"Blueground | Back Bay, w/d, nr green line",Blueground,Back Bay,Entire home/apt,277,32,0,0.0,369,13,0,1.0,1,99,4.7,within an hour
Lovely beacon hill one bed room apt with two beds,Liya,Beacon Hill,Entire home/apt,150,29,3,0.1,114,161,0,1.0,1,100,4.67,within an hour
Amazing two bed room apt in boston beacon hill,Liya,Beacon Hill,Entire home/apt,196,29,9,0.29,114,188,4,1.0,2,100,4.78,within an hour
Great 3bedroom apt in downtown Boston,Liya,Beacon Hill,Entire home/apt,161,29,7,0.21,114,138,1,1.0,3,100,4.71,within an hour
Lovely 3 Bedroom In Boston,Solange,Mattapan,Entire home/apt,204,2,17,1.11,1,317,13,1.0,3,100,4.71,within an hour
One Bedroom By Boston Common,TemplePlace,Downtown,Entire home/apt,148,2,113,3.2,7,71,53,1.0,1,100,4.39,within an hour
Serenity - 36’ Aft Cabin Carver,Melissa,Charlestown,Entire home/apt,336,1,13,1.0,8,127,12,1.5,1,100,4.62,within an hour
A sunny haven in the city!,Farah,Hyde Park,Entire home/apt,324,29,6,0.66,1,223,6,2.0,4,100,4.83,within a few hours
The Hideaway in Charlestown,Alexander,Charlestown,Entire home/apt,190,90,1,0.03,1,196,0,1.0,1,100,5.0,within an hour
Back Bay Gem: Cozy 1 bedroom Condo (main floor),Jorge,Back Bay,Entire home/apt,112,91,1,0.15,1,166,1,1.0,0,100,4.0,within an hour
"Large Room w/ Bath in Furnished Apt, good Wifi!",StayNue,Brighton,Private room,40,29,24,0.73,32,292,6,2.0,1,92,4.21,within an hour
"Blueground | N. Station, w/d & gym, nr td garden",Blueground,Downtown,Entire home/apt,293,32,1,0.05,369,328,0,1.0,1,99,5.0,within an hour
"Blueground | Fenway, w/d, conc, & gym, near t",Blueground,Fenway,Entire home/apt,399,32,0,0.0,369,294,0,1.0,1,99,4.7,within an hour
"Blueground | Beacon Hill, furnished & equipped",Blueground,West End,Entire home/apt,306,32,0,0.0,369,309,0,1.0,1,99,4.7,within an hour
Lovely 2-Bedroom Condo by Jamaica Pond,Marko,Jamaica Plain,Entire home/apt,330,6,27,0.79,1,137,8,1.0,2,100,4.7,within a few hours
"Blueground | N. Station, w/d & gym, nr td garden",Blueground,Downtown,Entire home/apt,332,32,1,0.04,369,343,0,1.0,1,99,4.0,within an hour
Top quality 3 bed apt in heart of Boston,Liya,Beacon Hill,Entire home/apt,180,29,10,0.32,114,161,2,1.0,3,100,4.7,within an hour
South Bos. W. Broadway - 1 BR 1 BA #301,Thatch,South Boston,Entire home/apt,162,1,83,2.35,57,162,36,1.0,1,100,4.45,within an hour
South Bos. W Broadway - 1 BR 1 BA #401,Thatch,South Boston,Entire home/apt,163,1,45,1.32,57,148,19,1.0,1,100,4.22,within an hour
South Bos. W Broadway - 1 BR 1 BA #201,Thatch,South Boston,Entire home/apt,166,1,50,1.48,57,177,15,1.0,1,100,4.28,within an hour
Sonder The Magnolia | Full Suite+,Sonder (Boston),Back Bay,Entire home/apt,391,1,39,1.11,18,261,10,1.0,1,100,4.13,within an hour
Sonder The Magnolia | Accessible Full Suite+,Sonder (Boston),Back Bay,Entire home/apt,291,1,17,0.5,18,177,4,1.0,1,100,4.18,within an hour
Sonder The Magnolia | Superior Full Suite+,Sonder (Boston),Back Bay,Entire home/apt,472,1,124,3.51,18,298,51,1.0,1,100,4.35,within an hour
Love and tranquility,Wendy And Juan,Mattapan,Private room,50,4,26,0.77,2,313,7,1.0,1,100,4.88,within an hour
"Blueground | N. Station, w/d & gym, nr td garden",Blueground,Downtown,Entire home/apt,332,32,0,0.0,369,323,0,1.0,1,99,4.7,within an hour
"(F) Comfortable bedroom near BU, MIT & Harvard",Wendy,Allston,Private room,60,91,5,0.16,9,283,2,2.0,1,90,5.0,within a few hours
Cozy near Airport and Train,Keir,East Boston,Entire home/apt,392,3,43,1.46,1,204,2,2.0,5,100,4.81,within an hour
Master bedroom & bath close to Subway and Downtown,Roman,Dorchester,Private room,80,29,6,0.18,3,300,2,2.0,1,100,4.83,within a few hours
New! Lovely 1br | FIDI District| Keyless Entry,Sean,Downtown,Entire home/apt,191,1,158,4.65,54,255,52,1.0,1,100,4.59,within an hour
Spacious 2br FIDI District | Centrally Located!,Sean,Downtown,Entire home/apt,408,1,203,5.97,54,235,77,2.0,2,100,4.61,within an hour
South End Brownstone Duplex,Kara,South End,Entire home/apt,862,3,50,1.53,1,261,25,2.5,3,100,4.88,within an hour
Stunning 1 Bedroom Near Fenway Park,Furnished Quarters,Fenway,Entire home/apt,230,32,0,0.0,44,359,0,1.0,1,100,4.7,within an hour
"Blueground | N. Station, w/d & gym, nr td garden",Blueground,Downtown,Entire home/apt,276,32,0,0.0,369,174,0,1.0,0,99,4.7,within an hour
Most Wonderful 3 Bedroom apt in downtown Boston,Liya,Beacon Hill,Entire home/apt,164,29,9,0.34,114,96,3,1.0,3,100,4.67,within an hour
Top three bed apt in heart of Boston Beacon Hill,Liya,Beacon Hill,Entire home/apt,213,29,2,0.12,114,151,1,1.0,3,100,4.5,within an hour
Top Newest 4 bed apt Beacon Hill Boston downtown,Liya,Beacon Hill,Entire home/apt,180,29,5,0.22,114,95,0,1.0,4,100,4.2,within an hour
Stunning South End 1BR - private roof deck,Karina,South End,Entire home/apt,328,2,146,4.48,1,289,48,1.0,1,100,4.68,within an hour
Five75 Lux BOS - Boho Chic,Kevin,Mattapan,Entire home/apt,275,2,19,0.55,1,277,0,1.0,3,100,4.74,within an hour
"Blueground | N. Station, w/d & gym, nr td garden",Blueground,Downtown,Entire home/apt,260,32,0,0.0,369,341,0,1.0,0,99,4.7,within an hour
Sparkling 2BR / 2BA in Back Bay,Adam,Back Bay,Entire home/apt,541,29,3,0.09,95,365,0,2.0,2,92,4.67,within an hour
Modern Huge 2bed 2bath Apartment Back bay,Adam,Back Bay,Entire home/apt,575,29,3,0.13,95,365,1,2.0,2,92,4.67,within an hour
"Blueground | Back Bay, gym & roof, nr copley sq",Blueground,Back Bay,Entire home/apt,399,32,0,0.0,369,305,0,1.0,1,99,4.7,within an hour
Marvelous 1 bed room with nice living room 2 beds,Liya,Beacon Hill,Entire home/apt,150,29,7,0.23,114,139,3,1.0,1,100,4.14,within an hour
Lovely 3bedroom apartment in Boston,Maria,Jamaica Plain,Entire home/apt,190,3,88,2.54,2,294,30,1.0,3,100,4.72,within an hour
Sweetest 3bed room apt Boston BeaconHill topdeal,Liya,Beacon Hill,Entire home/apt,230,29,7,0.24,114,80,2,1.0,3,100,5.0,within an hour
TopWonderful 2-bedroom in boston down beacon hill,Liya,Beacon Hill,Entire home/apt,208,29,5,0.16,114,127,2,1.0,2,100,4.4,within an hour
Best 1- bedroom w cozy living room w 2 beds /view,Liya,Beacon Hill,Entire home/apt,208,29,5,0.18,114,164,1,1.0,1,100,4.0,within an hour
"Blueground | Jamaica Plain, w/d, nr t station",Blueground,Jamaica Plain,Entire home/apt,209,32,0,0.0,369,4,0,1.0,1,99,4.7,within an hour
Spacious Family Friendly Single-Family Home in JP,Adam,Jamaica Plain,Entire home/apt,234,7,10,0.33,1,16,3,2.0,3,100,4.7,Unknown
"Blueground | Back Bay, gym & roof, nr copley sq",Blueground,Back Bay,Entire home/apt,349,32,0,0.0,369,230,0,1.0,0,99,4.7,within an hour
Spacious FIDI 2br/1br | Close to Everything!,Sean,Downtown,Entire home/apt,341,1,138,4.07,54,233,42,2.0,2,100,4.54,within an hour
Clean and convenient!  Walk to Boston highlights!,Eliott,South Boston,Entire home/apt,272,1,70,2.05,1,210,21,1.0,1,100,4.57,within an hour
AL/R4 Spacious & Sunny Room in Best Boston area!,Dan,Allston,Private room,108,29,62,1.82,8,247,13,2.0,1,100,4.11,within an hour
"D/R1  Large, sunny room near Red Line, IN Boston!",Dan,Dorchester,Private room,81,29,45,1.34,8,365,2,1.5,1,100,4.11,within an hour
Divine Studio  suburb of Boston,Edwin,West Roxbury,Entire home/apt,110,91,3,0.13,3,230,1,1.0,0,100,4.33,within an hour
"Blueground | Back Bay, w/d, nr copley t",Blueground,Back Bay,Entire home/apt,273,32,1,0.05,369,22,0,1.0,1,99,5.0,within an hour
"Blueground | Back Bay, w/d, nr copley t",Blueground,Back Bay,Entire home/apt,260,32,0,0.0,369,314,0,1.0,0,99,4.7,within an hour
Small & Cozy studio ★ 1 free parking spot ★ Clean!,Jessy And Diego,Allston,Entire home/apt,108,2,130,3.81,20,182,39,1.0,0,100,4.7,within an hour
Location! Location! Walk everywhere! Cute studio!,Jessy And Diego,Back Bay,Entire home/apt,182,2,135,3.98,20,181,45,1.0,0,100,4.72,within an hour
Super location ★ 2 BR Apartment ★ Walk walk walk ★,Jessy And Diego,Back Bay,Entire home/apt,418,2,160,4.71,20,169,59,1.0,2,100,4.73,within an hour
Lovely 2 bed room apt in heart boston beacon hill,Liya,Beacon Hill,Entire home/apt,145,29,1,0.11,114,179,1,1.0,2,100,5.0,within an hour
10 minutes to downtown Boston,James,Dorchester,Entire home/apt,168,2,129,4.25,1,229,58,1.0,1,100,4.78,within an hour
Most lovely 2 room studio boston heart beacon hill,Liya,Beacon Hill,Entire home/apt,196,29,3,0.12,114,159,2,1.0,2,100,4.67,within an hour
Lovely 1 bed room with 2 beds boston beacon hill,Liya,Beacon Hill,Entire home/apt,168,29,7,0.24,114,169,3,1.0,1,100,4.71,within an hour
Cozy 3-Bedroom Home w/ Queen Beds and More,Gregory A,Roxbury,Entire home/apt,264,2,98,2.89,1,162,44,1.0,3,90,4.85,within a few hours
Most Amazing 2 Bedroom apt in Beacon Hill Boston,Liya,Beacon Hill,Entire home/apt,145,29,4,0.16,114,152,1,1.0,2,100,5.0,within an hour
Lovely one bedroom Apartment in Boston.,Joel,Dorchester,Entire home/apt,126,29,2,0.06,1,168,0,1.0,1,100,5.0,Unknown
"Beacon Hill, J. Miller Flats - 3 Bedroom Flat #1",Thatch,Beacon Hill,Entire home/apt,865,2,80,2.36,57,145,32,2.0,3,100,4.6,within an hour
Close 2 City SwankyModrn  Unit w Centrl Air,Evans,Dorchester,Entire home/apt,142,1,72,4.01,3,17,56,1.0,2,97,4.79,within an hour
Most affordable 2 room studio Boston beacon hill,Liya,Beacon Hill,Entire home/apt,99,29,12,0.37,114,202,5,1.0,2,100,4.75,within an hour
Private apt on flr 2 sleeps 6 Boston vacation,Lynda,West Roxbury,Entire home/apt,219,1,5,0.23,16,185,2,1.0,1,100,4.4,within an hour
Exquisite 3 bedroom apt in Boston Beacon Hill,Liya,Beacon Hill,Entire home/apt,213,29,8,0.27,114,162,3,1.0,3,100,4.75,within an hour
"Luxury Condo Near DT | Fast Wi-Fi, Gym, Workspace",Faiz,Charlestown,Entire home/apt,165,30,5,0.17,1,287,1,1.0,1,0,5.0,a few days or more
Third floor large room,Ray,East Boston,Private room,104,1,193,5.7,4,75,59,1.0,1,100,4.79,within an hour
Free parking room 2,Ray,East Boston,Private room,104,1,203,6.04,4,47,72,1.0,1,100,4.74,within an hour
Cozy Renovated Suite w/Free St Parking near Train,Emily,Roslindale,Entire home/apt,151,1,172,5.33,1,214,62,1.0,1,100,4.73,within an hour
North End/TD Garden Condo w/Rooftop Deck,Cara,North End,Entire home/apt,248,1,136,4.0,1,97,52,1.0,1,100,4.68,within an hour
Cozy 2br in Boston FIDI District,Sean,Downtown,Entire home/apt,371,1,187,5.5,54,254,62,2.0,2,100,4.6,within an hour
Lavish FIDI 2br/2ba | Close to everything!,Sean,Downtown,Entire home/apt,388,1,147,4.33,54,237,53,2.0,2,100,4.63,within an hour
2br/2ba FIDI Apt | Keyless Entry | Walk anywhere!,Sean,Downtown,Entire home/apt,416,1,170,5.02,54,236,70,2.0,2,100,4.66,within an hour
Bright and Bold 2BR | Minutes from the T!,Sean,Downtown,Entire home/apt,474,1,223,6.58,54,212,77,2.0,2,100,4.72,within an hour
"D/R2 Private, small room near Red Line, IN Boston!",Dan,Dorchester,Private room,33,29,31,0.91,8,354,1,1.0,1,100,4.13,within an hour
Condo in downtown Boston,Griffin,Bay Village,Entire home/apt,502,2,114,3.42,1,288,36,1.5,2,100,4.66,within an hour
"BC/BU - Beautifully Renovated Penthouse 
3-BR/2-BA",Reda,Brighton,Entire home/apt,351,3,102,3.13,1,274,32,2.0,3,100,4.81,within an hour
"Blueground | N Station, w/d & gym, nr td garden",Blueground,Downtown,Entire home/apt,332,32,0,0.0,369,323,0,1.0,1,99,4.7,within an hour
"Blueground | Back Bay, gym, nr Copley Sq",Blueground,Back Bay,Entire home/apt,329,32,0,0.0,369,358,0,1.0,1,99,4.7,within an hour
Juan & Wendy's Gateway#1,Wendy And Juan,Mattapan,Private room,56,4,33,0.97,2,314,6,1.0,1,100,4.76,within an hour
FIDI Boston Spacious 2BR | Keyless Entry,Sean,Downtown,Entire home/apt,473,29,87,2.57,54,0,0,2.0,2,100,4.67,within an hour
"Bold, Spacious 2br in Boston's Financial District",Sean,Downtown,Entire home/apt,438,1,190,5.62,54,217,71,2.0,2,100,4.56,within an hour
Airy 2BR | Fidi Boston | Walk anywhere!,Sean,Downtown,Entire home/apt,553,1,174,5.14,54,223,75,2.0,2,100,4.64,within an hour
Beautiful 2BR In FIDI Boston | Self Check-in,Sean,Downtown,Entire home/apt,415,1,190,5.59,54,247,62,2.0,2,100,4.66,within an hour
FIDI Boston Lovely 2BR | Close to the T!,Sean,Downtown,Entire home/apt,547,1,178,5.26,54,226,65,2.0,2,100,4.59,within an hour
Gorgeous Boston 2BR | Financial District,Sean,Downtown,Entire home/apt,459,1,180,5.33,54,253,69,2.0,2,100,4.6,within an hour
Open Air 2BR | FIDI Boston | Close to Everything!,Sean,Downtown,Entire home/apt,452,1,192,5.67,54,233,70,2.0,2,100,4.58,within an hour
FIDI 2br | Keyless Entry | Fully Furnished,Sean,Downtown,Entire home/apt,405,1,186,5.51,54,260,67,2.0,2,100,4.52,within an hour
Wonderful FIDI 2br | Keyless Entry,Sean,Downtown,Entire home/apt,384,1,148,4.36,54,249,50,2.0,2,100,4.54,within an hour
Warm 1BR in Boston FIDI | Close to Everything!,Sean,Downtown,Entire home/apt,282,1,150,4.42,54,255,52,1.0,1,100,4.61,within an hour
Comfy Financial District 1br | Keyless Entry,Sean,Downtown,Entire home/apt,329,1,154,4.53,54,236,57,1.0,1,100,4.59,within an hour
Boston Financial District 1BR | Walk to anything!,Sean,Downtown,Entire home/apt,214,1,182,5.35,54,258,60,1.0,1,100,4.52,within an hour
Spacious 1br In Boston FIDI | Close to T!,Sean,Downtown,Entire home/apt,269,1,172,5.06,54,267,59,1.0,1,100,4.62,within an hour
Bright FIDI 1br | Centrally Located,Sean,Downtown,Entire home/apt,309,1,190,5.59,54,258,68,1.0,1,100,4.63,within an hour
Most attractive 2 bed 2 bath apt in downtownBoston,Liya,Beacon Hill,Entire home/apt,130,29,3,0.1,114,156,1,2.0,2,100,5.0,within an hour
Brand New 1 Private Room East Boston Jeffries Pt,Jennifer,East Boston,Private room,70,29,0,0.0,1,223,0,1.0,1,80,4.7,within a few hours
South Boston Best Location!,Joseph,South Boston,Entire home/apt,1000,29,10,0.3,1,365,0,1.0,3,100,4.7,Unknown
Cute Efficiency Unit in Longwood/Fenway,Cassandra And Michael,Mission Hill,Entire home/apt,125,2,85,2.72,18,129,30,1.0,0,100,4.44,within an hour
Cozy Longwood-Fenway Studio,Cassandra And Michael,Mission Hill,Entire home/apt,179,2,68,2.15,18,202,19,1.0,0,100,4.32,within an hour
Chic Condo near T Station & Airport.,Jader,East Boston,Entire home/apt,302,3,83,3.03,2,148,17,1.0,3,100,4.83,within a few hours
T-Stop Getaway: Stylish Condo by the Logan Airport,Jader,East Boston,Entire home/apt,315,3,85,2.99,2,139,30,1.0,3,100,4.88,within a few hours
"2bd Apt, 3 min walk to train, 7min to airport",Isabel,East Boston,Entire home/apt,224,2,112,3.56,1,329,41,1.0,2,100,4.65,within an hour
Spacious 4BR in Boston – Clean & Near Transit,Caleb,Dorchester,Entire home/apt,378,2,30,0.91,2,363,5,1.0,4,100,4.73,within an hour
New! Luxurious 3-BR Apt (7B2) Near Downtown Boston,Daryl,Dorchester,Entire home/apt,340,1,207,6.85,7,262,100,3.0,3,100,4.88,within an hour
All new 2-bedroom garden apartment on great block.,Jonathan,Jamaica Plain,Entire home/apt,293,4,62,1.89,1,269,25,1.0,2,100,4.94,within an hour
New 2BR|2BA Condo in Jefferies Point with Backyard,Tom,East Boston,Entire home/apt,195,91,0,0.0,1,271,0,2.0,2,100,4.7,within an hour
Gorgeous Audubon Circle Studios (3),Laurie,Fenway,Entire home/apt,195,29,6,0.19,4,353,1,1.0,0,100,5.0,within an hour
"Blueground | South Boston, nr restaurants",Blueground,South Boston,Entire home/apt,183,32,1,0.08,369,111,1,1.0,0,99,4.0,within an hour
(140R) Cozy Studio in Boston's Back Bay,Paige,Back Bay,Entire home/apt,198,1,149,4.55,60,199,52,1.0,0,100,4.38,within an hour
Lovely 4bed room apt@ beacon hill boston Downtown,Liya,West End,Entire home/apt,200,29,5,0.2,114,159,3,1.0,4,100,5.0,within an hour
"Blueground | Back Bay, w/d, nr newbury st",Blueground,Back Bay,Entire home/apt,265,32,0,0.0,369,33,0,1.0,1,99,4.7,within an hour
"Blueground | Back Bay, w/d, nr newbury st",Blueground,Back Bay,Entire home/apt,275,32,0,0.0,369,182,0,1.0,1,99,4.7,within an hour
Boston room's and studios in boston ma.usa,Hopeton,Mattapan,Private room,62,5,35,1.07,1,343,14,1.0,1,100,4.97,within an hour
Lovely 1-Bedroom close to public transportation.,Rajaee,Dorchester,Private room,44,91,1,0.06,4,201,0,1.0,1,100,3.0,within a few hours
Spacious 2bd/1ba in Dorchester 5336,Mohammed Radi,Dorchester,Entire home/apt,151,1,94,2.81,64,362,16,1.0,2,99,4.46,within an hour
"Blueground | Fenway, gym & w/d, nr fenway t",Blueground,Fenway,Entire home/apt,275,32,0,0.0,369,11,0,1.0,1,99,4.7,within an hour
Boston arbor oasis - cute one bedroom suite,Andrea,Mattapan,Entire home/apt,104,1,137,4.91,1,312,62,1.0,1,100,4.8,within a few hours
Lovely 420 friendly home,Kensley,Dorchester,Private room,73,91,0,0.0,2,365,0,2.0,1,50,4.7,within a day
"Luxury 2Bed, 2Bath, Near BU, Hospitals, Fenway",Kama,Fenway,Entire home/apt,273,90,15,0.56,39,213,1,2.0,2,99,4.6,within an hour
Lovely 2 bedroom apt Beacon Hill Boston downtown,Liya,Beacon Hill,Entire home/apt,120,29,3,0.2,114,131,2,1.0,2,100,4.0,within an hour
Amazing 3Bedroom Apartment in Beacon Hill,Liya,Beacon Hill,Entire home/apt,165,29,2,0.07,114,153,1,1.0,3,100,4.0,within an hour
Gorgeous Audubon Circle Studios (4),Laurie,Fenway,Entire home/apt,195,29,8,0.25,4,310,4,1.0,0,100,4.88,within an hour
Cozy Fenway 1Br/1Ba | Close to Fenway Park!,Sean,Fenway,Entire home/apt,223,1,119,3.62,70,249,40,1.0,1,100,4.71,within an hour
"Blueground | Back Bay, w/d, nr Newbury St",Blueground,Back Bay,Entire home/apt,281,32,0,0.0,369,345,0,1.0,0,99,4.7,within an hour
Beautiful Back Bay 1 BR on Commonwealth Ave,Julie,Back Bay,Entire home/apt,135,29,6,0.2,1,128,4,1.0,1,100,5.0,within an hour
4BD/2BA w/ 2 King Beds! Near Airport and Subway.,Jay,East Boston,Entire home/apt,258,1,100,3.16,22,338,28,2.0,4,100,4.56,within an hour
"(5G2) Beautiful Duplex, W/D, Best Location!",Paige,Back Bay,Entire home/apt,757,1,167,5.19,60,178,58,2.5,3,100,4.71,within an hour
"Modern, Luxury Apartment Near Downtown Boston",Bar,East Boston,Private room,77,30,0,0.0,1,293,0,1.0,1,100,4.7,within an hour
BRAND NEW 3bds+2brs Apt. Minutes away from Boston.,Huong Thu,Dorchester,Entire home/apt,323,2,33,1.06,1,289,11,2.0,3,100,4.73,within a few hours
"Sunshine, Laundry-in-unit, Designated work area",Jessica Brooke,Jamaica Plain,Entire home/apt,204,29,4,0.15,4,95,1,1.0,2,100,4.25,within a few hours
"Blueground | Chinatown/Theater Dist, gym, nr t",Blueground,Downtown,Entire home/apt,397,32,1,0.04,369,206,0,2.0,2,99,5.0,within an hour
Boston In-law Suite with Private Entrance,Andrew,Brighton,Entire home/apt,134,2,77,2.47,1,227,26,1.0,1,100,4.84,Unknown
"Blueground | N Station, w/d & gym, nr td garden",Blueground,Downtown,Entire home/apt,422,32,1,0.07,369,339,0,2.0,2,99,5.0,within an hour
Beautiful  and Cozy Apartment!,Luz,East Boston,Entire home/apt,150,2,118,4.45,1,264,46,1.0,1,100,4.66,within an hour
spacious private room green T,Jiji,Brighton,Private room,44,29,0,0.0,2,365,0,1.0,1,25,4.7,a few days or more
B_Large room easy commute to Boston Downtown.,Ehab,Dorchester,Private room,56,29,97,2.98,15,196,25,1.0,1,100,4.67,within a few hours
D_Lovely room easy commute to Boston Downtown.,Ehab,Dorchester,Private room,56,29,98,3.0,15,196,27,1.0,1,100,4.74,within a few hours
Hidden Gem  right in the city of Boston !,Gladys,Hyde Park,Entire home/apt,157,2,120,4.0,1,181,52,1.0,3,100,4.87,within an hour
Sunny Hill Garden Unit 2,Shiki,Roxbury,Entire home/apt,550,29,0,0.0,1,365,0,2.0,4,100,4.7,within a few hours
Beautiful South End 2BR apartment,Jennifer,South End,Entire home/apt,893,3,8,0.3,1,169,5,2.0,2,100,4.88,within an hour
Cheerful 2-bedroom house,Ashley,Charlestown,Entire home/apt,299,29,0,0.0,1,228,0,1.5,2,100,4.7,within a day
"Chic 2BR Boston Apt Walk to T & Logan, Great Spot",Mandana,East Boston,Entire home/apt,204,2,136,4.27,4,151,44,1.0,2,98,4.79,within an hour
Sunny room with private en suite bathroom,Rich,East Boston,Private room,140,1,256,8.53,1,316,86,1.0,1,100,4.83,within an hour
"Location, Location, Location! - Luxury 3 Bedrooms",Aileen,Fenway,Entire home/apt,620,3,101,3.25,1,39,48,2.5,3,100,4.72,within a few hours
Comfortable Living in Furnished Private Room,StayNue,Brighton,Private room,68,29,15,0.49,32,290,6,2.0,1,92,4.67,within an hour
Trendy Escape 3 bedroom Hostel with patios,Amenata,Hyde Park,Private room,74,91,1,0.05,3,365,0,1.0,3,0,5.0,a few days or more
Trendy Escape 2,Amenata,Hyde Park,Private room,250,29,0,0.0,3,364,0,1.0,3,0,4.7,a few days or more
Transit friendly condo on quiet street,Andy,Roslindale,Entire home/apt,157,2,110,3.51,1,35,41,1.0,2,100,4.88,within an hour
Peaceful Garden Apartment,Margaret,Jamaica Plain,Entire home/apt,209,3,84,3.31,2,199,25,2.0,1,100,4.85,within an hour
"very Spacious private Bedroom near BC,BU,Harvard.",Jiji,Brighton,Private room,47,29,0,0.0,2,335,0,1.0,1,25,4.7,a few days or more
Rare to find huge Luxury corner 3 br condo Seaport,Adam,South Boston Waterfront,Entire home/apt,689,29,0,0.0,95,365,0,2.0,3,92,4.7,within an hour
Ideal North End 1brm Central To Everything,Jay,North End,Entire home/apt,214,1,105,3.39,22,302,26,1.0,1,100,4.63,within an hour
"(5G1) 2 Bedroom, BackBay, Newbury Street, Location",Paige,Back Bay,Entire home/apt,550,1,124,3.91,60,230,49,1.5,2,100,4.67,within an hour
"Blueground | North End, w/d, nr restaurants",Blueground,North End,Entire home/apt,301,32,0,0.0,369,70,0,1.0,3,99,4.7,within an hour
Lovely luxury 2Ba 2Ba Lake view Boston,Adam,Jamaica Plain,Entire home/apt,689,29,1,0.03,95,365,0,2.0,2,92,4.0,within an hour
Cozy 2,Gilda,Dorchester,Private room,100,2,76,2.39,4,169,15,2.0,1,100,4.68,within an hour
Cozy 3,Gilda,Dorchester,Private room,101,2,53,1.67,4,169,13,2.0,1,100,4.58,within an hour
Cozy 4,Gilda,Dorchester,Private room,100,2,80,2.52,4,169,20,2.0,1,100,4.6,within an hour
"Cozy Room Near Charles River, Shops, and Dining",StayNue,Brighton,Private room,40,1,11,0.38,32,345,3,1.0,1,92,4.36,within an hour
"Last Minute Deals, Experience Boston, FREE Parking",Drew,Dorchester,Entire home/apt,255,3,41,1.32,9,130,16,1.0,2,100,4.41,within an hour
Outstanding apartment in Seaport,Adam,South Boston Waterfront,Entire home/apt,574,29,1,0.03,95,365,0,2.0,2,92,5.0,within an hour
Outstanding luxury 2Br 2Ba apartment,Adam,Jamaica Plain,Entire home/apt,804,29,8,0.32,95,365,0,2.0,2,92,4.5,within an hour
Spacious 3Br2Br apartment with astonishing view,Adam,Jamaica Plain,Entire home/apt,574,30,8,0.26,95,365,0,2.0,3,92,4.75,within an hour
Boston Townhouse - 3bd / 2.5ba - Central Location,Veronica,South Boston,Entire home/apt,397,3,89,4.11,1,120,55,2.5,3,100,4.89,within an hour
"Blueground | Back Bay, w/d, nr copley t",Blueground,Back Bay,Entire home/apt,261,32,0,0.0,369,325,0,1.0,0,99,4.7,within an hour
"Blueground | Allston, gym & w/d, nr griggs t",Blueground,Allston,Entire home/apt,246,32,0,0.0,369,203,0,1.0,1,99,4.7,within an hour
"Blueground | Back Bay, w/d, nr newbury st",Blueground,Back Bay,Entire home/apt,275,32,2,0.16,369,231,2,1.0,1,99,4.5,within an hour
"PH City Views, Spacious 2 Bed/2 Bath w/ 2 Decks",Shannon,South Boston,Entire home/apt,482,1,17,0.64,7,299,10,2.0,2,100,4.71,within a few hours
Cozy 1Br1Ba apartment with water view,Adam,South Boston Waterfront,Entire home/apt,459,30,0,0.0,95,365,0,1.0,1,92,4.7,within an hour
Stylish 2Br2Ba apartment in Seaport,Adam,South Boston Waterfront,Entire home/apt,599,29,14,0.55,95,365,0,2.0,2,92,4.57,within an hour
"Blueground | Downtown/Financial Dist, w/d & gym",Blueground,Chinatown,Entire home/apt,313,32,0,0.0,369,0,0,1.0,1,99,4.7,within an hour
Private bedroom next to Logan Airport,Shih-Cchieh,East Boston,Private room,74,2,26,0.83,1,150,8,1.0,1,100,4.81,within an hour
New spacious 4BR w/ keyless entry& free st parking,Janki,Dorchester,Entire home/apt,444,2,29,0.92,1,267,8,3.0,4,100,4.62,within an hour
*NEW* 3 BR South End Duplex with A/C in the city!,Killian,South End,Entire home/apt,380,1,135,4.43,1,193,50,1.0,3,100,4.78,within an hour
"Blueground | Theatre District, gym, nr theaters",Blueground,Downtown,Entire home/apt,406,32,0,0.0,369,250,0,2.0,2,99,4.7,within an hour
Private Room in Quaint Victorian Home,Maxence,Roxbury,Private room,156,1,30,1.12,1,169,1,1.0,1,100,4.77,Unknown
"Minutes to Airport, Train, Downtown & Free Parking",Islam,East Boston,Entire home/apt,200,4,55,2.53,1,289,35,1.0,2,100,4.78,within an hour
2 Story Charlestown Gem,Anna,Charlestown,Entire home/apt,446,3,50,1.83,1,294,19,1.5,3,100,4.7,within an hour
Shady Sage Hideaway,Fifile,Jamaica Plain,Private room,80,29,6,0.23,1,362,2,1.0,1,0,5.0,a few days or more
Full bed  flr 2 Boston with air conditioning,Lynda,West Roxbury,Private room,71,1,49,1.81,16,252,21,1.0,1,100,4.8,within an hour
"Blueground | Beacon Hill, w/d, nr boston common",Blueground,Beacon Hill,Entire home/apt,218,32,2,0.07,369,365,0,1.0,2,99,4.0,within an hour
Lux 2 BR/2 Bath w/ Amenities,Compass,South Boston Waterfront,Entire home/apt,350,29,1,0.05,29,48,0,2.0,2,96,5.0,within a few hours
Studio Getaway,Kaitlin,East Boston,Entire home/apt,120,1,110,4.14,3,3,34,1.0,1,100,4.84,within a few hours
"Private bedroom, private bath, off-street parking",Tzuo Hann,Dorchester,Private room,70,32,6,0.24,3,197,2,1.0,1,100,4.67,within an hour
Symphony Suites #1 | Back Bay & Fenway,Thatch,Fenway,Entire home/apt,243,1,16,1.75,57,133,16,1.0,1,100,4.38,within an hour
"Blueground | Allston, nr boston u & green line",Blueground,Allston,Entire home/apt,229,32,1,0.04,369,67,0,1.0,1,99,4.0,within an hour
Modern 1BR apt in Boston’s Roslindale Village,Enrique A,Roslindale,Entire home/apt,177,2,104,3.39,2,255,26,1.0,1,100,4.87,within an hour
Luxurious 2BR 2BA Condo Historic West End.a,Adam,Downtown,Entire home/apt,539,1,42,1.39,95,299,2,2.0,2,92,4.81,within an hour
Sweet Home,Roberto,Fenway,Entire home/apt,1000,29,0,0.0,1,90,0,1.0,1,100,4.7,within an hour
Rare Beacon Hill Gem,David,Beacon Hill,Entire home/apt,1133,29,6,0.27,1,136,1,4.5,4,100,5.0,Unknown
Amazing 1 bedroom apt in Boston,Liya,Beacon Hill,Entire home/apt,110,29,5,0.23,114,167,1,1.0,1,100,4.8,within an hour
Perfect North End Studio,Jay,North End,Entire home/apt,193,1,127,4.1,22,330,35,1.0,0,100,4.7,within an hour
Chinatown Upscale Penthouse Boston Common Pool Gym,Haroldo,Downtown,Entire home/apt,450,29,9,0.31,8,180,0,2.0,3,100,4.78,within an hour
Luxurious & Spacious Townhome,Monica,Bay Village,Entire home/apt,1558,2,18,1.19,2,274,16,3.5,4,100,4.61,within an hour
Nicest 1bedroom apt with 2beds in Boston,Liya,Beacon Hill,Entire home/apt,145,29,3,0.19,114,138,2,1.0,1,100,4.67,within an hour
3 Bed Large Boston home for groups with parking,Emma,Hyde Park,Entire home/apt,220,29,137,4.45,4,212,35,2.5,3,100,4.88,within an hour
Boston 2 Bedroom Apartment,Liya,Beacon Hill,Entire home/apt,180,29,4,0.16,114,148,1,1.0,2,100,4.25,within an hour
A Sweeter Place (C) managed by Andrea,Andrea,Mattapan,Private room,27,30,6,0.22,4,171,3,1.0,1,100,5.0,within an hour
Hidden Gem 2 BR/1BA near Zoo 3 mil downtown Fenway,Sandro,Roxbury,Entire home/apt,247,1,154,5.57,1,275,55,1.0,2,100,4.9,within an hour
Heart of Boston 1 bed 1 sofa bed,Liya,Beacon Hill,Entire home/apt,150,29,9,0.46,114,167,4,1.0,1,100,4.67,within an hour
"Boston Studio, 7 minute walk to T",Jade,Dorchester,Entire home/apt,90,31,2,0.13,9,364,1,1.0,0,96,3.0,within a few hours
Lux 2Bed/2Bath in Seaport,Compass,South Boston Waterfront,Entire home/apt,330,29,2,0.07,29,27,0,2.0,2,96,4.0,within a few hours
109S3 | The Strathmore 3 w/AC | 2BR 2BA | Bi-Level,Lance,Mission Hill,Entire home/apt,131,30,2,0.19,58,122,2,2.0,2,87,5.0,within a few hours
5 Bed Boston Home with free parking,Emma,Roslindale,Entire home/apt,303,29,36,1.21,4,225,30,2.5,5,100,4.83,within an hour
Art Penthouse / Roofdeck in the Heart of Boston,Koen,Back Bay,Entire home/apt,1350,2,26,0.94,1,238,6,2.5,3,88,4.46,within a few hours
"Blueground | Downtown, w/d & gym, nr greenway",Blueground,Chinatown,Entire home/apt,303,32,0,0.0,369,194,0,1.0,1,99,4.7,within an hour
Beautiful Fully Renovated Monthly Rental Furnished,Edward,East Boston,Entire home/apt,160,90,2,0.09,1,307,0,2.0,3,100,5.0,within a day
One T stop from Downtown,Albena,East Boston,Entire home/apt,180,29,8,0.28,2,252,2,1.0,1,100,4.63,within an hour
Single bed on floor 2 with air conditioner,Lynda,West Roxbury,Private room,75,1,26,0.95,16,266,10,1.0,1,100,4.54,within an hour
Double bed & pull out couch with air conditioning,Lynda,West Roxbury,Private room,88,1,38,1.44,16,187,21,1.0,1,100,4.82,within an hour
Boston's Finest 2 Bedroom Home,Curtis A.,Dorchester,Entire home/apt,225,2,45,1.65,2,350,16,1.0,2,100,4.78,within an hour
Boston Beacon Hill Studio Double bed,Liya,Beacon Hill,Entire home/apt,140,29,4,0.16,114,107,1,1.0,1,100,5.0,within an hour
Beacon Hill 2 bed apt affordable,Liya,Beacon Hill,Entire home/apt,140,29,3,0.28,114,161,3,1.0,2,100,4.67,within an hour
Entire 2BR home near shops & public transportation,Elijah,Hyde Park,Entire home/apt,168,91,1,0.06,1,364,0,1.0,3,100,5.0,within an hour
Fort Hill/Highland Park Townhome,Ponce De Leon Jr,Roxbury,Entire home/apt,300,29,39,1.31,1,269,0,2.5,3,100,4.69,within a day
"Blueground | North Station, gym, nr td garden",Blueground,Downtown,Entire home/apt,363,32,0,0.0,369,189,0,2.0,2,99,4.7,within an hour
Walk! Location! Steps from the T! 1 BR / 1st floor,Jessy And Diego,Fenway,Entire home/apt,191,2,118,4.21,20,129,48,1.0,1,100,4.69,within an hour
"Blueground | Back Bay, gym & concierge, nr t",Blueground,Bay Village,Entire home/apt,311,32,0,0.0,369,310,0,1.0,1,99,4.7,within an hour
JP Artist Oasis.,Benjamin,Jamaica Plain,Entire home/apt,282,2,128,4.51,1,330,49,1.0,2,100,4.73,within an hour
Harbor View - Harbor View,Melissa,Charlestown,Private room,336,1,9,0.68,8,142,8,1.5,1,100,4.67,within an hour
"Blueground | Downtown, w/d & gym, nr greenway",Blueground,Chinatown,Entire home/apt,305,32,0,0.0,369,30,0,1.0,1,99,4.7,within an hour
"Blueground | Financial District, gym, nr greenway",Blueground,Chinatown,Entire home/apt,313,32,0,0.0,369,0,0,1.0,1,99,4.7,within an hour
Renovated 3Br/1.5baths. Parking. Great location.,Tom,Brighton,Entire home/apt,217,91,3,0.14,1,224,1,1.5,3,100,5.0,within a day
Newly Cozy 1-BR Apt (7B1) Near To Downtown Boston,Daryl,Dorchester,Entire home/apt,175,1,170,5.62,7,330,73,1.0,1,100,4.78,within an hour
Welcome to Your Private Oasis,Viviane,Roslindale,Private room,215,3,4,0.18,3,364,1,1.0,2,100,4.75,within an hour
Boston 2-bedroom apt w living room,Liya,Beacon Hill,Entire home/apt,225,29,10,0.41,114,162,5,1.0,2,100,4.3,within an hour
"Blueground | N Station, gym, nr boston landmarks",Blueground,Downtown,Entire home/apt,264,32,0,0.0,369,353,0,1.0,0,99,4.7,within an hour
Luxurious & Spacious Townhouse!,Monica,Bay Village,Entire home/apt,1300,29,0,0.0,2,200,0,3.5,4,100,4.7,within an hour
New Luxurious 3-BR Apt (9B2) Near Downtown Boston,Daryl,Dorchester,Entire home/apt,355,1,189,6.33,7,266,76,3.0,3,100,4.87,within an hour
"Blueground | Allston, nr boston u & green line",Blueground,Allston,Entire home/apt,269,32,1,0.06,369,190,0,1.0,2,99,3.0,within an hour
"Blueground | Allston, nr boston u & green line",Blueground,Allston,Entire home/apt,277,32,0,0.0,369,0,0,1.0,2,99,4.7,within an hour
"Blueground | Allston, nr boston u & green line",Blueground,Allston,Entire home/apt,269,32,4,0.18,369,291,0,1.0,2,99,4.25,within an hour
(J5) Sun Drenched Emerald Back Bay Studio,Paige,Back Bay,Entire home/apt,273,1,140,4.88,60,227,52,1.0,0,100,4.59,within an hour
Studio in East Boston #2,Luciano,East Boston,Entire home/apt,135,1,86,3.0,2,72,37,1.0,1,97,4.51,within an hour
2bd in Quiet boston neighborhood near mbta,Jonathan,Hyde Park,Entire home/apt,110,30,1,0.07,11,155,0,1.0,2,94,5.0,within a few hours
"Blueground | N Station, w/d & gym, nr td garden",Blueground,Downtown,Entire home/apt,267,32,1,0.07,369,0,0,1.0,0,99,5.0,within an hour
"Blueground | Chinatown/Theater Dist, gym, nr t",Blueground,Downtown,Entire home/apt,380,32,0,0.0,369,27,0,2.0,2,99,4.7,within an hour
"Blueground | N Station, w/d & gym, nr td garden",Blueground,Downtown,Entire home/apt,422,32,0,0.0,369,35,0,2.0,2,99,4.7,within an hour
Very Nice 3Bedroom Close To Boston + Free Parking,Edward,Roslindale,Entire home/apt,500,29,10,0.37,12,322,0,1.0,3,100,4.2,within an hour
Updated South Boston Unit with Deck,Shannon,South Boston,Private room,222,29,5,0.19,7,364,0,1.0,1,100,3.4,within a few hours
StudioDeluxe near Harvard Business School,Todd,Allston,Entire home/apt,122,45,5,0.19,8,134,2,1.0,0,100,4.6,within an hour
Studio in E. Boston #1,Luciano,East Boston,Entire home/apt,135,1,114,4.15,2,62,51,1.0,1,97,4.59,within an hour
Guest Suite on the Hill,Casimiro,Dorchester,Entire home/apt,186,1,82,3.04,1,328,37,1.0,1,100,4.82,within an hour
"Blueground | N Station, w/d & gym, nr td garden",Blueground,Downtown,Entire home/apt,247,32,0,0.0,369,365,0,1.0,1,99,4.7,within an hour
Simple Private Room #442 A,Sophia,Allston,Private room,59,91,0,0.0,14,222,0,0.0,1,100,4.7,within a few hours
Boston Historical Urban Oasis,Waze,Allston,Entire home/apt,680,1,61,2.12,2,327,33,2.5,7,100,4.74,within an hour
New Deluxe 3-BR Apt (7W2) Near Downtown Boston,Daryl,Dorchester,Entire home/apt,369,1,233,7.94,7,242,114,2.5,3,100,4.88,within an hour
A New Deluxe 3-BR Apt (9W2) Near Downtown Boston,Daryl,Dorchester,Entire home/apt,428,1,169,5.81,7,286,72,2.5,3,100,4.9,within an hour
"Blueground | N Station, w/d & gym, nr td garden",Blueground,Downtown,Entire home/apt,335,32,0,0.0,369,343,0,1.0,1,99,4.7,within an hour
"Blueground | Chinatown/Theater Dist, gym, nr t",Blueground,Downtown,Entire home/apt,396,32,0,0.0,369,201,0,2.0,2,99,4.7,within an hour
Chic 2BR in the heart of Boston,Jessica,Roxbury,Entire home/apt,205,1,115,4.05,1,272,33,1.0,2,100,4.71,Unknown
Functional Private Room #1227 B,Sophia,Mission Hill,Private room,53,91,0,0.0,14,139,0,0.0,1,100,4.7,within a few hours
Cozy room for your trip.,Gunel,West Roxbury,Private room,50,1,53,1.9,1,28,0,1.0,1,0,4.87,a few days or more
Practical Private Room #990 D,Sophia,Roxbury,Private room,62,91,0,0.0,14,212,0,0.0,4,100,4.7,within a few hours
Modern Luxury apt in Watertown,Adam,Fenway,Entire home/apt,459,29,1,0.04,95,365,0,1.0,1,92,5.0,within an hour
Twin bed flr 2/3 with air conditioner,Lynda,West Roxbury,Private room,54,1,15,0.7,16,191,9,1.0,1,100,4.93,within an hour
Private sleeps 4 flr 3 Boston vacation,Lynda,West Roxbury,Entire home/apt,178,1,2,0.07,16,191,1,1.0,2,100,4.5,within an hour
Best central Boston 3 bed Apt,Liya,Beacon Hill,Entire home/apt,160,29,5,0.23,114,168,2,1.0,3,100,4.4,within an hour
Classic Private Room #728 B,Sophia,Allston,Private room,58,91,0,0.0,14,184,0,0.0,3,100,4.7,within a few hours
Queen Bedroom B in #502: Allston,Sophia,Allston,Private room,63,91,0,0.0,14,154,0,0.0,4,100,4.7,within a few hours
"Blueground | Chinatown/Theater Dist, gym, nr t",Blueground,Downtown,Entire home/apt,379,32,0,0.0,369,64,0,2.0,2,99,4.7,within an hour
"Cozy, comfortable and convenient",Steve,South Boston,Entire home/apt,450,3,53,2.07,1,279,22,2.5,3,100,4.81,within a few hours
Charming & bright 3bedroom Apt,Maria,Jamaica Plain,Entire home/apt,205,3,61,2.22,2,251,25,1.0,3,100,4.77,within an hour
Centrally located 2b in Boston,Jonathan,Jamaica Plain,Entire home/apt,135,90,0,0.0,11,216,0,1.0,2,94,4.7,within a few hours
Exquisite North End 1brm,Jay,North End,Entire home/apt,206,1,108,3.81,22,320,34,1.0,1,100,4.72,within an hour
Modern North End Studio,Jay,North End,Entire home/apt,192,1,139,4.91,22,327,44,1.0,0,100,4.8,within an hour
Welcome to the Aqua Room,Viviane,Roslindale,Private room,107,1,10,0.36,3,365,2,1.0,1,100,4.6,within an hour
Welcome to The Lavender Room,Viviane,Roslindale,Private room,108,1,4,0.14,3,365,1,1.0,1,100,5.0,within an hour
A Sweet Place (B) managed by Andrea,Andrea,Mattapan,Private room,27,30,8,0.31,4,223,4,1.0,1,100,4.88,within an hour
An Even Sweeter Place managed by Andrea,Andrea,Mattapan,Entire home/apt,74,30,2,0.09,4,200,1,1.0,2,100,3.0,within an hour
"Blueground | Financial District, gym, nr greenway",Blueground,Chinatown,Entire home/apt,303,32,1,0.04,369,321,0,1.0,1,99,5.0,within an hour
Financial District Charm | Walk anywhere!,Sean,Downtown,Entire home/apt,197,1,94,3.47,70,37,36,1.0,1,100,4.55,within an hour
Beautiful Newbury St. 1Br,Sean,Back Bay,Entire home/apt,255,1,79,4.08,70,240,50,1.0,1,100,4.52,within an hour
Cozy Back Bay | 1Br / 1Bath!,Sean,Back Bay,Entire home/apt,272,1,64,3.57,70,228,34,1.0,1,100,4.59,within an hour
Monthly Newbury Street Gem,Sean,Back Bay,Entire home/apt,350,11,85,3.12,70,233,41,1.0,1,100,4.61,within an hour
Centrally Located Back Bay 1Br!,Sean,Back Bay,Entire home/apt,297,1,77,2.87,70,234,29,0.0,1,100,4.57,within an hour
Wonderful Newbury 1 Bedroom!,Sean,Back Bay,Entire home/apt,242,1,58,2.06,70,257,24,1.0,1,100,4.4,within an hour
Stunning Back Bay | 1Br / 1Bth,Sean,Back Bay,Entire home/apt,230,1,97,3.47,70,259,43,1.0,1,100,4.52,within an hour
Stunning and Stylish Home tucked on Cul De Sac,Juli,West Roxbury,Entire home/apt,190,91,0,0.0,1,365,0,2.0,4,98,4.7,within an hour
Cozy New Built 1-BR Apt (9W1) Near Downtown Boston,Daryl,Dorchester,Entire home/apt,140,1,125,4.45,7,352,62,1.0,1,100,4.78,within an hour
Studio in Heart of Beacon Hill (Downtown Boston),Justin,Beacon Hill,Entire home/apt,185,2,2,0.24,2,281,2,1.0,1,48,5.0,a few days or more
Charming Beacon Hill 1bd in Brownstone,Justin,Beacon Hill,Entire home/apt,220,29,2,0.08,2,365,1,1.0,1,48,4.5,a few days or more
Convenient & cozy 2BD in JP - 1 mile to hospitals,April,Jamaica Plain,Entire home/apt,127,29,9,0.39,1,306,4,1.0,2,100,4.78,within a few hours
Cozy 1B1B in the heart of JP,Alexis,Jamaica Plain,Entire home/apt,109,1,78,2.86,1,49,52,1.0,1,100,4.73,within an hour
24-Renovated 2 bedroom only 8 min from the city,Shlomi,Allston,Entire home/apt,285,2,17,0.61,4,150,5,1.0,2,100,4.12,within an hour
"Blueground | Brighton, pool & gym, nr green line",Blueground,Brighton,Entire home/apt,275,32,0,0.0,369,326,0,1.0,1,99,4.7,within an hour
Beautiful Mission Hill 1Br/Ba!,Sean,Mission Hill,Entire home/apt,280,1,6,0.25,70,262,2,1.0,1,100,4.5,within an hour
High End Apartment w/ Pool !,Christephanie,Downtown,Entire home/apt,115,91,0,0.0,1,93,0,1.0,1,10,4.7,a few days or more
Wonderful 1BR in Mission Hill!,Sean,Mission Hill,Entire home/apt,303,1,14,0.51,70,261,6,1.0,1,100,4.36,within an hour
Spacious Mission Hill Studio!,Sean,Mission Hill,Entire home/apt,254,1,27,0.98,70,268,8,1.0,1,100,4.63,within an hour
New! Gorgeous 2Br | Mission Hill,Sean,Mission Hill,Entire home/apt,311,1,94,3.42,70,143,50,2.0,2,100,4.71,within an hour
Comfortable quiet 2 bedroom 1bath,Dennize,Mattapan,Entire home/apt,195,29,40,1.46,1,361,14,1.0,2,100,4.68,Unknown
Renovated 2 BR Condo + Parking in Brighton/Boston,Jonathan,Brighton,Entire home/apt,256,5,40,1.5,4,215,20,1.0,2,90,4.73,within a day
Spacious multi-level 4 bed /2bath Apt. in Boston,Mike,Roxbury,Entire home/apt,294,2,165,6.0,1,204,49,2.0,4,100,4.8,within an hour
3bd  apt w/office close to orange line w/parking,Jonathan,Jamaica Plain,Entire home/apt,177,30,3,0.15,11,313,0,1.0,2,94,5.0,within a few hours
Cozy boiler room apartment,Beth,Dorchester,Entire home/apt,93,29,257,9.2,1,121,90,1.0,1,100,4.67,within an hour
"Quarters on Broadway, South Boston 406 Bunk",Thatch,South Boston,Private room,192,2,26,0.97,57,171,8,1.0,1,100,4.23,within an hour
Modern 2 Bedroom in Boston,Maria,Roxbury,Entire home/apt,254,1,73,2.75,1,318,32,1.0,2,100,4.81,Unknown
"Free garage parking, private bed+bath, Central ""T""",Stephanie,Mattapan,Private room,72,1,0,0.0,1,186,0,1.0,1,86,4.7,within a day
Boston Studio walk to T Station,Yao,Dorchester,Entire home/apt,93,31,4,0.17,7,285,1,1.0,0,100,4.5,within an hour
Charming Boston Private Suite &,Hunter,Dorchester,Private room,105,29,20,0.81,4,122,2,1.0,1,100,4.8,within an hour
Private Study Room,Xiaoyou,West Roxbury,Private room,49,30,58,2.77,4,67,45,1.5,1,100,4.91,within an hour
A Modern home right in Boston,Parker,Roxbury,Entire home/apt,225,3,13,0.59,1,62,5,1.0,2,100,4.46,within a few hours
"Blueground | Fenway, roof & gym, nr fenway park",Blueground,Fenway,Entire home/apt,315,32,0,0.0,369,208,0,1.0,1,99,4.7,within an hour
"Blueground | Fenway, roof & gym, nr fenway park",Blueground,Fenway,Entire home/apt,326,32,2,0.1,369,322,1,1.0,0,99,4.5,within an hour
D/R4 Lovely private-bed near Train,Dan,Dorchester,Private room,80,29,1,0.04,8,230,0,1.0,1,100,3.0,within an hour
Welcoming 1 bedroom C,Ankita,Jamaica Plain,Private room,58,1,14,0.54,2,36,3,1.0,1,100,4.21,within an hour
"Nxt to ocean, 5 min dntwn by T",Albena,East Boston,Entire home/apt,318,1,154,5.67,2,245,54,1.0,2,100,4.85,within an hour
Residential home with free parking,Bill,Mattapan,Entire home/apt,441,4,22,0.86,1,281,10,2.0,5,83,4.73,within a few hours
Perfect Victorian home,Lee,Mattapan,Entire home/apt,650,1,0,0.0,6,264,0,2.5,4,92,4.7,within an hour
"Forever Boston-5 mil Fenway, FreePrkg",Elona,Roslindale,Entire home/apt,203,2,77,2.81,1,119,33,1.0,3,100,4.71,within an hour
Cozy Back Bay Studio | Close to Fenway!,Sean,Fenway,Entire home/apt,252,1,12,4.34,70,229,12,1.0,0,100,4.42,within an hour
JP Gem: Near Orange Line & Food,Eric,Jamaica Plain,Private room,107,3,69,3.7,1,24,42,1.0,1,100,4.74,within an hour
"Blueground | Fenway, roof & gym, nr fenway park",Blueground,Fenway,Entire home/apt,274,32,0,0.0,369,26,0,1.0,0,99,4.7,within an hour
Almost there!  4bed 2bath Apartment in Downtown,Sean,Downtown,Entire home/apt,411,3,114,4.44,70,210,70,2.0,4,100,4.6,within an hour
Luxury apartment in south end!,Seif,South End,Entire home/apt,490,29,4,0.15,2,365,0,2.0,2,0,4.5,a few days or more
Best Place To Rest,Maudrey,Mattapan,Entire home/apt,393,2,27,1.17,1,269,13,2.0,3,100,5.0,within an hour
Luxurious 1BR in FIDI Boston | Close to Everything,Sean,Downtown,Entire home/apt,312,1,134,4.97,54,259,62,1.0,1,100,4.68,within an hour
Charming Theater District 1Br | Walk Anywhere!,Sean,Bay Village,Entire home/apt,544,29,39,1.43,70,137,0,1.0,1,100,4.64,within an hour
Pet Friendly - Laundry in Bldg - FIDI,Sean,Downtown,Entire home/apt,244,1,89,3.35,70,65,41,1.0,1,100,4.6,within an hour
Spacious Savin Hill Apt mins from Redline,Patrick,Dorchester,Entire home/apt,110,29,2,0.15,1,76,1,1.0,1,0,5.0,a few days or more
Boston Bunkers,Hitesh,Roslindale,Entire home/apt,183,29,39,1.52,7,130,12,1.0,2,100,4.85,within an hour
Spacious & Stylish 4-BR w/ 4-BA Apt near DT,Indira,Roxbury,Entire home/apt,302,1,40,3.09,1,316,38,4.0,4,100,4.98,within an hour
Lovely corner condo in Boston close to Hospitals,Adam,Jamaica Plain,Entire home/apt,341,29,4,0.15,95,90,0,2.0,2,92,4.25,within an hour
"Blueground | Fenway, roof & gym, nr fenway park",Blueground,Fenway,Entire home/apt,378,32,0,0.0,369,320,0,1.0,1,99,4.7,within an hour
Private room in Boston Neighborhood (1st Fl),Noelani,Mattapan,Private room,86,1,59,2.49,1,269,22,1.0,1,94,4.81,within a few hours
Djady’s,Maria,Dorchester,Private room,45,29,4,0.16,3,341,2,1.0,1,100,4.0,within an hour
Upscale Boston 2 BR w/ Off Street Parking,Tim,West Roxbury,Entire home/apt,340,3,76,2.84,1,317,34,1.0,2,100,4.86,within an hour
Location+Comfort+Convenience!,Jonatas,East Boston,Entire home/apt,277,2,46,1.86,1,241,18,2.0,3,100,4.67,within an hour
Single Family with comfort plus location.,Safiya,Roxbury,Entire home/apt,350,29,2,0.28,1,322,2,1.5,3,100,4.5,Unknown
Mystic River House,Nicole,Charlestown,Entire home/apt,700,29,1,0.04,1,88,0,3.0,4,75,5.0,within a day
Lovely 3 bedroom 2 bath “6 miles from downtown”,Lee,Dorchester,Entire home/apt,402,1,40,1.52,6,349,12,2.0,3,92,4.6,within an hour
Heart of Southie - Hot Tub + Walk to Top Bars,Alexander,South Boston,Entire home/apt,592,2,81,3.3,1,318,36,2.5,4,100,4.83,within an hour
"Roslindale Condo,W/D in unit,2 BDR,Free Parking",Gerald,Roslindale,Entire home/apt,180,3,45,1.81,1,271,16,1.5,2,80,4.82,within an hour
Boston Getaway,Keren,Dorchester,Entire home/apt,158,29,1,0.04,1,364,0,1.0,1,100,5.0,Unknown
Cozy room space,Lee,Dorchester,Private room,630,1,0,0.0,6,365,0,1.0,1,92,4.7,within an hour
"Suite Boston, With Private Bath",Roger Michael,Dorchester,Private room,148,1,213,8.05,3,12,84,1.0,1,100,4.95,within an hour
Private Room in a House (Red Tulip),Selim,Jamaica Plain,Private room,100,1,18,0.68,9,65,10,1.0,1,100,4.83,within an hour
Private Room (Violet) in a House,Selim,Jamaica Plain,Private room,132,2,10,0.4,9,25,2,1.0,1,100,4.6,within an hour
Stylish Room in South End + Private Patio,Gates,South End,Private room,100,30,12,0.5,1,198,6,1.0,1,100,4.92,within an hour
Cozy Central Fenway Studio,Sean,Fenway,Entire home/apt,277,1,4,2.79,70,258,4,1.0,0,100,4.75,within an hour
Lovely Brighton Apartment!,Youcef,Brighton,Entire home/apt,185,91,0,0.0,1,365,0,1.0,2,100,4.7,Unknown
Boston 1 bedrm/livingrm close T,Jade,Dorchester,Entire home/apt,109,31,2,0.11,9,333,1,1.0,1,96,5.0,within a few hours
Quiet brownstone close to city,Krisztian,East Boston,Entire home/apt,281,1,134,5.1,1,246,65,1.0,2,100,4.84,within an hour
Downtown Boston - Maison Moderne,Taibou,Dorchester,Private room,90,29,9,0.36,3,270,4,1.0,1,100,4.78,within an hour
Boston 1 bed/livingrm close to T,Jade,Dorchester,Entire home/apt,109,30,2,0.09,9,361,0,1.0,1,96,5.0,within a few hours
"New 3 bedroom, 2 bath unit, meadow view!",Xun,Allston,Entire home/apt,550,1,90,3.56,1,168,42,2.0,3,100,4.9,within an hour
"1 bed/kitchen, 7 minutes to T",Jade,Dorchester,Entire home/apt,136,31,4,0.16,9,361,0,1.0,0,96,4.5,within a few hours
"Blueground | S End, w/d & gym, nr groceries",Blueground,South End,Entire home/apt,288,32,0,0.0,369,322,0,1.0,1,99,4.7,within an hour
Boston Private Modern Bedroom in Boston,Hunter,Dorchester,Private room,117,29,23,0.91,4,56,4,1.0,1,100,4.14,within an hour
"Blueground | S End, rooftop & gym, nr dining",Blueground,South End,Entire home/apt,327,32,0,0.0,369,19,0,1.0,1,99,4.7,within an hour
"Blueground | South Boston, w/d, nr carson Bbeach",Blueground,South Boston,Entire home/apt,242,32,1,0.05,369,262,0,1.0,1,99,3.0,within an hour
South End Stunner/walk to all the neighborhoods!,Jacquelyn,South End,Entire home/apt,1093,3,22,0.97,1,324,10,2.5,3,100,4.86,within an hour
Ideal for long stays | Chic downtown glass suite,Naveen,Brighton,Entire home/apt,190,1,53,2.06,38,100,44,1.0,1,100,4.74,within an hour
Private Double Bedroom in Beacon Hill (Bedroom #2),Min Seok,Beacon Hill,Private room,162,2,114,4.49,3,323,46,1.0,1,100,4.66,within an hour
Private Bedroom in Beacon Hill (Bedroom #1),Min Seok,Beacon Hill,Private room,77,2,148,5.77,3,249,64,1.0,1,100,4.71,within an hour
Walk! Location! - First floor! - Steps from the T!,Jessy And Diego,Fenway,Entire home/apt,158,2,73,2.88,20,176,31,1.0,0,100,4.68,within an hour
Authentic Brownstone Boston Studio!,Justin And Mandy,South End,Entire home/apt,176,1,6,0.34,15,348,4,1.0,1,100,4.33,within an hour
Luxury 2Br 2Ba bathrooms South End Boston Balcony,Adam,South End,Entire home/apt,804,29,11,0.44,95,365,2,2.0,2,92,4.0,within an hour
Ideal for long stays | elegant suite Boston views,Naveen,Brighton,Entire home/apt,194,1,86,3.44,38,61,29,1.0,1,100,4.67,within an hour
Charming South End Farmhouse - Near Northeastern!,Holly,Roxbury,Entire home/apt,440,2,142,5.45,5,264,64,2.5,3,100,4.85,within an hour
Cute Studio in Longwood/Fenway,Cassandra And Michael,Mission Hill,Entire home/apt,199,2,41,2.29,18,201,24,1.0,0,100,4.44,within an hour
Stylish Compact Efficiency Unit - Longwood/Fenway,Cassandra And Michael,Mission Hill,Entire home/apt,140,2,83,3.51,18,151,50,1.0,0,100,4.49,within an hour
Private Room Near Boston University Medical Campus,Gennady Arik,Roxbury,Private room,69,29,10,0.39,1,48,1,1.5,1,100,4.9,within an hour
"Furnished Private Condo, Short Term Rental!",Michael,South Boston,Entire home/apt,161,30,0,0.0,1,263,0,1.0,1,100,4.7,Unknown
"Boston 1bed/living, 7minute to T",Jade,Dorchester,Entire home/apt,95,31,0,0.0,9,292,0,1.0,1,96,4.7,within a few hours
Eastie near the airport Great location,Ivan,East Boston,Entire home/apt,224,2,41,1.59,1,41,22,1.0,1,100,4.85,within an hour
Boston by the beach with patio & private bathroom!,Jillian,South Boston,Private room,151,1,37,2.39,2,65,24,1.0,1,100,4.92,within an hour
"Seaport Gem:Stylish 2BR/2BA Condo, Luxurious touch",Adam,South Boston Waterfront,Entire home/apt,599,29,3,0.12,95,365,0,2.0,2,92,4.67,within an hour
Luxury 2BR 2BA apt in Seaport,Adam,South Boston Waterfront,Entire home/apt,599,29,0,0.0,95,365,0,2.0,2,92,4.7,within an hour
"New Boston 1bed/living, close T",Yao,Dorchester,Entire home/apt,100,29,1,0.05,7,361,0,1.0,1,100,5.0,within an hour
Charming New England Artist House,Maya,Jamaica Plain,Entire home/apt,250,2,10,0.41,1,353,3,2.0,3,100,4.8,within a day
"Blueground | Back Bay, gym & w/d, nr restaurants",Blueground,Back Bay,Entire home/apt,331,32,0,0.0,369,307,0,1.0,0,99,4.7,within an hour
Charming vintage apartment!,Melissa,Dorchester,Entire home/apt,159,2,69,2.72,1,126,35,1.0,2,100,4.71,within an hour
"Downtown Studio Apt, Perfect for Medical Workers",StayNue,Downtown,Entire home/apt,103,29,1,0.04,32,359,0,1.0,1,92,5.0,within an hour
Korean Gem in Brighton,Richard,Brighton,Private room,114,1,48,2.0,1,355,21,1.0,1,100,4.81,within an hour
Amazing 3BR w/ Private Rooftop,Pascal,East Boston,Entire home/apt,210,29,3,0.12,1,229,1,2.0,2,100,3.67,within a day
Nature x City in Boston,Andrea,Jamaica Plain,Entire home/apt,153,91,0,0.0,1,353,0,1.0,1,100,4.7,Unknown
Stunning. Unique. And Very Upscale 3BR 2BA W&Dryer,Adam,South Boston Waterfront,Entire home/apt,804,29,3,0.12,95,365,0,2.0,3,92,4.33,within an hour
Modern & Cozy Charles River View condo W&D in unit,Adam,Brighton,Entire home/apt,547,29,0,0.0,95,365,0,2.0,2,92,4.7,within an hour
"Modern Luxurious Charles River View, 2BR 2BA Condo",Adam,Brighton,Entire home/apt,459,29,3,0.12,95,365,0,2.0,2,92,5.0,within an hour
Cozy Oasis Minutes From Logan,Hans,East Boston,Entire home/apt,362,2,28,1.32,1,17,13,2.0,2,100,4.86,within a few hours
Homey 2BR 2BA Apartment Close to Boston Downtown,Nova,Brighton,Entire home/apt,177,29,2,0.08,4,39,0,2.0,2,100,4.0,within an hour
Luxury Loft | W/D in Unit | Pet Friendly,Sean,Downtown,Entire home/apt,328,1,95,3.8,54,234,41,2.0,2,100,4.65,within an hour
Spacious apt 5min drive Downtown~,Peter,East Boston,Entire home/apt,398,29,5,0.2,4,365,0,1.0,4,100,4.4,within an hour
1Bedroom • Boston• Airport • Magnificent view,Emma,East Boston,Entire home/apt,209,3,22,0.95,1,185,13,1.0,1,100,4.86,within an hour
"Cheerful, Open Concept, Apt. 2BD/1Bath, 1st Floor",Eddie,Roslindale,Entire home/apt,172,29,12,0.49,2,34,5,1.0,2,100,5.0,within an hour
Luxury apartment 2bd 2bath,Seif,South End,Entire home/apt,381,29,3,0.12,2,365,0,2.0,2,0,4.67,a few days or more
Boston 4bd 2 bath Townhouse with parking & office,Jonathan,Hyde Park,Entire home/apt,189,30,4,0.31,11,221,3,2.0,4,94,4.75,within a few hours
Penthouse Overlooking Boston Common,Scott,Downtown,Entire home/apt,411,29,9,0.44,1,360,3,1.0,2,100,4.56,Unknown
Victorian room hosted by Treana,Treana,Roxbury,Private room,56,2,43,1.95,1,100,27,1.0,1,100,4.63,within an hour
Tranquil Allston Condo w/ Parking by Harvard/BU/BC,Jonathan,Allston,Entire home/apt,186,29,18,0.86,4,322,6,1.0,2,90,4.72,within a day
Sunny Apt - Historic Beacon Hill,John,Beacon Hill,Entire home/apt,225,91,2,0.09,1,231,1,1.5,2,100,5.0,within an hour
Alyn,Maria,Dorchester,Private room,56,29,8,0.33,3,231,1,1.5,1,100,5.0,within an hour
Large Private Room (Orchid Room),Selim,Jamaica Plain,Private room,96,2,3,0.12,9,78,0,1.0,1,100,4.33,within an hour
Best 1 bed 1 living r with extra sofa bed Boston,Liya,Beacon Hill,Entire home/apt,202,29,3,0.3,114,164,3,1.0,1,100,4.0,within an hour
Cozy Urban Studio in Boston,Rosy,Dorchester,Entire home/apt,145,2,77,3.15,2,294,32,1.0,1,77,4.61,within an hour
Stunning Unique And Very Upscale,Adam,Jamaica Plain,Entire home/apt,1098,29,6,0.24,95,365,1,2.0,2,92,4.5,within an hour
"Blueground | Back Bay, gym & w/d, nr restaurants",Blueground,Bay Village,Entire home/apt,346,32,1,0.08,369,3,0,1.0,1,99,5.0,within an hour
"Private bedroom, shared bath, off-street parking L",Tzuo Hann,Dorchester,Private room,62,32,5,0.22,3,96,1,1.0,1,100,4.6,within an hour
Retro Bungalow| Inquire for Discounts & Questions,Sanaba,Mattapan,Entire home/apt,279,29,4,0.16,1,365,0,1.0,3,100,4.5,Unknown
Boston Cozy Suite & Bathroom,Hunter,Dorchester,Private room,85,2,13,1.65,4,155,13,1.0,1,100,4.92,within an hour
"Cozy studio near-Train&Bus, safe area in Boston",Margarita,West Roxbury,Entire home/apt,125,5,24,1.04,5,202,13,1.0,1,100,4.92,within an hour
Stunning Riverview 2BR/2BA,Adam,Brighton,Entire home/apt,574,29,8,0.34,95,365,0,2.0,2,92,4.63,within an hour
"Spacious, Sun~filled Brownstone in Heart of Boston",Tiffany,Bay Village,Entire home/apt,988,1,102,4.24,3,268,50,3.0,3,100,4.78,within an hour
Stunning Luxury Oasis ~Brownstone @Heart of Boston,Tiffany,Bay Village,Entire home/apt,1056,10,2,0.12,3,303,1,3.0,3,100,4.5,within an hour
Nicely furnished single family in boston,Jonathan,Hyde Park,Entire home/apt,143,30,0,0.0,11,315,0,1.0,3,94,4.7,within a few hours
"Blueground | Fenway, gym & w/d, nr dining & shops",Blueground,Fenway,Entire home/apt,326,32,1,0.1,369,333,1,1.0,1,99,5.0,within an hour
"Blueground | Fenway, gym, nr dining & shops",Blueground,Fenway,Entire home/apt,387,32,0,0.0,369,323,0,1.0,2,99,4.7,within an hour
"Happy Green House, Boston Landing, BU, BC, Harvard",Sheila,Allston,Entire home/apt,262,2,58,2.42,2,152,27,1.0,2,100,4.68,within an hour
"Spacious, New Renovation | Near T",Daniel,Dorchester,Entire home/apt,515,30,20,1.19,2,289,16,3.5,6,100,4.85,within an hour
Chic Condo Retreat near Ashmont,Roodberley,Dorchester,Private room,240,29,0,0.0,1,365,0,1.0,1,100,4.7,Unknown
2 Bed Condo w/ Parking and W/D in Boston,Anthony,Dorchester,Entire home/apt,206,60,0,0.0,3,322,0,1.0,2,100,4.7,within an hour
Modern House by Rogers Park,Mary,Brighton,Entire home/apt,425,5,5,0.21,1,245,2,3.0,3,100,4.8,Unknown
Cozy 2BR Apartment Close to Boston Downtown,Nova,Brighton,Entire home/apt,170,29,1,0.04,4,51,0,2.0,2,100,5.0,within an hour
"(W-12) South End, Stylish Studio! Location!",Paige,South End,Entire home/apt,255,1,64,2.67,60,35,25,1.0,0,100,4.41,within an hour
(W-14) Studio / Low Price - Location - South End!,Paige,South End,Entire home/apt,199,1,87,3.59,60,32,46,1.0,0,100,4.56,within an hour
"(W1) South End on Tremont St, Studio w/Queen!",Paige,South End,Entire home/apt,215,1,51,2.11,60,37,22,1.0,0,100,4.43,within an hour
(W4) South End Simple Studio! 1st floor!,Paige,South End,Entire home/apt,325,1,43,1.78,60,31,29,1.0,0,100,4.6,within an hour
"Blueground | South Boston, roof & w/d, nr red line",Blueground,South Boston,Entire home/apt,225,32,0,0.0,369,277,0,1.0,0,99,4.7,within an hour
"(W9) Studio in South End Boston, Prime Location",Paige,South End,Entire home/apt,255,1,54,2.24,60,37,32,1.0,0,100,4.57,within an hour
"Seaport Gem:Stylish 2BR/2BA Condo,",Greg,South Boston Waterfront,Entire home/apt,839,29,15,0.71,20,331,10,2.0,2,69,4.67,within a few hours
Extraordinary 1-Bedroom Apartment in South Boston!,Kathleen,South Boston,Entire home/apt,202,2,82,3.57,1,281,42,1.0,1,100,4.91,within an hour
"Blueground | S Boston, in-unit w/d, nr red line",Blueground,South Boston,Entire home/apt,240,32,0,0.0,369,323,0,1.0,0,99,4.7,within an hour
"Blueground | S Boston, w/d, nr broadway t stop",Blueground,South Boston,Entire home/apt,225,32,1,0.05,369,320,0,1.0,0,99,1.0,within an hour
Charming & Chic | Studio Apartment,Sean,Fenway,Entire home/apt,320,29,11,0.53,70,113,2,1.0,0,100,4.55,within an hour
Perfect Traveling Nurse Housing - Theatre District,Sean,Downtown,Entire home/apt,228,1,80,3.37,70,238,45,1.0,2,100,4.45,within an hour
Ideal for long stays | Modern suite on top floor,Naveen,Brighton,Entire home/apt,186,1,75,3.26,38,131,48,1.0,1,100,4.6,within an hour
(W-13) Studio in the South End,Paige,South End,Entire home/apt,237,1,76,3.14,60,31,36,1.0,0,100,4.49,within an hour
Bright 2BR by Boston Waterfront,Reece,East Boston,Entire home/apt,191,1,180,7.54,2,164,83,1.0,2,100,4.71,within an hour
Modern 1BR steps to BOS Common!,Sean,Downtown,Entire home/apt,245,5,103,4.29,70,205,52,1.0,1,100,4.29,within an hour
"(DR52) Spacious 6 bed, Close to City, Roof deck!",Paige,Dorchester,Entire home/apt,499,1,51,2.2,60,254,29,6.0,5,100,4.86,within an hour
Charming Boston Home | Near T,Daniel,Dorchester,Entire home/apt,214,30,26,1.13,1,316,5,2.0,4,100,4.85,within an hour
Stunning 1BR with a view on the Commons | 2x beds 9086,Mohammed Radi,Downtown,Entire home/apt,304,1,101,4.21,64,332,42,1.0,1,99,4.42,within an hour
Alaska Street R21,Mort,Roxbury,Private room,63,2,29,1.22,7,354,16,1.0,1,100,4.52,within an hour
Lux 1BR w/ Amenities in Seaport,Compass,South Boston Waterfront,Entire home/apt,249,29,1,0.16,29,84,1,1.0,1,96,5.0,within a few hours
Alaska Street R22,Mort,Roxbury,Private room,71,2,31,1.3,7,352,12,1.0,1,100,4.45,within an hour
Brighton Apartment Sleeps 3+ Steps to Bus Line,Shmuel,Brighton,Entire home/apt,181,2,23,1.05,1,119,11,1.0,1,100,4.7,within an hour
Alaska Street R24,Mort,Roxbury,Private room,86,2,31,1.3,7,359,15,1.0,1,100,4.45,within an hour
Amazing spacious city view 2bed 2 bath unit fenway,Greg,Fenway,Entire home/apt,839,4,1,0.14,20,361,1,2.0,2,69,5.0,within a few hours
Sparkling 2BR / 2BA in Back Bay,Greg,Back Bay,Entire home/apt,839,29,0,0.0,20,365,0,2.0,2,69,4.7,within a few hours
Modern Huge 2bed 2bath Apartment Back bay,Greg,Back Bay,Entire home/apt,839,29,0,0.0,20,364,0,2.0,2,69,4.7,within a few hours
Lux charming 2br 2ba condo fenway,Greg,Fenway,Entire home/apt,839,5,6,0.52,20,262,6,2.0,2,69,4.83,within a few hours
Charlesgate Suites: Premier Oversized One Bedroom,Charlesgate Suites,Fenway,Entire home/apt,346,3,9,0.39,9,313,4,1.0,1,100,4.56,within an hour
Charlesgate Suites: Perfect Lower Level Suite,Charlesgate Suites,Fenway,Entire home/apt,226,3,20,0.87,9,340,11,1.0,0,100,4.47,within an hour
Charlesgate Suites: Lower Level Suite,Charlesgate Suites,Fenway,Entire home/apt,231,3,27,1.23,9,309,18,1.0,0,100,4.81,within an hour
Charlesgate Suites: Renovated & Ready To Host You!,Charlesgate Suites,Fenway,Entire home/apt,276,3,23,1.0,9,347,15,1.0,0,100,4.65,within an hour
Charlesgate Suites: Enjoy Boston Today!,Charlesgate Suites,Fenway,Entire home/apt,287,3,25,1.05,9,333,19,1.0,0,100,4.76,within an hour
Charlesgate Suites: Restored Elegance,Charlesgate Suites,Fenway,Entire home/apt,315,3,19,0.8,9,319,11,1.0,0,100,4.63,within an hour
Charlesgate Suites: Newly Renovated Studio,Charlesgate Suites,Fenway,Entire home/apt,297,3,19,0.86,9,326,8,1.0,1,100,4.68,within an hour
Charlesgate Suites: Urban Chic Delight - Discover,Charlesgate Suites,Fenway,Entire home/apt,261,3,33,1.39,9,321,29,1.0,0,100,4.67,within an hour
Charlesgate Suites: Contemporary Retreat In Style,Charlesgate Suites,Fenway,Entire home/apt,270,3,34,1.46,9,327,20,1.0,0,100,4.85,within an hour
Lake View 2br 2ba condo King bed,Greg,Jamaica Plain,Entire home/apt,839,29,0,0.0,20,365,0,2.0,2,69,4.7,within a few hours
Do not look past this Lakefront Luxurious & Quiet,Greg,Jamaica Plain,Entire home/apt,839,29,4,0.37,20,365,4,2.0,2,69,3.75,within a few hours
Stunning. Unique. And Very Upscale 3BR 2BA,Greg,South Boston Waterfront,Entire home/apt,839,29,4,0.28,20,365,3,2.0,3,69,4.5,within a few hours
"Spacious, Walkable 2BR Condo | 30/60/90+ Nights",William,Allston,Entire home/apt,166,91,3,0.2,1,182,2,1.0,2,100,5.0,Unknown
Stylish & Bright 1 BDR| Close to Fenway Park!,Sean,Fenway,Entire home/apt,300,1,0,0.0,70,19,0,1.0,1,100,4.7,within an hour
Cozy & Modern 1 BDR | Fenway within minutes!,Sean,Fenway,Entire home/apt,225,29,5,0.22,70,161,0,1.0,1,100,5.0,within an hour
Petit Garden Level Micro Studio,Sean,Back Bay,Entire home/apt,147,29,12,0.51,50,256,7,1.0,0,100,4.25,within an hour
"(C) Cozy & comfortable room near Harvard, MIT & BU",Wendy,Allston,Private room,56,91,2,0.17,9,187,2,1.0,1,90,4.5,within a few hours
Home Away From Home,Kerri-Ann Ruth,Dorchester,Entire home/apt,299,2,2,0.15,1,247,1,1.0,3,100,4.5,within an hour
Luxury Ocean View Condo w/ Roof Top Deck,Taylor,South Boston,Entire home/apt,199,91,0,0.0,1,122,0,2.0,2,100,4.7,within a day
Back Bay Simple Studio Apartment,Sean,South End,Entire home/apt,161,29,24,1.02,50,221,7,1.0,0,100,4.5,within an hour
Quiet Studio Circa South End,Sean,South End,Entire home/apt,214,29,19,0.8,50,251,6,1.0,0,100,4.53,within an hour
Retro Studio on Quiet Street,Sean,South End,Entire home/apt,138,29,32,1.35,50,236,16,1.0,0,100,4.59,within an hour
Cozy Studio near Prudential Ctr,Sean,Back Bay,Entire home/apt,172,29,16,0.68,50,265,10,1.0,0,100,4.44,within an hour
Comfy Back Bay Alcove Studio Apt,Sean,Roxbury,Entire home/apt,258,29,23,0.97,50,265,9,1.0,0,100,4.7,within an hour
Sunkissed Studio near South End,Sean,Fenway,Entire home/apt,219,29,10,0.44,50,266,3,1.0,0,100,3.9,within an hour
Blissful South End Studio,Sean,Back Bay,Entire home/apt,153,29,15,0.63,50,258,3,1.0,0,100,4.27,within an hour
Tranquil South End Studio,Sean,Back Bay,Entire home/apt,215,29,14,0.59,50,258,0,1.0,0,100,4.43,within an hour
Newly Renovated w/ Exposed Brick,Sean,Back Bay,Entire home/apt,179,29,10,0.45,50,270,4,1.0,0,100,4.8,within an hour
South End Serene Studio,Sean,South End,Entire home/apt,163,29,11,0.46,50,267,6,1.0,0,100,4.73,within an hour
Harmonious South End Studio,Sean,Back Bay,Entire home/apt,191,29,20,0.86,50,264,5,1.0,0,100,4.2,within an hour
Cozy South End Loft,Sean,Back Bay,Entire home/apt,207,29,18,0.76,50,269,4,1.0,0,100,4.5,within an hour
Elegant Prudential Area Studio,Sean,Back Bay,Entire home/apt,197,29,12,0.51,50,266,3,1.0,0,100,4.0,within an hour
Urban Chic South End Studio,Sean,Back Bay,Entire home/apt,149,29,20,0.86,50,269,11,1.0,0,100,4.4,within an hour
Southie Condo-By Subway-Bring Pets-Pool Table,Bridget,South Boston,Entire home/apt,222,1,104,4.47,1,352,58,1.0,2,100,4.82,within an hour
First floor room 1,Ray,East Boston,Private room,105,1,109,4.72,4,69,58,1.0,1,100,4.78,within an hour
"Cozy FULL Bd, 7mn to Aiport, 3mn walk to Train",Nemrac,East Boston,Private room,78,1,104,6.38,2,348,68,1.0,1,100,4.82,within an hour
Cozy home with backyard & patio,Carol,Jamaica Plain,Entire home/apt,360,2,2,1.54,1,186,2,1.5,4,90,5.0,within a few hours
Quaint studio apartment! Back Bay Area,Sean,South End,Entire home/apt,160,1,50,2.13,50,303,25,1.0,0,100,4.64,within an hour
Modern studio apartment!,Sean,Back Bay,Entire home/apt,200,1,65,2.76,50,358,48,1.0,0,100,4.55,within an hour
Quaint Studio Apt! | Steps from Back Bay,Sean,Back Bay,Entire home/apt,135,29,20,0.86,50,359,13,1.0,0,100,4.35,within an hour
Old Charm Studio Apt near Back Bay,Sean,Back Bay,Entire home/apt,142,1,49,2.12,50,203,19,1.0,0,100,4.37,within an hour
Centrally Located Basic Studio,Sean,South End,Entire home/apt,182,29,14,0.6,50,238,7,1.0,0,100,4.5,within an hour
Spacious Studio! | Back Bay,Sean,Back Bay,Entire home/apt,220,29,20,0.87,50,259,7,1.0,0,100,4.8,within an hour
Beaut private close univ+hospital,Maria,Jamaica Plain,Entire home/apt,143,1,83,3.55,2,118,43,1.0,1,100,4.84,within an hour
Prudential Area Loft Retreat,Sean,Fenway,Entire home/apt,175,29,18,0.78,50,269,8,1.0,0,100,4.56,within an hour
Charming Studio Apt! | Back Bay,Sean,Back Bay,Entire home/apt,204,29,18,0.79,50,267,3,1.0,0,100,4.83,within an hour
Serene Studio with Cozy Atmosphere!,Sean,Fenway,Entire home/apt,188,29,12,0.51,50,337,3,1.0,0,100,4.5,within an hour
Brixton Studio | Minutes from Back Bay!,Sean,Back Bay,Entire home/apt,124,29,10,0.44,50,187,0,1.0,0,100,3.5,within an hour
Vibrant Studio! | Minutes from Back Bay,Sean,Back Bay,Entire home/apt,161,29,7,0.34,50,260,4,1.0,0,100,4.57,within an hour
Bright & Cozy Studio Apartment,Sean,Back Bay,Entire home/apt,219,29,11,0.51,50,261,3,1.0,0,100,3.91,within an hour
Chic Metro South End Studio,Sean,Back Bay,Entire home/apt,204,29,26,1.12,50,311,8,1.0,0,100,4.46,within an hour
Artisan Brick South End Loft,Sean,Back Bay,Entire home/apt,215,29,16,0.69,50,264,5,1.0,0,100,4.94,within an hour
"3BR Victorian getaway with loft, near the Bay",Vacasa Guestworks,Dorchester,Entire home/apt,259,2,13,0.61,2,365,6,3.0,3,100,4.15,within an hour
Lolo’s apt !Best location!,Lorena,East Boston,Entire home/apt,192,2,103,4.42,1,264,56,1.0,2,100,4.69,within an hour
South End Blissful Studio,Sean,Back Bay,Entire home/apt,183,29,20,0.87,50,350,6,1.0,0,100,4.45,within an hour
Stylish South End Studio,Sean,South End,Entire home/apt,190,29,23,1.03,50,223,10,1.0,0,100,4.48,within an hour
South End Serene Studio,Sean,Back Bay,Entire home/apt,169,29,11,0.51,50,253,2,1.0,0,100,4.73,within an hour
Peaceful Back Bay Studio,Sean,Back Bay,Entire home/apt,211,29,12,0.53,50,269,3,1.0,0,100,4.25,within an hour
Cozy Central South End Studio,Sean,Back Bay,Entire home/apt,196,1,13,0.56,50,270,7,1.0,0,100,3.69,within an hour
Lovely Studio Apt | South End,Sean,Back Bay,Entire home/apt,176,29,7,0.3,50,347,3,1.0,0,100,3.71,within an hour
Wonderful South End Studio,Sean,South End,Entire home/apt,240,1,31,1.35,50,323,13,1.0,0,100,4.32,within an hour
Sleek Back Bay Studio,Sean,Fenway,Entire home/apt,210,29,19,0.81,50,234,9,1.0,0,100,4.53,within an hour
Airy Studio | South End,Sean,Back Bay,Entire home/apt,176,29,14,0.6,50,339,6,1.0,0,100,4.64,within an hour
Private Queen Bedroom in city,Patrice,Dorchester,Private room,65,31,1,0.05,2,267,0,1.0,1,67,5.0,within a day
"*Cozy, Convenient Boston. Indulge, you deserve it*",Kelli & Ray,Hyde Park,Entire home/apt,222,1,42,2.07,1,345,15,1.0,3,100,4.67,within an hour
Small Studio in quiet area,Edwin,West Roxbury,Entire home/apt,102,91,1,1.0,3,205,1,1.0,1,100,5.0,within an hour
Raffles Pied-A-Tier Studio,Evan,Back Bay,Entire home/apt,255,29,2,0.15,1,313,1,1.0,1,100,5.0,within a few hours
Boston - Spacious Victorian,Gary,West Roxbury,Entire home/apt,299,29,0,0.0,1,169,0,2.5,4,100,4.7,within a few hours
Beautiful Southie Single Family,Charles,South Boston,Entire home/apt,577,3,62,2.88,1,233,31,3.0,5,100,4.73,within an hour
Single Family Boston House Great Privacy,Xianming,West Roxbury,Entire home/apt,484,1,36,1.66,1,260,19,3.5,5,100,4.75,within an hour
"Blueground | Brighton, gym, nr groceries & shops",Blueground,Brighton,Entire home/apt,389,32,0,0.0,369,335,0,2.0,2,99,4.7,within an hour
Upscale Penthouse w/Gym & Parking near MGH & TUFTS,Haroldo,Chinatown,Entire home/apt,755,29,2,0.17,8,306,2,2.0,4,100,5.0,within an hour
Spacious 2BR 2BA in Back Bay,Adam,Back Bay,Entire home/apt,689,29,1,0.06,95,365,0,2.0,2,92,4.0,within an hour
Bright 2BR By Boston Waterfront,Reece,East Boston,Entire home/apt,250,90,3,0.16,2,170,1,1.0,2,100,4.33,within an hour
Spacious suite in Boston near BC & Harvard,Naveen,Brighton,Entire home/apt,144,1,54,2.38,38,114,25,1.0,0,100,4.56,within an hour
"Small Apartment, Big Heart!",Nicky,Beacon Hill,Entire home/apt,300,183,0,0.0,1,358,0,1.0,0,100,4.7,Unknown
Lux 1BR w/ Amenities in Seaport,Compass,South Boston Waterfront,Entire home/apt,319,9,9,0.4,29,88,1,1.0,1,96,4.89,within a few hours
Walk! Location - 1 Bedroom/1 Bath - 2 mins from T!,Jessy And Diego,Fenway,Entire home/apt,177,2,81,3.53,20,143,35,1.0,1,100,4.69,within an hour
New Private Room in Condo with a Dog,Vanna,Mattapan,Private room,88,1,13,0.63,1,318,7,1.0,1,100,4.92,within an hour
Luxury 2 Br 2 Ba apt Boston Jamica pond,Adam,Jamaica Plain,Entire home/apt,344,29,3,0.14,95,270,0,2.0,2,92,2.67,within an hour
"Blueground | Back Bay, gym & w/d, nr dining",Blueground,Bay Village,Entire home/apt,338,32,0,0.0,369,321,0,1.0,1,99,4.7,within an hour
"Boston studio, 7 minutes to T",Yao,Dorchester,Entire home/apt,116,31,1,0.21,7,246,1,1.0,0,100,3.0,within an hour
Modern chic 2 bedroom apt!,Sean,Downtown,Entire home/apt,500,4,18,0.81,46,111,0,1.0,2,100,4.78,within an hour
"Designer 3-BR Apt in Historic Charlestown, Boston",Rebecca,Charlestown,Entire home/apt,475,2,50,2.44,1,159,29,3.0,3,100,4.9,within a few hours
Stellar South End Studio,Sean,Back Bay,Entire home/apt,224,1,12,0.76,50,251,5,1.0,0,100,3.92,within an hour
"UMass Boston, Beach, Renovated, CA, In-Unit Lau",STARS Of,Dorchester,Entire home/apt,335,29,2,0.1,11,267,1,1.0,2,100,3.5,within an hour
Oversized 1Bed w/ Outdoor Pool & Elevator,Kama,Brighton,Entire home/apt,115,29,1,0.04,39,209,0,1.0,1,99,4.0,within an hour
Compact Back Bay Studio,Sean,Back Bay,Entire home/apt,152,29,23,1.03,50,257,12,1.0,0,100,4.78,within an hour
4. Spacious room easy commute to Boston Downtown,Ehab,Dorchester,Private room,58,29,38,1.84,15,93,18,1.0,1,100,4.55,within a few hours
5. Sunny room easy commute to Boston Downtown,Ehab,Dorchester,Private room,55,29,40,1.89,15,125,17,1.0,1,100,4.63,within a few hours
6. Large room easy commute to Boston Downtown.,Ehab,Dorchester,Private room,57,29,31,1.47,15,133,14,1.0,1,100,4.71,within a few hours
Modern Simple Studio | South End,Sean,Back Bay,Entire home/apt,185,1,41,1.8,50,274,23,1.0,0,100,4.46,within an hour
Peaceful South End Studio!,Sean,Back Bay,Entire home/apt,176,1,40,1.81,50,257,25,1.0,0,100,4.48,within an hour
Serene South End Studio,Sean,Back Bay,Entire home/apt,169,1,26,1.17,50,359,7,1.0,0,100,4.35,within an hour
Lovely South End Studio,Sean,Back Bay,Entire home/apt,146,1,60,2.68,50,327,42,1.0,0,100,4.43,within an hour
Charming South End Studio Apt,Sean,Back Bay,Entire home/apt,217,1,14,0.65,50,271,2,1.0,0,100,4.64,within an hour
Peaceful Studio | Close to Fenway,Sean,Back Bay,Entire home/apt,142,29,22,1.0,50,254,10,1.0,0,100,4.5,within an hour
Spacious Studio Apt | South End,Sean,Back Bay,Entire home/apt,173,1,40,1.76,50,346,13,1.0,0,100,4.55,within an hour
Quaint Studio Apt | Close to Fenway,Sean,Back Bay,Entire home/apt,171,1,34,1.52,50,262,13,1.0,0,100,4.29,within an hour
Luxury Apt Seaport with Gym and Pool,Compass,South Boston Waterfront,Entire home/apt,324,30,0,0.0,29,0,0,1.0,2,96,4.7,within a few hours
Modern Apt head of the Charles,Adam,Brighton,Entire home/apt,459,29,0,0.0,95,269,0,2.0,2,92,4.7,within an hour
"Roslindale Room near MBTA, self check-in",Sherwin,Roslindale,Private room,38,29,11,0.51,8,130,5,1.0,1,100,4.55,within an hour
Hidden Gem in Port Norfolk,Ronald,Dorchester,Entire home/apt,226,3,31,2.35,1,245,28,1.5,3,100,4.65,within an hour
"Boston 1 bedroom, 7 minutes to T",Yao,Dorchester,Entire home/apt,110,30,0,0.0,7,361,0,1.0,1,100,4.7,within an hour
The Win on Wendeller - A Stylish Condo in Boston,Eran,South Boston,Private room,302,1,6,0.28,1,90,0,1.0,1,100,5.0,within a few hours
988 - 4BR Boston | Cozy Getaway near Boston Common,Alex,Dorchester,Entire home/apt,313,1,73,3.24,1,329,35,2.0,4,100,4.64,within an hour
Private room double bed flr 3 air conditioner,Lynda,West Roxbury,Private room,55,1,36,1.63,16,191,14,1.0,1,100,4.78,within an hour
"DowntownBoston,Nearly everything",Ping,Chinatown,Entire home/apt,184,91,17,0.95,4,62,14,1.0,2,100,4.18,within an hour
Private Studio In Boston's Bay Village!,Bv,Bay Village,Entire home/apt,132,3,41,1.82,13,175,16,1.0,1,100,3.85,within an hour
Bright Back Bay Studio,Sean,Back Bay,Entire home/apt,294,1,93,4.31,70,63,50,1.0,0,100,4.6,within an hour
"2 Bedroom Loft Apartment in Brighton, Free Parking",Shira,Brighton,Entire home/apt,145,2,33,1.77,3,119,28,1.0,2,100,4.82,within an hour
"(CL5) Roof Deck, 2Twins, Cozy, Comfy, Location!",Paige,South End,Entire home/apt,199,1,53,2.45,60,247,28,1.0,0,100,4.62,within an hour
"(CL2) Studio, Clean & Cozy, South End / Back Bay!",Paige,South End,Entire home/apt,254,1,81,3.71,60,239,45,1.0,0,100,4.69,within an hour
"(CL9) Back Bay/ South End Boarder, Great Location!",Foster,South End,Entire home/apt,211,1,71,3.25,5,236,38,1.0,0,98,4.54,within an hour
Charming South Boston Private Bedroom,Kristine,South Boston,Private room,86,29,3,0.31,4,196,3,1.0,1,100,4.33,within a few hours
Cozy full condo / Walkable to T,Chris,East Boston,Entire home/apt,220,3,42,1.92,1,21,17,1.0,2,100,4.81,within a few hours
Peace love humility and safety,Donald,Hyde Park,Entire home/apt,398,2,7,0.46,3,365,5,1.0,3,90,3.14,within an hour
Travelers Lux Room in the Heart of South Boston #1,Marquis Escapes,South Boston,Private room,72,91,1,0.09,6,165,1,1.0,1,100,5.0,within an hour
Heart of South Boston Luxury Home w/Private Deck,Marquis Escapes,South Boston,Entire home/apt,340,91,0,0.0,6,364,0,2.0,5,100,4.7,within an hour
(PG03) Fenway Studio Cute & Cozy,Together We,Fenway,Entire home/apt,192,1,87,3.97,2,201,49,1.0,0,100,4.52,within an hour
"Back Bay Efficiency Unit, Pvt Bath, Kitchenette",Kama,Back Bay,Entire home/apt,180,29,8,0.37,39,318,1,1.0,0,99,5.0,within an hour
AL/R1 Convenient Sunny Room Boston,Dan,Allston,Private room,78,29,10,0.46,8,365,7,1.0,1,100,3.7,within an hour
Walk everywhere! 1 bed / 1 bath / Super location!,Jessy And Diego,Back Bay,Entire home/apt,118,2,80,3.66,20,182,43,1.0,1,100,4.75,within an hour
Corner 2Ba 2Ba  apt in Boston Jamica pond.,Adam,Jamaica Plain,Entire home/apt,540,29,0,0.0,95,269,0,2.0,2,92,4.7,within an hour
3BD House on Subway,Shannyn,Dorchester,Entire home/apt,148,91,0,0.0,1,79,0,1.5,3,86,4.7,within a few hours
"Cozy Queen Bd, 7mn to Aiport, 3 mn walk to Train",Nemrac,East Boston,Private room,77,1,79,5.06,2,215,57,1.0,1,100,4.85,within an hour
Back-Bay* Boston* Downtown* w/Gym & Parking,Haroldo,Bay Village,Entire home/apt,810,29,16,0.74,8,269,0,2.0,2,100,5.0,within an hour
"Blueground | Back Bay, w/d, nr boston common",Blueground,Back Bay,Entire home/apt,264,32,0,0.0,369,228,0,1.0,0,99,4.7,within an hour
Chic Fenway 1b Perfect Location!,Sean,Fenway,Entire home/apt,231,1,56,2.53,70,271,25,1.0,1,100,4.52,within an hour
(42L5) Celtics Bruins TD Garden Outside your door!,Paige,Downtown,Entire home/apt,212,1,90,4.25,60,239,44,1.0,1,100,4.71,within an hour
(42L3) Celtics Bruins TD Garden Outside your door!,Paige,West End,Entire home/apt,212,1,81,3.77,60,244,40,1.0,1,100,4.46,within an hour
"Blueground | Back Bay, rooftop & gym, nr shops",Blueground,Back Bay,Entire home/apt,315,32,0,0.0,369,323,0,1.0,1,99,4.7,within an hour
Beautiful Two Bedroom Apartment,Gianni,Roxbury,Entire home/apt,115,91,1,0.08,4,197,0,2.0,2,80,5.0,within a day
"Blueground | Back Bay, w/d, nr boston common",Blueground,Back Bay,Entire home/apt,264,32,0,0.0,369,59,0,1.0,0,99,4.7,within an hour
My Sweet Apartment,Mihaela,Roslindale,Entire home/apt,178,1,34,2.56,1,88,28,1.0,2,100,4.74,within an hour
"Newly renovated apartment, 2 bedroom, Free parking",Shira,Brighton,Entire home/apt,198,2,70,3.59,3,88,47,1.0,2,100,4.8,within an hour
South End Penthouse w/Roofdeck,Mary Ella,South End,Entire home/apt,640,3,10,0.7,1,289,8,1.0,2,100,4.8,within an hour
"Harvard Allston Campus,  HBS, Stadium, Smith Field",Justin,Allston,Entire home/apt,248,29,0,0.0,1,239,0,1.0,1,100,4.7,within an hour
Spacious & large room w/ 2 single beds 1st flr,Lynda,West Roxbury,Private room,74,1,22,1.68,16,266,17,1.0,1,100,4.82,within an hour
"Walk to Fenway Park, Berklee & Newbury St, Ground",Maverick,Fenway,Entire home/apt,125,1,86,4.22,87,286,57,1.0,1,100,4.6,within an hour
"Ideal Spot Near Fenway & Berklee College, Ground L",Maverick,Fenway,Entire home/apt,133,1,62,3.03,87,281,43,1.0,1,100,4.53,within an hour
"Central Location by Fenway & Berklee College, Grou",Maverick,Fenway,Entire home/apt,116,1,44,2.17,87,284,23,1.0,1,100,4.5,within an hour
"Stay Close to Fenway, Berklee & Newbury St, #4",Maverick,Fenway,Entire home/apt,128,1,27,1.3,87,334,11,1.0,1,100,4.41,within an hour
Boston Getaway: Steps to Fenway & Top Sights #101,Maverick,Fenway,Entire home/apt,113,1,28,1.34,87,325,12,1.0,1,100,4.54,within an hour
"Walk to Berklee College & Fenway Park, #202",Maverick,Fenway,Entire home/apt,215,1,29,1.4,87,313,11,1.0,1,100,4.76,within an hour
"Fenway Park, Berklee & Newbury at Your Door, #205",Maverick,Fenway,Entire home/apt,152,1,27,1.29,87,345,11,1.0,1,100,4.56,within an hour
"Perfect Location Near Fenway & Berklee College, #1",Maverick,Fenway,Entire home/apt,200,1,20,1.01,87,344,5,1.0,1,100,4.6,within an hour
Boston Getaway: Steps to Fenway & Top Sights #103,Maverick,Fenway,Entire home/apt,146,1,32,1.53,87,298,16,1.0,1,100,4.53,within an hour
Stay in Style: Fenway Park Around the Corner #201,Maverick,Fenway,Entire home/apt,111,1,43,2.11,87,273,22,1.0,1,100,4.67,within an hour
"Stay in the Heart of Fenway & Berklee, #203",Maverick,Fenway,Entire home/apt,138,1,35,1.67,87,307,16,1.0,1,100,4.46,within an hour
"Central to Fenway, Berklee & Newbury St, #204",Maverick,Fenway,Entire home/apt,158,1,19,1.04,87,330,8,1.0,1,100,4.42,within an hour
"Perfect Base Near Fenway & Berklee College, #206",Maverick,Fenway,Entire home/apt,139,1,44,2.15,87,336,26,1.0,1,100,4.68,within an hour
"Walk to Fenway, Berklee College & More, #207",Maverick,Fenway,Entire home/apt,143,1,42,2.02,87,319,17,1.0,1,100,4.67,within an hour
"Stay Close to Fenway Park & Berklee College, #208",Maverick,Fenway,Entire home/apt,169,1,47,2.26,87,335,21,1.0,1,100,4.68,within an hour
"In the Center of Fenway, Berklee & Newbury, #209",Maverick,Fenway,Entire home/apt,151,1,54,2.59,87,342,29,1.0,1,100,4.61,within an hour
"Steps from Fenway Park, Berklee & Newbury, #301",Maverick,Fenway,Entire home/apt,102,1,46,2.24,87,249,26,1.0,1,100,4.57,within an hour
Bright&Modern Studio in Boston’s Fenway Area #302,Maverick,Fenway,Entire home/apt,155,1,57,2.72,87,330,37,1.0,1,100,4.74,within an hour
"Fenway, Berklee College & Shopping Nearby, #303",Maverick,Fenway,Entire home/apt,119,1,20,1.03,87,333,7,1.0,1,100,4.6,within an hour
"Prime Location by Berklee College & Fenway, #304",Maverick,Fenway,Entire home/apt,124,1,89,4.29,87,295,53,1.0,1,100,4.64,within an hour
"Fenway, Berklee College & Newbury St Just Minutes",Maverick,Fenway,Entire home/apt,138,1,39,1.9,87,322,24,1.0,1,100,4.69,within an hour
"Walk to Fenway, Berklee & Iconic Boston Spots, #30",Maverick,Fenway,Entire home/apt,150,1,24,1.15,87,328,13,1.0,1,100,4.63,within an hour
"Steps from Fenway Park, Berklee & Newbury, #401",Maverick,Fenway,Entire home/apt,114,1,68,3.26,87,288,36,1.0,1,100,4.68,within an hour
"Fenway Park & Berklee College Just Steps Away, #40",Maverick,Fenway,Entire home/apt,119,1,14,0.68,87,347,5,1.0,1,100,4.21,within an hour
"Ideal Location by Fenway, Berklee & Shopping, #404",Maverick,Fenway,Entire home/apt,116,1,31,1.49,87,262,13,1.0,1,100,4.42,within an hour
"Live by Fenway Park & Berklee College, #405",Maverick,Fenway,Entire home/apt,133,1,28,1.42,87,332,11,1.0,1,100,4.5,within an hour
"Fenway, Berklee & Newbury St at Your Door, #406",Maverick,Fenway,Entire home/apt,152,1,31,1.49,87,348,10,1.0,1,100,4.52,within an hour
Stay in the Heart of Fenway & Berklee,Maverick,Fenway,Entire home/apt,113,1,441,21.07,87,354,226,1.0,1,100,4.65,within an hour
"Stay Near Berklee College, Fenway & Newbury, #402",Maverick,Fenway,Entire home/apt,129,1,39,1.88,87,272,10,1.0,1,100,4.59,within an hour
Simple Room walking to Airport T,Izzy,East Boston,Private room,78,1,113,5.2,3,41,52,1.0,1,100,4.35,within an hour
Newly Renovated Roxbury Tower,Philipp,Roxbury,Entire home/apt,150,2,83,3.8,2,362,40,1.0,2,100,4.81,within an hour
Quaint South Boston Prívate Bedroom,Kristine,South Boston,Private room,89,29,1,0.14,4,195,1,1.0,1,100,5.0,within a few hours
AL/R3 Boston's New Room Central Spot,Dan,Allston,Private room,68,29,13,0.62,8,339,3,1.0,1,100,4.38,within an hour
Spacious Boston APT w/ parking spot!,Jessica,Dorchester,Entire home/apt,203,2,0,0.0,1,248,0,1.0,2,29,4.7,a few days or more
room w/ single bed flr 3 w/ window air conditioner,Lynda,West Roxbury,Private room,47,1,21,1.02,16,268,11,1.0,1,100,4.81,within an hour
Cozy Oasis Near Downtown & Airport,Edward,East Boston,Entire home/apt,123,29,2,0.09,12,365,0,1.0,0,100,4.5,within an hour
2BR walking distance to seaport/downtown,Elissa,South Boston,Entire home/apt,263,1,23,1.11,1,112,12,1.0,2,100,4.74,Unknown
Lovely corner 2 BR 2BA apt Boston  hospitals.,Adam,Jamaica Plain,Entire home/apt,574,29,2,0.1,95,270,1,2.0,2,92,4.0,within an hour
Modern Apt in Boston|Near Subway|Free Parking|Safe,Thanh,Dorchester,Entire home/apt,212,2,73,3.37,3,322,40,1.0,2,100,4.82,within an hour
"Back Bay Historic Sunny near hospitals, businesses",Wendy,Back Bay,Entire home/apt,130,91,0,0.0,1,173,0,1.0,0,100,4.7,Unknown
1 BR Gem 5min to Train & Airport explore the city,Cecilia,East Boston,Entire home/apt,169,2,79,5.0,1,176,58,1.0,1,100,4.79,within an hour
Modern/chic one-bedroom in eco Smart Home -Room #2,Christian,Dorchester,Private room,102,1,20,0.95,1,0,14,1.5,1,100,4.8,Unknown
Luxury by Fenway Park w/pool - Ask about discounts,Cort,Fenway,Entire home/apt,268,91,0,0.0,2,325,0,1.0,1,100,4.7,within an hour
Luxury 1BR  Fenway Park w/pool - Discounts offered,Cort,Fenway,Entire home/apt,299,91,0,0.0,2,319,0,1.0,1,100,4.7,within an hour
Newly Renovated + Spacious Apt w/ Parking,Philipp,Roxbury,Entire home/apt,203,2,91,4.24,2,335,49,1.0,2,100,4.85,within an hour
Adorable South Boston Prívate Bedroom,Kristine,South Boston,Private room,58,30,2,0.12,4,195,1,1.0,1,100,5.0,within a few hours
Ideal for long stays | Spacious suite in Boston,Naveen,Brighton,Entire home/apt,215,1,89,4.15,38,110,57,1.0,2,100,4.78,within an hour
Brownstone 5 mins from downtown,Lee,Roxbury,Entire home/apt,365,1,2,0.1,6,249,1,2.5,2,92,4.0,within an hour
Stunning Unique And Very Upscale,Adam,Jamaica Plain,Entire home/apt,689,29,2,0.1,95,270,1,2.0,2,92,4.0,within an hour
Full Bedroom D in #1349: JFK/UMass,Sophia,Dorchester,Private room,46,91,0,0.0,14,280,0,0.0,1,100,4.7,within a few hours
Queen Bedroom A in #1234: Allston,Sophia,Allston,Private room,63,91,0,0.0,14,280,0,0.0,1,100,4.7,within a few hours
Beautiful Victorian house with Views. free parking,Tan,Dorchester,Entire home/apt,336,2,38,1.77,1,296,19,2.0,4,100,4.76,within an hour
"Convenient, Brand new,Comfy!",John,East Boston,Private room,190,1,18,0.88,1,268,9,2.0,1,67,4.83,within a day
"Blueground | S Boston, building w/d, nr seaport",Blueground,South Boston,Entire home/apt,450,32,0,0.0,369,235,0,2.0,3,99,4.7,within an hour
(42L4) TD Garden - Perfect Spot!,Paige,Downtown,Entire home/apt,212,1,86,4.01,60,240,43,1.0,1,100,4.73,within an hour
Centrally located 1bed | Newbury Street,Sean,Back Bay,Entire home/apt,241,1,62,3.08,70,254,34,1.0,1,100,4.61,within an hour
Spacious Fenway 1BR,Sean,Fenway,Entire home/apt,600,29,3,0.15,70,113,0,1.0,1,100,5.0,within an hour
Cozy 1BDR Close to Fenway!,Sean,Fenway,Entire home/apt,221,1,75,3.62,70,269,43,1.0,1,100,4.65,within an hour
Back Bay Spacious 1BR!,Sean,Back Bay,Entire home/apt,147,29,0,0.0,70,89,0,1.0,1,100,4.7,within an hour
Spacious 3Br2Br apartment with astonishing view,Greg,Mission Hill,Entire home/apt,839,30,0,0.0,20,365,0,2.0,3,69,4.7,within a few hours
Newly Renovated Large Room,Benjamin,Brighton,Private room,81,91,0,0.0,1,269,0,1.0,1,100,4.7,Unknown
Luxury 2Bed/2 Bath suite in the heart South Boston,Blerina,South Boston,Entire home/apt,268,2,94,4.5,2,182,57,2.0,2,96,4.64,within an hour
Adventure: Therapy - Boston,Edson,East Boston,Entire home/apt,282,2,17,0.81,2,212,11,1.0,2,100,4.71,within an hour
Penthouse 2 Beds /2 Baths luxury in South Boston,Blerina,South Boston,Entire home/apt,291,2,89,4.25,2,170,53,2.0,2,96,4.64,within an hour
"Walk to Berklee, Fenway & Newbury St",Maverick,Fenway,Entire home/apt,131,1,197,9.4,87,354,78,1.0,1,100,4.61,within an hour
Hidden Oasis in Trendy Boston Neighborhood,Lynne,Jamaica Plain,Private room,110,1,38,1.81,1,33,18,1.0,1,100,4.92,within a day
Arc House 1,Winsome Joy,Mattapan,Private room,72,1,10,0.48,2,269,7,1.0,1,100,4.4,within an hour
2 BR Apt close to Boston/Cambridge free parking,Qi,Brighton,Entire home/apt,190,2,53,2.6,1,40,23,1.0,2,100,4.7,within an hour
"Large 3 Bed, 2 Bath in North End",Jodie,North End,Entire home/apt,502,9,4,0.28,20,259,1,2.0,3,95,4.75,within an hour
2bd Condo with 2 KING Size Beds,Jay,Allston,Entire home/apt,193,1,48,2.31,22,358,21,1.0,2,100,4.58,within an hour
Arc House 2,Winsome Joy,Mattapan,Private room,80,1,6,0.29,2,269,5,1.0,1,100,4.33,within an hour
Stylish Fenway Studio,Sean,Fenway,Entire home/apt,271,29,6,0.29,70,113,0,1.0,1,100,4.5,within an hour
Longwood/Fenway Hill Top 2-Levels Loft 1BR Apt,Janice,Mission Hill,Entire home/apt,179,3,67,3.21,4,49,44,1.0,1,100,4.66,within an hour
Newly renovated penthouse 1 bed,Anne,Mission Hill,Entire home/apt,76,91,0,0.0,8,230,0,1.0,1,70,4.7,within a day
Simple 2 Bd/2 bth | Washer/Dryer | Close to Fenway,Sean,Fenway,Entire home/apt,312,29,11,1.44,70,186,11,2.0,2,100,4.45,within an hour
Prime Location by Fenway & Berklee College,Maverick,Fenway,Entire home/apt,129,1,70,3.42,87,345,31,1.0,1,100,4.62,within an hour
"Cozy Dorchester Apartment, Room 2",Kam,Dorchester,Private room,86,1,1,0.05,2,365,0,1.0,1,100,3.0,Unknown
"Cozy Dorchester Apartment, Room 1",Kam,Dorchester,Private room,81,1,3,0.15,2,365,0,1.0,1,100,4.67,Unknown
Cozy Boston Getaway Apartment,Suzana,West Roxbury,Entire home/apt,112,91,0,0.0,2,230,0,1.0,1,100,4.7,within an hour
Four Bedroom Suite Apartment,Matt,Dorchester,Entire home/apt,180,29,0,0.0,19,262,0,4.5,4,100,4.7,within a few hours
Large Bedroom Suite & Private Bathroom 1B,Matt,Dorchester,Private room,68,29,5,0.27,19,273,3,1.5,1,100,4.6,within a few hours
Brownstone Townhouse in Fenway,Glenn,Fenway,Entire home/apt,971,1,56,3.11,1,119,37,3.0,4,100,4.8,within an hour
Cozy Boston: Private Bed & Bath in Dorchester,Giang Thi,Dorchester,Private room,107,2,5,2.5,3,362,5,1.0,1,100,5.0,within an hour
Luxury Apt with Balcony In Seaport,Compass,South Boston Waterfront,Entire home/apt,356,30,1,0.05,29,303,0,2.0,2,96,5.0,within a few hours
Spacious 3 Bed 2.5 Bath Home Top Loc. w/Parking,Nicholas,Chinatown,Entire home/apt,399,2,63,3.14,1,69,37,2.5,3,100,4.59,within an hour
sunny and oversized in quiet area,Jonathan,Dorchester,Private room,63,3,4,0.31,3,341,3,2.0,1,100,3.25,within an hour
Near Harvard Business 1-2,Taskin,Allston,Private room,84,1,10,1.52,16,358,10,1.0,1,100,4.7,within an hour
Near Harvard Business 2-2,Taskin,Allston,Private room,75,1,107,5.2,16,365,62,1.0,1,100,4.53,within an hour
Near Harvard Business 2-3,Taskin,Allston,Private room,74,1,117,5.82,16,359,70,1.0,1,100,4.68,within an hour
(T4) Cute Studio in the South End,Paige,South End,Entire home/apt,225,1,80,3.9,60,241,44,1.0,0,100,4.8,within an hour
Lux 1BR w/ Amenities 1809,Compass,Downtown,Entire home/apt,250,29,1,0.06,29,47,0,1.0,1,96,5.0,within a few hours
Individual bedroom 4,Tasha,Dorchester,Private room,79,1,36,1.75,4,177,16,2.0,1,97,4.11,within an hour
Nice bedroom in a good location,Ricardo,Roslindale,Private room,107,1,30,1.52,1,269,24,1.0,1,100,4.67,within a few hours
Spacious Bedroom + Private Bath 1A,Matt,Dorchester,Private room,90,29,2,0.12,19,300,1,1.5,1,100,4.5,within a few hours
Comfy Bedroom Suite + Private Attached Bath 1D,Matt,Dorchester,Private room,65,29,4,0.22,19,264,2,1.5,1,100,4.0,within a few hours
Cozy Bedroom + Private Bath 1C,Matt,Dorchester,Private room,54,29,4,0.26,19,292,3,1.5,1,100,5.0,within a few hours
[Fabulous Room close to St Elizabeth & Green Line],Mahmut,Brighton,Private room,81,29,8,0.45,5,266,7,2.0,1,100,4.38,within an hour
[Fabulous Room close to St Elizabeth & Green Line],Mahmut,Brighton,Private room,77,2,12,0.88,5,269,9,2.0,1,100,4.08,within an hour
[Fabulous Extra Large Room close t Boston College],Mahmut,Brighton,Private room,81,29,30,2.27,5,130,23,2.0,1,100,4.3,within an hour
Modern Studio | South End,Sean,Back Bay,Entire home/apt,197,29,35,1.72,50,173,13,1.0,0,100,4.69,within an hour
Charming & Cozy Bedroom for Single or Couple,Guifang,West Roxbury,Private room,89,1,38,2.04,4,258,25,2.0,1,100,4.92,within an hour
Stunning 2B luxury condominium on Emerald Necklace,Rohan,Mission Hill,Entire home/apt,139,91,0,0.0,1,146,0,1.0,2,100,4.7,within a few hours
Best location Beacon Hill 2b apt,Liya,Beacon Hill,Entire home/apt,125,29,3,0.29,114,138,3,1.0,2,100,3.67,within an hour
Private Room: Free & Easy Street Parking,Emmi,Roslindale,Private room,77,1,50,2.53,1,14,37,1.5,1,100,4.92,within an hour
G3_Room Near Downtown Boston & BCEC (3 miles) JFK,Dan,Dorchester,Private room,108,29,38,1.9,12,329,9,2.0,1,100,4.87,within an hour
G4_Room Near Downtown Boston & BCEC (3 miles) JFK,Dan,Dorchester,Private room,108,29,19,1.0,12,354,6,2.0,4,100,4.72,within an hour
Boston Duplex w/ Foosball Table: 11 Mi to Downtown,Evolve,Hyde Park,Entire home/apt,264,29,31,1.67,3,331,15,1.0,3,100,4.61,within an hour
Cozy Bedroom with En-Suite Bath 2C,Matt,Dorchester,Private room,54,29,4,0.21,19,138,3,1.5,1,100,4.75,within a few hours
Adyleny,Maria,Dorchester,Private room,48,29,0,0.0,3,226,0,1.0,1,100,4.7,within an hour
Spacious Bedroom + Private Bath 2A,Matt,Dorchester,Private room,84,29,4,0.21,19,284,2,1.5,1,100,4.25,within a few hours
Comfy Bedroom + Private Attached Bath 2D,Matt,Dorchester,Private room,76,29,4,0.21,19,320,2,1.5,1,100,3.25,within a few hours
Large Bedroom + En-suite Bath 2B,Matt,Dorchester,Private room,65,29,2,0.17,19,292,2,1.5,1,100,4.5,within a few hours
Cozy Bedroom with Private Bath 3C,Matt,Dorchester,Private room,60,30,5,0.33,19,104,3,1.5,1,100,5.0,within a few hours
1BR Renovated North End Brownstone,Compass,North End,Entire home/apt,225,9,5,0.26,29,57,4,1.0,1,96,4.4,within a few hours
Peaceful 3BR Home w/ Park & close to Harvard/BC/BU,Jonathan,Allston,Entire home/apt,250,29,12,0.75,4,168,6,1.0,3,90,4.75,within a day
Luxury Penthouse w/ Private Roof Deck By The Ocean,Michal,East Boston,Entire home/apt,256,1,106,5.38,1,43,73,2.0,2,100,4.79,within an hour
"Blueground | Fenway gym, nr T stop & dining",Blueground,Fenway,Entire home/apt,276,32,0,0.0,369,7,0,1.0,0,99,4.7,within an hour
"Blueground | Mission Hill, fully furnished",Blueground,Mission Hill,Entire home/apt,255,32,0,0.0,369,327,0,1.0,1,99,4.7,within an hour
"Blueground | Back Bay, basketball, 2 blocks to t",Blueground,Bay Village,Entire home/apt,345,32,0,0.0,369,176,0,1.0,1,99,4.7,within an hour
"Blueground | Back Bay, gym, close to garden",Blueground,Bay Village,Entire home/apt,357,32,0,0.0,369,3,0,1.0,1,99,4.7,within an hour
Modest Apartment #1337,Tina,Fenway,Entire home/apt,117,91,0,0.0,92,206,0,1.0,1,99,4.7,within a few hours
Convenient Apartment #538,Tina,North End,Entire home/apt,100,91,0,0.0,92,228,0,1.0,1,99,4.7,within a few hours
Cozy Boston Condo | Near T,Daniel,Jamaica Plain,Entire home/apt,203,30,34,1.81,4,262,22,2.0,3,100,4.65,within an hour
Fabulous apartment in West End,Greg,Downtown,Entire home/apt,839,5,0,0.0,20,365,0,1.0,2,69,4.7,within a few hours
G1_Room Near Downtown  Boston With Private Bath,Dan,Dorchester,Private room,108,29,46,2.32,12,339,14,1.0,1,100,4.8,within an hour
G2_Room Near Downtown Boston & BCEC (3 miles) JFK,Dan,Dorchester,Private room,108,29,29,1.45,12,340,4,1.0,1,100,4.93,within an hour
Luxury 2 Br 2 Ba apt Boston Jamica pond,Greg,Mission Hill,Entire home/apt,638,1,2,1.67,20,365,2,2.0,2,69,5.0,within a few hours
Lovely corner 2 BR 2BA apt Boston  hospitals.,Greg,Jamaica Plain,Entire home/apt,321,29,0,0.0,20,365,0,2.0,2,69,4.7,within a few hours
Beautiful rooms near red line!,Rachel,Dorchester,Private room,150,1,1,0.51,1,263,1,1.5,1,100,4.0,within a day
Home-Like 3BR-2BA Apt Near T,Mylinh,Dorchester,Entire home/apt,333,2,60,3.36,10,231,39,2.0,3,97,4.78,within an hour
"TD Garden,Celtics/Bruins, Lil Italy,North End",Boston,Downtown,Entire home/apt,199,2,82,4.26,7,226,45,1.0,2,98,4.5,within an hour
Beautiful Rental Unit in Fort Hill (Boston),Christopher Koffi,Roxbury,Entire home/apt,146,2,89,4.62,1,21,47,1.0,2,100,4.7,within a few hours
"Blueground | Downtown, concierge, w/d & gym",Blueground,Downtown,Entire home/apt,321,32,0,0.0,369,328,0,1.0,1,99,4.7,within an hour
Sunny Bedroom + Private Bath 3D,Matt,Dorchester,Private room,65,30,0,0.0,19,230,0,1.5,1,100,4.7,within a few hours
2 BDR/2b- walk to Seaport & BCEC,Lucio,South Boston,Entire home/apt,339,1,127,6.65,1,197,81,2.0,2,100,4.83,within an hour
Smart Queen Bedr w/ Ensuite Bathr,Jennifer,Dorchester,Private room,71,31,2,0.12,4,60,1,1.0,1,100,4.5,within an hour
Calm Queen Bedr Shared Bathroom,Jennifer,Dorchester,Private room,56,31,4,0.27,4,51,3,1.0,1,100,5.0,within an hour
Luxury water view Boston pond,Greg,Jamaica Plain,Entire home/apt,321,29,0,0.0,20,365,0,2.0,2,69,4.7,within a few hours
Outstanding luxury 2Br 2Ba apartment,Greg,Jamaica Plain,Entire home/apt,321,29,3,0.28,20,365,3,2.0,2,69,3.67,within a few hours
Back-Bay Penthouse Downtown & Parking & GYM,Haroldo,Bay Village,Entire home/apt,562,29,35,1.8,8,90,22,2.0,2,100,4.57,within an hour
Cozy Room close to downtown Boston,Maddie,Roxbury,Private room,68,2,17,1.01,1,267,9,2.0,1,90,4.59,within an hour
Roomy 4bed loft | Family Friendly,Sean,Downtown,Entire home/apt,771,1,97,4.97,46,67,63,2.0,4,100,4.58,within an hour
"Blueground | Back Bay, gym & w/d, nr shopping",Blueground,Bay Village,Entire home/apt,338,32,0,0.0,369,309,0,1.0,1,99,4.7,within an hour
Savin Hill Private Modern Private Room near UMass,Sean,Dorchester,Private room,60,91,0,0.0,4,249,0,1.0,1,100,4.7,within an hour
Modern 1 BR Apt w| Full Kitchen & Private Driveway,Sully And Indira,Mattapan,Entire home/apt,152,2,63,3.23,1,209,30,1.0,1,100,4.6,within an hour
Cozy Room with 2 Beds and Den: Sofa & TV@3rd Floor,Guifang,West Roxbury,Private room,89,1,39,2.01,4,212,29,2.0,1,100,4.92,within an hour
Charming & Cozy Large Room with 2 Single Beds & TV,Guifang,West Roxbury,Private room,89,1,32,1.77,4,269,23,2.0,1,100,5.0,within an hour
Modern Apartment in Boston's Best Neighborhood,Rose,Jamaica Plain,Entire home/apt,234,2,47,2.61,1,23,33,1.0,2,100,4.81,Unknown
Modern & Stylish 1-BR Condo near Downtown,Daniel,Roxbury,Entire home/apt,191,1,71,3.67,3,251,40,1.0,1,100,4.92,within an hour
Near Harvard Business 2-1,Taskin,Allston,Private room,75,1,130,6.71,16,353,85,1.0,1,100,4.65,within an hour
Whole Apartment 2beds/2living room,Jason,Roslindale,Entire home/apt,162,3,19,0.98,2,225,13,1.0,2,100,4.16,within an hour
"(MGH9-2) Relax in Beacon Hill, MGH",Paige,Beacon Hill,Entire home/apt,288,1,61,3.16,60,15,33,1.0,1,100,4.56,within an hour
"TDGarden,Celtics/Bruins, Lil Italy,North End",Boston,North End,Entire home/apt,185,2,85,4.38,7,237,47,1.0,1,98,4.67,within an hour
"(MGH7-2) Escape to Beacon Hill, Close to Hospital!",Paige,Beacon Hill,Entire home/apt,288,1,42,2.98,60,14,31,1.0,1,100,4.55,within an hour
(J7) Cute Studio in Back Bay!,Paige,Back Bay,Entire home/apt,276,1,58,3.17,60,6,39,1.0,0,100,4.41,within an hour
(T6) Boho Studio in the South End,Paige,South End,Entire home/apt,225,1,39,2.03,60,243,24,1.0,0,100,4.46,within an hour
Luxury apt in Boston,Adam,Jamaica Plain,Entire home/apt,599,29,0,0.0,95,90,0,2.0,2,92,4.7,within an hour
Stunning Unique And Very Upscale Boston,Adam,Jamaica Plain,Entire home/apt,804,2,17,0.95,95,267,13,2.0,2,92,4.18,within an hour
Luxury 3Br2Br Jamica pond Boston,Adam,Mission Hill,Entire home/apt,470,3,1,0.17,95,255,1,2.0,3,92,2.0,within an hour
Amazing 2br 2ba unit by the lake,Adam,Jamaica Plain,Entire home/apt,521,3,15,0.83,95,167,13,2.0,2,92,4.6,within an hour
Fabulous 2br 2ba unit lake view,Adam,Jamaica Plain,Entire home/apt,400,3,13,0.7,95,17,7,2.0,2,92,4.38,within an hour
A King Bed | Apartment | Middle of Boston,J Lucky,Roxbury,Entire home/apt,184,1,114,11.18,7,88,114,1.0,1,100,4.81,within an hour
Modern 2BR/2BA Near Seaport & Convention Center,Adam,South Boston Waterfront,Entire home/apt,485,3,10,0.6,95,131,6,2.0,2,92,4.4,within an hour
Spacious 2BR 2BA Condo |Boston Downtown,Adam,Downtown,Entire home/apt,553,4,3,0.33,95,313,3,2.0,2,92,5.0,within an hour
Luxurious 2BR 2BA Back bay heart with amazing view,Adam,Back Bay,Entire home/apt,633,7,9,0.51,95,350,6,2.0,2,92,4.67,within an hour
Luxury 2BR 2BA South end Boston Balcony MGH,Adam,South End,Entire home/apt,506,1,45,2.53,95,244,30,2.0,2,92,4.51,within an hour
Cozy and Cute Value Studio!,Justin And Mandy,South End,Entire home/apt,187,1,9,0.67,15,343,6,1.0,1,100,4.44,within an hour
"(FB2) Fenway 3 Brm, W/D Near Hospitals!",Paige,Fenway,Entire home/apt,375,1,108,5.66,60,222,62,1.0,3,100,4.49,within an hour
3 Bed w/ Free Parking at the Heart of North End,Jodie,Downtown,Entire home/apt,308,3,61,3.41,20,283,47,1.0,3,95,4.52,within an hour
Nice Oasis Nr.Downtown & Airport,Edward,East Boston,Entire home/apt,155,3,48,2.69,12,255,37,1.0,0,100,4.65,within an hour
Luxury water view 2 Br 2Ba Boston,Adam,Jamaica Plain,Entire home/apt,660,29,5,0.28,95,270,2,2.0,2,92,5.0,within an hour
Great 3 Bedroom Close To Boston,Edward,Roslindale,Entire home/apt,192,3,35,1.81,12,170,24,1.0,3,100,4.54,within an hour
(3-ONE) Charming Studio in Back Bay Boston,Paige,Fenway,Entire home/apt,164,1,56,2.89,60,224,34,1.0,0,100,4.64,within an hour
"(F31) Fenway Park, 2 Beds, Sunny, Simple & Clean!",Paige,Fenway,Entire home/apt,304,1,77,4.13,60,174,48,1.0,2,100,4.61,within an hour
Newly Renovated w/ Exposed Brick,Sean,South End,Entire home/apt,189,29,28,1.51,46,270,16,1.0,0,100,4.57,within an hour
H1_Room 4 miles To Downtown Boston/BCEC,Dan,Dorchester,Private room,108,1,39,2.05,12,340,15,2.0,1,100,4.59,within an hour
Luxury 2Br 2Ba Boston Hospitals.,Adam,Jamaica Plain,Entire home/apt,287,2,17,1.5,95,130,17,2.0,2,92,4.71,within an hour
Apartment in Historic Charlestown/view of the city,Aliza,Charlestown,Entire home/apt,125,29,1,0.12,1,94,1,1.0,1,100,5.0,within a few hours
H2_Room 4 miles To Downtown Boston/BCEC,Dan,Dorchester,Private room,108,1,49,2.54,12,343,18,2.0,1,100,4.73,within an hour
Fancy 2Br 2Ba Boston Jamica pond,Adam,Jamaica Plain,Entire home/apt,704,3,8,0.59,95,270,7,2.0,2,92,4.75,within an hour
H3_Room 4 miles To Downtown Boston/BCEC,Dan,Dorchester,Private room,108,1,33,1.75,12,334,6,2.0,1,100,4.73,within an hour
H4_Room 4 miles To Downtown Boston/BCEC,Dan,Dorchester,Private room,108,1,28,1.46,12,337,10,2.0,1,100,4.5,within an hour
"Blueground | South End, in-unit w/d, nr museum",Blueground,South End,Entire home/apt,374,32,0,0.0,369,323,0,1.5,2,99,4.7,within an hour
Individual bedroom 2,Tasha,Dorchester,Private room,80,1,45,2.32,4,361,32,2.0,1,97,4.6,within an hour
Individual bedroom 3,Tasha,Dorchester,Private room,75,1,25,1.84,4,180,21,2.0,1,97,4.04,within an hour
C_Small DoubleNear Downtown Boston (5 miles),Daniel,Dorchester,Private room,108,1,10,0.52,11,302,1,1.5,1,100,4.7,within an hour
A_Small Double Near Downtown Boston (5 miles),Daniel,Dorchester,Private room,108,1,24,1.24,11,289,10,1.5,1,100,4.91,within an hour
B_Triple Bed  Near Downtown Boston (5 miles),Daniel,Dorchester,Private room,108,1,3,0.15,11,327,1,1.5,1,100,5.0,within an hour
Charming 1 Bedroom Apt | Laundry in Unit,Sean,Downtown,Entire home/apt,223,29,6,1.08,46,77,6,1.0,1,100,5.0,within an hour
Chic Modern 2 bed Apartment W/ Exposed Brick,Sean,Downtown,Entire home/apt,232,29,4,0.73,46,77,4,1.0,2,100,4.5,within an hour
Charming & Chic | Studio Apt,Sean,Downtown,Entire home/apt,183,29,9,1.64,46,75,9,1.0,0,100,5.0,within an hour
Boston Central Location Chinatown Famous Nightlife,Natalia,Downtown,Entire home/apt,174,1,57,3.06,2,208,34,1.0,1,100,4.61,within an hour
Sophisticated 2BR/2BA APT Fenway Modern furniture,Adam,Fenway,Entire home/apt,689,6,1,1.0,95,270,1,2.0,2,92,4.0,within an hour
Cozy Fenway 1BR Walk to MIT,Sean,Back Bay,Entire home/apt,164,29,54,2.96,54,113,27,1.0,1,100,4.44,within an hour
Stunning 1BR | Steps to Fenway!,Sean,Fenway,Entire home/apt,216,29,57,2.96,54,190,33,1.0,1,100,4.49,within an hour
Renovated One Bedroom in Back Bay,Jason,Back Bay,Entire home/apt,283,5,36,1.95,18,262,25,1.0,1,100,4.81,within an hour
Cozy & Modern 1 Br | Kenmore Sq!,Sean,Fenway,Entire home/apt,220,29,64,3.68,54,161,35,1.0,1,100,4.47,within an hour
Classic & Chic Apartment | 1 Bedroom,Sean,Downtown,Entire home/apt,144,29,2,0.48,46,59,2,1.0,1,100,4.5,within an hour
Serene South End Studio,Sean,Back Bay,Entire home/apt,200,29,32,1.7,46,359,19,1.0,0,100,4.44,within an hour
Studio Close to Longwood Medical,Sean,Longwood Medical Area,Entire home/apt,179,29,47,2.63,46,113,32,1.0,0,100,4.66,within an hour
Bright & Spacious Fenway Studio,Sean,Fenway,Entire home/apt,141,29,68,3.6,46,0,36,1.0,0,100,4.49,within an hour
D_Triple Bed  Near Downtown Boston (5 miles),Daniel,Dorchester,Private room,108,1,17,0.88,11,249,9,1.5,1,100,4.88,within an hour
H_Triple Bed  Near Downtown Boston (5 miles),Daniel,Dorchester,Private room,108,1,19,1.0,11,239,4,1.5,1,100,4.68,within an hour
G_Small Double Near Downtown Boston (5 miles),Daniel,Dorchester,Private room,108,1,17,0.89,11,152,5,1.5,1,100,4.94,within an hour
F_Triple Bed  Near Downtown Boston (5 miles),Daniel,Dorchester,Private room,108,1,10,0.53,11,252,3,1.5,1,100,4.9,within an hour
E_Small DoubleNear Downtown Boston (5 miles),Daniel,Dorchester,Private room,108,1,26,1.35,11,236,8,1.5,1,100,4.81,within an hour
Theatre District. Bost. Common. DnTown. LongTm.54,Lee,Downtown,Entire home/apt,274,29,77,4.1,12,322,39,1.0,1,100,4.58,within an hour
Studio Apt Steps to Hospitals,Sean,Fenway,Entire home/apt,214,29,56,3.24,46,0,23,1.0,0,100,4.41,within an hour
"Modern, Chic 2 BR Apartment",Sean,Downtown,Entire home/apt,282,29,91,4.95,46,111,52,1.0,2,100,4.62,within an hour
Charming South End Studio Apt,Sean,Back Bay,Entire home/apt,214,29,32,1.68,54,271,16,1.0,0,100,4.63,within an hour
Large Victorian Back Bay 1BR,Sean,Back Bay,Entire home/apt,279,29,3,0.16,54,89,0,1.0,1,100,4.33,within an hour
Wonderful South End Studio,Sean,Back Bay,Entire home/apt,237,29,15,0.82,54,323,1,1.0,0,100,4.33,within an hour
"Airy, Pet-friendly, FiDi studio",Sean,Downtown,Entire home/apt,234,1,60,3.14,54,320,36,1.0,1,100,4.38,within an hour
Petit Garden Level Micro Studio,Sean,Back Bay,Entire home/apt,190,29,38,2.51,54,256,23,1.0,0,100,4.24,within an hour
Sunkissed Studio near South End,Sean,Back Bay,Entire home/apt,186,29,43,2.72,54,266,19,1.0,0,100,4.51,within an hour
South End Serene Studio,Sean,Back Bay,Entire home/apt,233,29,12,0.67,54,267,5,1.0,0,100,4.42,within an hour
Cozy South End Loft,Sean,Back Bay,Entire home/apt,200,29,29,1.58,54,269,11,1.0,0,100,4.55,within an hour
South End Serene Studio,Sean,South End,Entire home/apt,190,29,65,3.5,54,253,37,1.0,0,100,4.58,within an hour
Spacious 2BR | Keyless Entry,Sean,Downtown,Entire home/apt,315,29,87,4.78,54,0,51,2.0,2,100,4.38,within an hour
Theatre District. Bost. Common. DnTown. LongTm.63,Lee,Downtown,Entire home/apt,274,29,88,4.57,12,364,45,1.0,1,100,4.69,within an hour
Red Sox - Fenway. Longwood Medical. NEU. LongTrm09,Lee,Fenway,Entire home/apt,289,29,93,4.84,12,363,49,1.0,1,100,4.71,within an hour
Ideal for long stays | Boston studio on top floor,Naveen,Brighton,Entire home/apt,153,1,61,3.2,38,132,40,1.0,1,100,4.75,within an hour
Top-Floor 2BR: Renovated Bliss!,Paul,Brighton,Entire home/apt,380,29,5,0.33,15,224,2,1.0,2,100,4.4,within an hour
2nd floor Modern Apt,Jason,Roslindale,Entire home/apt,252,3,5,0.27,2,199,4,1.0,2,100,5.0,within an hour
I_Triple Bed Near Downtown Boston (5 miles),Daniel,Dorchester,Private room,108,1,17,0.9,11,250,4,1.5,1,100,4.59,within an hour
J_Triple Bed Near Downtown Boston (5 miles),Daniel,Dorchester,Private room,108,1,18,0.94,11,213,6,1.5,1,100,4.89,within an hour
"Large 3 Bed, 2 Bath in North End; Near Waterfront",Jodie,North End,Entire home/apt,454,3,71,4.45,20,312,59,2.0,3,95,4.76,within an hour
Fancy 2BR 2BA Apt Fenway Boston,Adam,Fenway,Entire home/apt,400,4,29,1.84,95,144,24,2.0,2,92,4.66,within an hour
High-end 3BR 2BA unit in Seaport,Adam,South Boston Waterfront,Entire home/apt,585,3,57,3.19,95,307,43,2.0,3,92,4.7,within an hour
High-end 2BR 2BA unit in Seaport,Adam,South Boston Waterfront,Entire home/apt,450,3,26,1.46,95,336,18,2.0,2,92,4.58,within an hour
Pefect Studio With Flexible Cancellations!,Bay Village,Bay Village,Private room,72,2,6,0.42,22,187,3,1.0,1,100,4.33,within an hour
Gem Studio With Flexible Cancellations!,Bv,Bay Village,Private room,67,3,6,0.47,13,192,5,1.0,0,100,3.33,within an hour
Private Studio in Boston's Bay Village!,Bv,Bay Village,Entire home/apt,130,3,6,0.42,13,186,4,1.0,0,100,4.17,within an hour
"Bay VIllage Suite, Ready To Host!",Bv,Bay Village,Entire home/apt,126,3,10,0.6,13,177,4,1.0,1,100,3.1,within an hour
Bay Village Suites: Looking Forward To Hosting You,Bv,Bay Village,Entire home/apt,126,2,6,0.32,13,175,5,1.0,1,100,2.83,within an hour
"Kitchen, Pool & Full Gym | Spacious 1BR",Churchill,East Boston,Entire home/apt,247,1,1,0.06,7,313,0,1.0,1,90,5.0,within an hour
Stylish Studio Apt | Kitchen | Pool | Gym | Boston,Churchill,East Boston,Entire home/apt,213,1,12,0.66,7,362,7,1.0,0,90,4.0,within an hour
Luxury 2BR 2BA Condo Fenway Boston Washer&Dryer in,Adam,Fenway,Entire home/apt,689,5,18,1.05,95,127,8,2.0,2,92,4.44,within an hour
Radiant 2 BR 2 BA Fenway Boston,Adam,Fenway,Entire home/apt,600,4,39,2.3,95,228,28,2.0,2,92,4.62,within an hour
"Spacious 1Bed, Boston Coll, Elevator, Roof Deck",Kama,Brighton,Entire home/apt,155,30,10,0.76,39,317,6,1.0,1,99,4.4,within an hour
Chic 2BR with Modern Comforts,Paul,Roxbury,Entire home/apt,309,29,24,1.3,15,47,11,1.0,2,100,4.42,within an hour
"New Construction, near NEU/BMC, Elevator, 2B, 2BA",Paul,Roxbury,Entire home/apt,365,29,17,0.98,15,229,5,2.0,2,100,4.88,within an hour
Central Beacon Hill 2brm,Jay,West End,Entire home/apt,285,1,57,3.19,22,274,31,1.0,2,100,4.54,within an hour
Boston Studio w Off Street Parking,Luke,Mission Hill,Entire home/apt,128,1,80,4.2,1,207,50,1.0,1,100,4.64,within an hour
Historic Modern Brownstone,Rebecca,Roxbury,Entire home/apt,145,1,72,4.03,2,312,46,1.0,1,96,4.61,within an hour
Cozy 1 bedroom,Kenneth,Mission Hill,Entire home/apt,137,1,69,5.48,2,89,67,1.0,1,100,4.9,within an hour
"Blueground | South End, gym & w/d, nr groceries",Blueground,South End,Entire home/apt,246,32,0,0.0,369,187,0,1.0,0,99,4.7,within an hour
Cozy 3-Bd Apartment in Boston!,Kristina,Roslindale,Entire home/apt,306,2,28,2.0,1,23,17,1.0,3,100,4.79,Unknown
Welcoming Private Studio for One!,Bay Village,South End,Private room,75,2,15,0.97,22,176,13,1.0,1,100,4.33,within an hour
Modern Efficiency Studio Awaits Your Stay!,Bay Village,South End,Private room,112,2,4,0.32,22,184,3,1.0,0,100,4.25,within an hour
3 Bedroom ideal location,Kenneth,Roxbury,Entire home/apt,189,1,75,5.74,2,152,69,1.0,3,100,4.88,within an hour
Duplex Beacon Hill 1brm,Jay,West End,Entire home/apt,184,1,48,2.73,22,325,35,1.0,1,100,4.65,within an hour
Private room & bathroom at West Roxbury near MBTA,Jorge E,West Roxbury,Private room,74,7,8,0.56,1,201,6,4.0,1,67,5.0,within a day
Private 1st flr Charlestown Apt,Jeff,Charlestown,Entire home/apt,347,1,2,0.14,1,269,1,1.0,1,100,4.5,within a few hours
Fenway 2 bedroom 2 bath condo,Adam,Fenway,Entire home/apt,565,29,0,0.0,95,269,0,2.0,2,92,4.7,within an hour
Luxurious 2BR 2BA unit in Fenway,Adam,Longwood Medical Area,Entire home/apt,459,29,1,0.06,95,270,0,2.0,2,92,5.0,within an hour
Individual Bedroom 1,Tasha,Dorchester,Private room,75,1,42,2.48,4,180,32,2.0,1,97,4.55,within an hour
III New apartment Luxury Boston,Jean- Luc,Dorchester,Entire home/apt,112,3,18,1.21,5,285,14,1.0,1,100,4.67,within a few hours
II New apartment Luxury inBoston,Jean- Luc,Dorchester,Entire home/apt,114,3,25,1.46,5,326,17,1.0,2,100,4.52,within a few hours
Lux 1BR w/ Amenities in Seaport,Compass,South Boston Waterfront,Entire home/apt,400,9,6,0.37,29,225,5,1.0,1,96,4.83,within a few hours
I New apartment Luxury in Boston,Jean- Luc,Dorchester,Entire home/apt,108,3,31,1.67,5,136,22,1.0,1,100,4.77,within a few hours
Brand New 1 BR | 1 BA on Charles St,Jason,Beacon Hill,Entire home/apt,305,5,38,2.21,18,242,32,1.0,1,100,4.87,within an hour
Renovated 2BR | 1.5BA on Charles St,Jason,Beacon Hill,Entire home/apt,784,5,43,2.32,18,180,27,1.5,2,100,4.72,within an hour
Marathon 5 minutes Away!  Large Garden Level Room,Irene,Back Bay,Private room,171,5,2,0.11,2,353,0,1.0,1,100,4.5,within an hour
Awesome 2 BR near train,Cathy,Roslindale,Entire home/apt,146,30,0,0.0,1,200,0,1.0,2,100,4.7,Unknown
Compact Studio - Longwood/Fenway,Cassandra And Michael,Mission Hill,Entire home/apt,135,2,47,2.58,18,86,37,1.0,0,100,4.53,within an hour
Cozy Efficiency Unit - Longwood,Cassandra And Michael,Mission Hill,Entire home/apt,139,2,37,2.39,18,207,25,1.0,0,100,4.3,within an hour
Cozy Basement Studio - Longwood/Fenway,Cassandra And Michael,Mission Hill,Entire home/apt,168,2,43,2.46,18,226,29,1.0,0,100,4.44,within an hour
Boston Queen Room 1.1,Antonio,Dorchester,Private room,107,1,85,6.56,7,362,75,1.0,1,100,4.78,within an hour
Beautiful Room Newly Renovated,Lenie,Dorchester,Private room,77,5,30,1.74,2,261,17,1.0,1,92,4.93,within a day
Back Bay Ultra Luxury Condo at Raffles Boston,Daniel,Back Bay,Entire home/apt,329,29,4,0.27,1,309,3,1.0,1,100,5.0,within an hour
"Blueground | South Boston, gym, near red line",Blueground,South Boston,Entire home/apt,253,32,0,0.0,369,80,0,1.0,1,99,4.7,within an hour
Luxury 2 Br 2Ba Boston southend,Adam,South End,Entire home/apt,574,29,10,0.55,95,270,1,2.0,2,92,4.5,within an hour
New Build XL Modern Home/UMass/Walk2TeneanBeach,Trang,Dorchester,Entire home/apt,689,2,67,3.89,1,327,47,3.5,5,100,4.87,within an hour
Boston Queen Suite 1.3,Antonio,Dorchester,Private room,107,1,35,3.37,7,351,35,1.0,1,100,4.77,within an hour
Boston King Room 1.2 - New Renovation,Antonio,Dorchester,Private room,107,1,51,3.92,7,336,48,1.0,1,100,4.73,within an hour
Newly Renovated 4BR1BA Apartment,Hong,Dorchester,Entire home/apt,329,2,25,1.56,2,265,16,1.0,3,100,4.8,within an hour
Cozy Modern Boston 1BR Famous Nightlife Smart HDTV,Chen,Downtown,Entire home/apt,174,1,8,0.5,1,209,7,1.0,1,100,4.38,within an hour
Large 2 BR | 1BA in the North End,Jason,North End,Entire home/apt,459,5,34,1.9,18,237,25,1.0,2,100,4.59,within an hour
Boston Urban-glamping style easy commute,Alberto Josue,Roslindale,Private room,72,1,10,0.83,1,267,10,1.0,0,100,4.8,within an hour
Darling Efficiency Studio Awaits!,Bay Village,Bay Village,Private room,68,2,9,0.55,22,183,6,1.0,0,100,3.33,within an hour
Puddingstone Palace on the Hill,Meg,Jamaica Plain,Entire home/apt,216,2,2,1.02,1,7,2,1.0,1,100,4.5,within an hour
Quiet Room in Roslindale,Thomas,Roslindale,Private room,51,3,3,0.36,2,92,3,1.0,1,100,5.0,within an hour
Spacious Dog Friendly 3bd Apt,Mary,Roxbury,Entire home/apt,253,2,30,1.68,3,26,20,2.0,3,100,4.7,within an hour
Charming and Historic Apartment,Anne,Beacon Hill,Entire home/apt,160,1,77,4.96,1,224,58,1.0,1,100,4.79,within an hour
"Blueground | Burlington, gym, nr dining & shops",Blueground,Brighton,Entire home/apt,231,32,1,0.28,369,171,1,1.0,1,99,5.0,within an hour
"Blueground | Chinatown/Theater Dist, gym, nr t",Blueground,Downtown,Entire home/apt,318,32,0,0.0,369,327,0,1.0,1,99,4.7,within an hour
"Blueground | Fenway, gym, nr restaurants & shops",Blueground,Fenway,Entire home/apt,254,32,0,0.0,369,343,0,1.0,0,99,4.7,within an hour
"Blueground | Fenway, gym, nr t stop & dining",Blueground,Fenway,Entire home/apt,237,32,1,0.1,369,339,1,1.0,0,99,5.0,within an hour
"Blueground | Fenway, gym, nr restaurants & shops",Blueground,Fenway,Entire home/apt,250,32,1,0.11,369,263,1,1.0,0,99,3.0,within an hour
"Blueground | Fenway, gym, nr T stop & dining",Blueground,Fenway,Entire home/apt,250,32,0,0.0,369,302,0,1.0,0,99,4.7,within an hour
"Blueground | Fenway, gym, nr restaurants & shops",Blueground,Fenway,Entire home/apt,250,32,0,0.0,369,291,0,1.0,0,99,4.7,within an hour
"Blueground | Charlestown, w/d, close to dining",Blueground,Charlestown,Entire home/apt,371,32,0,0.0,369,281,0,2.0,2,99,4.7,within an hour
Sophisticated South End Studio,Sean,South End,Entire home/apt,202,29,42,2.28,46,249,23,1.0,0,100,4.33,within an hour
Studio Nestled in Back Bay!,Sean,South End,Entire home/apt,167,29,40,2.16,46,253,17,1.0,0,100,4.6,within an hour
Spacious Studio | Prudential Area,Sean,South End,Entire home/apt,224,29,36,1.99,70,211,23,1.0,0,100,4.64,within an hour
Bright Modern Studio | South End,Sean,Back Bay,Entire home/apt,210,29,44,2.78,70,216,31,1.0,0,100,4.55,within an hour
Bold & Spacious Studio | Back Bay,Sean,Back Bay,Entire home/apt,187,29,51,2.81,70,235,23,1.0,0,100,4.61,within an hour
Spacious and Bright Studio,Sean,Back Bay,Entire home/apt,221,29,47,2.57,70,228,28,1.0,0,100,4.74,within an hour
Modern Bright Back Bay Studio,Sean,Back Bay,Entire home/apt,181,29,70,3.81,70,226,35,1.0,0,100,4.67,within an hour
House on the Hill,Ting-Ho,Brighton,Entire home/apt,386,1,28,2.12,1,343,26,1.5,4,100,4.68,within an hour
"(F35) Fenway Park, Renovated, 2 beds.",Paige,Longwood Medical Area,Entire home/apt,304,1,77,4.49,60,214,52,1.0,1,100,4.71,within an hour
Primo North End Studio,Jay,North End,Entire home/apt,161,1,70,4.19,22,312,56,1.0,0,100,4.6,within an hour
"Just Steps to Fenway Park & Berklee College, #107",Maverick,Fenway,Entire home/apt,110,1,88,4.93,87,243,48,1.0,1,100,4.6,within an hour
Perfetto North End 1brm,Jay,North End,Entire home/apt,188,1,53,3.12,22,315,38,1.0,1,100,4.57,within an hour
Prima Boston North End 2brm,Jay,North End,Entire home/apt,246,1,64,4.3,22,266,52,1.0,2,100,4.8,within an hour
Loft Bed Studio | Prudential Area,Sean,Back Bay,Entire home/apt,185,29,59,3.56,70,231,30,1.0,0,100,4.47,within an hour
Simple & Spacious Apartment!,Sean,Downtown,Entire home/apt,280,29,42,3.58,70,360,42,1.0,3,100,4.74,within an hour
Unique South End Studio,Sean,South End,Entire home/apt,196,29,46,2.53,46,256,21,1.0,0,100,4.35,within an hour
Cozy Garden Level Studio,Sean,Back Bay,Entire home/apt,85,29,58,3.16,46,223,26,1.0,0,100,4.48,within an hour
Boston Charm: Private Room Near Downtown,Anh,Dorchester,Private room,75,1,68,5.44,2,323,65,2.0,1,100,4.81,within an hour
"Blueground | S Boston, gym, nr red line & shops",Blueground,South Boston,Entire home/apt,254,32,0,0.0,369,294,0,1.0,1,99,4.7,within an hour
Beautiful peaceful and safe,Donald,Hyde Park,Entire home/apt,384,2,2,0.24,3,365,2,1.0,3,90,5.0,within an hour
Peacefully Safe and unique,Donald,Hyde Park,Entire home/apt,501,29,0,0.0,3,365,0,1.0,3,90,4.7,within an hour
Large 2 BR|2 BA + Patio in Back Bay,Jason,Back Bay,Entire home/apt,637,6,28,1.65,18,242,19,2.0,2,100,4.82,within an hour
Brand New 2 BR | 1 BA in So. BOS #2,Jason,South Boston,Entire home/apt,354,5,13,0.78,18,266,8,1.0,2,100,4.85,within an hour
"Blueground | Downtown, gym & w/d, nr waterfront",Blueground,Downtown,Entire home/apt,299,32,0,0.0,369,321,0,1.0,1,99,4.7,within an hour
"Blueground | Downtown, gym & laundry, nr shops",Blueground,Downtown,Entire home/apt,271,32,0,0.0,369,308,0,1.0,0,99,4.7,within an hour
"Private Room, Modern/Clean Condo",Thea,Dorchester,Private room,95,29,3,0.33,1,269,3,1.0,1,100,4.67,Unknown
Close to major hospitals,Nadine,Roxbury,Entire home/apt,110,91,0,0.0,1,106,0,1.0,1,50,4.7,within a day
Boston Harbor Full Kitchen! 1BR nr Airport,Global Luxury Suites,East Boston,Entire home/apt,247,1,1,0.06,30,313,0,1.0,1,95,5.0,within an hour
Free Parking 2 Bed 1 Bath Steps from BU/Kenmore,Jodie,Fenway,Entire home/apt,319,3,25,1.44,20,341,10,1.0,2,95,4.36,within an hour
Quiet Suite in Boston,Hugh,Hyde Park,Private room,199,1,0,0.0,1,269,0,1.0,1,100,4.7,within an hour
Boston Private Bedroom near train/bus,Margarita,West Roxbury,Private room,77,5,17,1.19,5,281,12,1.0,1,100,4.94,within an hour
Jamaica Plain apartment for travel nurses,Jessica,Jamaica Plain,Private room,70,91,0,0.0,1,267,0,0.5,1,100,4.7,Unknown
2. Spacious Apt easy commute to Downtown Boston.,Ehab,Dorchester,Entire home/apt,465,1,4,0.26,15,127,3,1.0,5,100,5.0,within a few hours
"Boston Hospitality Homes, Harvard",Hitesh,Allston,Entire home/apt,500,3,46,3.01,7,199,39,2.0,5,100,4.8,within an hour
Master Bedroom/private bath/step to Train&Bus,Margarita,West Roxbury,Private room,112,6,7,0.46,5,168,1,1.0,1,100,5.0,within an hour
Spacious North End 1 BR | 1BA,Jason,North End,Entire home/apt,277,5,37,2.13,18,236,29,1.0,1,100,4.78,within an hour
Cozy Studio with Great Wifi!,Justin And Mandy,South End,Entire home/apt,191,1,0,0.0,15,344,0,1.0,1,100,4.7,within an hour
Brand New 2 BR | 1 BA in So. BOS #3,Jason,South Boston,Entire home/apt,330,5,20,1.23,18,264,12,1.0,2,100,4.7,within an hour
Private Queen Bedroom in Boston,Patrice,Dorchester,Private room,58,91,1,0.16,2,269,1,1.0,1,67,5.0,within a day
230B3.3  | The Mayhew Redline | AC & W/D | Rm #3,Lance,Dorchester,Private room,66,30,0,0.0,58,252,0,1.0,1,87,4.7,within a few hours
NEW! Boston Full Home Near MBTA ! 3 Mi To Fenway!,Frank,Roxbury,Entire home/apt,714,2,11,0.64,4,270,8,3.0,8,100,5.0,within an hour
4 Rooms in Boston. Private Baths,Tolu,Dorchester,Entire home/apt,372,2,36,2.32,1,123,26,4.0,4,100,4.72,within an hour
"Blueground | Brighton, gym, nr green line & dining",Blueground,Brighton,Entire home/apt,303,32,0,0.0,369,201,0,1.0,2,99,4.7,within an hour
Cozy 2BR in victorian brownstone,Cesar,Roxbury,Entire home/apt,151,29,4,0.32,1,119,3,1.0,2,100,5.0,within a few hours
Private Beautiful Large Sunny Large Room #1,Zeki,Brighton,Private room,85,3,16,1.06,4,122,10,1.0,1,100,4.5,within an hour
4-bed / 2-bath Modern Condo Minutes from Downtown,Delanda,Roxbury,Entire home/apt,349,1,41,2.63,2,186,29,2.0,4,100,4.71,within an hour
"Blueground | Chinatown/Theater Dist, gym, nr t",Blueground,Downtown,Entire home/apt,318,32,0,0.0,369,232,0,1.0,1,99,4.7,within an hour
Cozy Room 15 Minutes to BOS Airport,Anderson,East Boston,Private room,102,1,181,11.1,1,163,132,1.0,1,100,4.6,Unknown
Private Charming Room by Oak Square #3,Zeki,Brighton,Private room,85,3,28,1.65,4,122,13,1.0,1,100,4.36,within an hour
Renovated Boston Brownstone,Jane,Charlestown,Entire home/apt,1900,7,0,0.0,1,263,0,3.5,4,100,4.7,within a few hours
"Fenway Cultural, 2 bed 2 bath",Adam,Longwood Medical Area,Entire home/apt,475,4,22,1.47,95,232,16,2.0,2,92,4.41,within an hour
25A1 | The Alameda 1 | 2BR 1B w/AC & W/D | Private,Lance,West Roxbury,Entire home/apt,163,30,0,0.0,58,321,0,1.0,2,87,4.7,within a few hours
"(J2) Private Entrance! Fully Renovated, Back Bay!",Boston,Back Bay,Entire home/apt,327,1,71,4.24,2,233,52,1.0,0,100,4.62,within an hour
Historic Mayor’s Mansion #1,Carolyn,Beacon Hill,Private room,143,1,99,6.36,2,213,78,1.0,1,100,4.88,within an hour
14P.R | The Grand View | 5BR 2B w/AC | Rose Room,Lance,Dorchester,Private room,75,30,0,0.0,58,81,0,2.0,1,87,4.7,within a few hours
"Two-Bed, Two-Bath Apartment In the Fenway District",Furnished Quarters,Fenway,Entire home/apt,345,32,0,0.0,44,359,0,2.0,2,100,4.7,within an hour
Luxury 2BR 2BA apt Fenway .Boston.,Adam,Longwood Medical Area,Entire home/apt,473,4,4,0.3,95,142,3,2.0,2,92,4.5,within an hour
"Central 4 Bed, 2 Bath",Jodie,Downtown,Entire home/apt,470,3,3,0.26,20,280,3,2.0,4,95,4.67,within an hour
"Blueground | South End, gym, nr groceries & shops",Blueground,South End,Entire home/apt,338,32,0,0.0,369,48,0,1.0,1,99,4.7,within an hour
Beautiful 1Bedroom Apartment in Beacon Hill Boston,Luca,Beacon Hill,Entire home/apt,130,29,2,0.21,7,153,2,1.0,1,100,4.0,within an hour
Super Cozy 2-Bedroom apartment in downtown Boston,Luca,Beacon Hill,Entire home/apt,230,29,4,0.37,7,161,4,1.0,2,100,4.5,within an hour
Top quality 2 Bedroom Apartment in Beacon Hill,Luca,Beacon Hill,Entire home/apt,120,29,0,0.0,7,169,0,1.0,2,100,4.7,within an hour
"Clean, Modern & Great Location",Lop-Nilz LLC,Mattapan,Entire home/apt,294,2,29,1.78,1,106,17,1.0,4,100,4.52,within an hour
Charming 1 Bedroom Apartment in Downtown Boston,Luca,Beacon Hill,Entire home/apt,167,29,6,0.43,7,95,4,1.0,1,100,4.83,within an hour
"Blueground | Seaport, gym, close to shops & dining",Blueground,South Boston Waterfront,Entire home/apt,251,32,0,0.0,369,191,0,1.0,0,99,4.7,within an hour
Cozy 2-Bedroom Apartment in Downtown Boston,Luca,Beacon Hill,Entire home/apt,145,29,0,0.0,7,146,0,1.0,2,100,4.7,within an hour
Rooms in Modern Appartment| Near Subway|Local,Thanh,Dorchester,Private room,123,2,0,0.0,3,51,0,1.0,1,100,4.7,within an hour
Beautiful 2 Bedroom in Beacon Hill Boston,Luca,Beacon Hill,Entire home/apt,230,29,1,0.32,7,137,1,1.0,2,100,5.0,within an hour
"Blueground | Downtown, gym, nr restaurants",Blueground,Downtown,Entire home/apt,321,32,0,0.0,369,58,0,1.0,1,99,4.7,within an hour
3BR2BA Apt - Near train station,Hong,Dorchester,Entire home/apt,474,2,25,1.58,2,226,15,2.0,3,100,4.72,within an hour
"Blueground | N Station, w/d & gym, nr restaurants",Blueground,Downtown,Entire home/apt,342,32,0,0.0,369,132,0,1.0,1,99,4.7,within an hour
"Blueground | Back Bay, gym & w/d, nr shopping",Blueground,Back Bay,Entire home/apt,332,32,0,0.0,369,324,0,1.0,0,99,4.7,within an hour
Longwood/Fenway Hill Top 1BR Garden Apt,Janice,Mission Hill,Entire home/apt,152,3,51,3.5,4,45,42,1.0,1,100,4.57,within an hour
Cozy suite in the city!,Lindsay,South Boston,Entire home/apt,121,1,121,7.42,3,238,91,1.0,1,100,4.74,within an hour
Boston Dream Space,Turana,Dorchester,Private room,130,1,2,0.3,6,312,2,2.0,1,100,5.0,Unknown
Boston Charm Room,Turana,Dorchester,Private room,124,1,3,0.24,6,293,2,2.0,1,100,2.67,Unknown
Boston City Lights,Turana,Dorchester,Private room,130,1,5,0.36,6,313,3,2.0,1,100,4.6,Unknown
Boston Private Room #5 With 1Full Bed,Turana,Dorchester,Private room,160,1,9,0.86,6,275,9,2.0,1,100,4.78,Unknown
New Spacious Home in Boston,Esther,Dorchester,Entire home/apt,282,1,96,5.9,1,243,67,2.0,4,100,4.85,within an hour
Near Harvard Business 1-1,Taskin,Allston,Private room,76,1,85,5.1,16,360,66,1.0,1,100,4.65,within an hour
Downtown Designer Home| Keyless,Sean,Downtown,Entire home/apt,354,29,64,3.88,46,34,44,2.0,4,100,4.58,within an hour
cozy room in quiet area,Jonathan,Dorchester,Private room,58,3,7,0.57,3,344,6,2.0,1,100,4.14,within an hour
"Cozy Private Room, Walk to Red Line & Beaches",StayNue,South Boston,Private room,42,29,3,0.19,32,354,0,1.0,1,92,3.67,within an hour
"Blueground | North Station, gym & w/d, nr shopping",Blueground,Downtown,Entire home/apt,332,32,0,0.0,369,133,0,1.0,1,99,4.7,within an hour
"Blueground | North Station, gym, nr restaurants",Blueground,West End,Entire home/apt,330,32,1,0.1,369,306,1,1.0,1,99,2.0,within an hour
"Blueground | Brighton, gym & w/d, on the river",Blueground,Brighton,Entire home/apt,215,32,0,0.0,369,187,0,1.0,1,99,4.7,within an hour
"Blueground | Brighton, gym & w/d, on the river",Blueground,Brighton,Entire home/apt,216,32,0,0.0,369,292,0,1.0,1,99,4.7,within an hour
"Blueground | Brighton, gym & w/d, on the river",Blueground,Brighton,Entire home/apt,231,32,1,0.08,369,185,0,1.0,1,99,4.0,within an hour
"Blueground | Brighton, gym & w/d, on the river",Blueground,Brighton,Entire home/apt,217,32,0,0.0,369,19,0,1.0,1,99,4.7,within an hour
"Blueground | Brighton, gym & w/d, on the river",Blueground,Brighton,Entire home/apt,217,32,0,0.0,369,20,0,1.0,1,99,4.7,within an hour
Boston Delight,Turana,Dorchester,Private room,190,29,2,0.14,6,314,0,3.0,1,100,5.0,Unknown
Boston Breeze Room,Turana,Dorchester,Private room,133,1,4,0.3,6,261,2,2.0,1,100,4.0,Unknown
"Cozy & Private Bedrm, Bathrm & Patio near Downtown",Petronella,Roxbury,Private room,70,1,37,2.47,1,323,25,1.0,1,100,4.65,within an hour
Super-functional classic YOTEL minimalist design,YOTEL Boston,South Boston Waterfront,Private room,338,1,45,2.76,2,105,39,2.0,1,100,4.44,within an hour
sunny and spacious in quiet area,Jonathan,Dorchester,Private room,60,3,6,0.66,3,359,6,2.0,1,100,4.83,within an hour
Classic Boston Home | near T,Daniel,Dorchester,Entire home/apt,710,30,8,0.49,2,313,3,3.5,6,100,5.0,within an hour
Private Room/ Boston Collage #7 (newly listed),Zeki,Brighton,Private room,67,3,11,0.67,4,261,9,1.0,1,100,4.64,within an hour
"Marble Home! Sleek, Clean, & Modern!",Michael,Roslindale,Entire home/apt,180,2,59,3.55,1,78,40,1.0,3,100,4.75,within an hour
"Blueground | Brighton, gym & w/d, nr T stops",Blueground,Brighton,Entire home/apt,304,32,0,0.0,369,311,0,2.0,2,99,4.7,within an hour
Getaway Serenity Suite next to Logan Intl Airport,Cynthia,East Boston,Entire home/apt,155,1,15,1.06,2,243,13,1.0,1,100,4.53,within an hour
Lux 2br in the Heart of FIDI!,Sean,Downtown,Entire home/apt,211,29,68,4.69,54,53,57,2.0,2,100,4.6,within an hour
"(CL4)  2Beds, South End/ Back Bay, Roof Deck!",Paige,South End,Entire home/apt,300,1,48,2.91,60,244,39,1.0,1,100,4.46,within an hour
Bright Studio in Gorgeous Brownstone,Justin And Mandy,South End,Entire home/apt,195,1,5,0.36,15,356,0,1.0,1,100,4.8,within an hour
"Blueground | North Station, gm & w/d, nr dining",Blueground,Downtown,Entire home/apt,258,32,0,0.0,369,322,0,1.0,0,99,4.7,within an hour
3. Small room easy commute to Boston Downtown.,Ehab,Dorchester,Private room,57,29,42,2.66,15,116,24,1.0,1,100,4.74,within a few hours
Heart of Back Bay Condo 3BR 2BAA,Adam,Back Bay,Entire home/apt,500,4,16,1.04,95,102,7,2.0,3,92,4.56,within an hour
Alaska Street R45,Jeana,Roxbury,Private room,79,2,34,2.19,3,309,27,1.0,1,100,4.65,within an hour
"Blueground | North Station, gym, nr dining & T",Blueground,Downtown,Entire home/apt,332,32,1,0.1,369,342,1,1.0,1,99,3.0,within an hour
"(J9) Great location! 2Beds, Top Floor, Back Bay!",Paige,Back Bay,Entire home/apt,290,1,61,3.8,60,199,41,1.0,0,100,4.44,within an hour
Capricornus: Oceanside Vacation,Boston Harbor WaterFront Rentals,North End,Entire home/apt,336,1,44,3.07,2,112,38,1.0,2,100,4.68,within an hour
Patriot: Three Story Vessel,Boston Harbor WaterFront Rentals,North End,Entire home/apt,448,2,23,1.58,2,100,16,2.0,3,100,4.7,within an hour
"(J10) Two bedroom each with Desks and TVs, w/d",Paige,Back Bay,Entire home/apt,283,1,68,4.46,60,209,49,1.0,2,100,4.46,within an hour
"Blueground | Fenway, gym, nr food & shops",Blueground,Fenway,Entire home/apt,296,32,0,0.0,369,171,0,1.0,0,99,4.7,within an hour
"Blueground | N Station, gym, close shops & dining",Blueground,Downtown,Entire home/apt,422,32,0,0.0,369,332,0,2.0,2,99,4.7,within an hour
Cozy East Boston Apt with Patio,Jay,East Boston,Entire home/apt,179,30,0,0.0,1,362,0,1.5,3,67,4.7,within a day
Wonderful 3 Bedroom Apt in Boston,Sofia,Beacon Hill,Entire home/apt,180,29,2,0.13,8,161,0,1.0,3,100,5.0,within an hour
Exquisite 3Bedroom Apt with in Beacon Hill,Liya,Beacon Hill,Entire home/apt,180,29,2,0.2,114,161,2,1.0,3,100,3.0,within an hour
Newly Renovated 3BR Apartment,Loan,Dorchester,Entire home/apt,226,2,28,2.13,1,356,24,1.5,3,100,4.57,within an hour
3’s not a crowd here (1-person hall baths),The Revolution Hotel,South End,Private room,188,1,5,0.31,14,98,4,2.0,1,100,4.8,within an hour
Rebel spirit & onsite Cal-Mex eats,The Revolution Hotel,South End,Private room,221,1,0,0.0,14,101,0,2.0,1,100,4.7,within an hour
Private Room in the Heart of South Boston!,Gabi,South Boston,Private room,118,1,54,3.52,1,87,38,1.5,1,100,4.81,within an hour
Chic 2BR/2BA Retreat in the Heart of Fenway Park,Adam,Fenway,Entire home/apt,464,4,22,1.62,95,135,20,2.0,2,92,4.82,within an hour
Roslindale penthouse,Lee,Roslindale,Entire home/apt,200,92,0,0.0,6,365,0,1.0,2,92,4.7,within an hour
Lux 2bed2bath Apt Boston,Marina,South End,Entire home/apt,713,29,8,0.53,12,279,6,2.0,2,100,4.63,within an hour
"#1 ""Top of the Hub"" Bansky Room",Ruben,Roslindale,Private room,72,29,17,1.16,4,107,6,1.0,1,100,4.82,within an hour
"Boston Medical & Landmarks, public transportation",Kama,South End,Entire home/apt,234,29,4,0.26,39,192,0,1.0,1,99,5.0,within an hour
Historic Mayor's Mansion #2,Carolyn,Beacon Hill,Private room,143,1,139,8.93,2,233,102,1.0,1,100,4.68,within an hour
Park-Side Home in Jamaica Plain,Jesse,Roxbury,Entire home/apt,296,2,18,2.18,3,0,18,2.5,3,100,4.67,within an hour
"Blueground | N Station, gym & w/d, nr td garden",Blueground,Downtown,Entire home/apt,332,32,0,0.0,369,192,0,1.0,1,99,4.7,within an hour
"Blueground | Fenway, gym, nr food & shops",Blueground,Fenway,Entire home/apt,399,32,0,0.0,369,195,0,1.0,1,99,4.7,within an hour
Lavender Dream Room near Forest Hills,Alice,Hyde Park,Private room,69,1,57,3.99,3,240,48,1.0,1,100,4.89,within an hour
Luxury One Bedroom in Central Boston,Furnished Quarters,Downtown,Entire home/apt,245,32,0,0.0,44,255,0,1.0,1,100,4.7,within an hour
"Your Home Away from Home : Jamaica Plain, Boston",Elnedis,Jamaica Plain,Entire home/apt,389,1,19,1.72,1,113,19,2.0,4,100,4.79,within an hour
The Bellevue Haven,Laurence,Downtown,Entire home/apt,192,91,0,0.0,1,358,0,1.0,1,100,4.7,within an hour
Near Harvard Business 2/4,Taskin,Allston,Private room,78,1,115,7.93,16,353,96,1.0,1,100,4.6,within an hour
2bd 1.5 bath with launfry and parking in boston,Jonathan,Hyde Park,Entire home/apt,186,30,3,0.23,11,64,2,1.5,3,94,4.67,within a few hours
"Modern 3BR Suburban Retreat, Minutes from Downtown",Delanda,Hyde Park,Entire home/apt,214,3,22,1.64,2,21,17,1.0,3,100,4.73,within an hour
Spacious Private Brownstone Apt,Solomon,Roxbury,Private room,82,91,0,0.0,2,338,0,1.0,1,79,4.7,within a day
Cozy Condo in South Boston,Andrew,South Boston,Entire home/apt,182,1,71,4.7,1,62,55,1.0,1,100,4.8,within an hour
Charming & Spacious 2-BR Apt near Downtown,Daniel,Roxbury,Entire home/apt,219,1,45,2.98,3,143,29,2.0,2,100,4.82,within an hour
Peaceful suite in Boston with city views,Naveen,Brighton,Entire home/apt,288,1,84,5.51,38,111,61,2.0,2,100,4.85,within an hour
"Blueground | South End, gym, nr groceries & shops",Blueground,South End,Entire home/apt,362,32,0,0.0,369,295,0,1.0,1,99,4.7,within an hour
Luxuriant Stay | Freedom Trail. Library,The Newbury Boston,Back Bay,Private room,436,1,44,3.48,10,183,42,1.0,1,98,4.86,within an hour
Timeless Journey | Public Garden. Fitness Center,The Newbury Boston,Back Bay,Private room,486,1,31,2.52,10,173,30,1.0,1,98,4.81,within an hour
Iconic Experience | Aquarium. Library,The Newbury Boston,Back Bay,Private room,472,1,12,0.99,10,188,12,1.0,0,98,4.83,within an hour
Full Bedroom 2C in #193: South Boston,Sophia,Dorchester,Private room,61,91,0,0.0,14,196,0,0.0,1,100,4.7,within a few hours
Queen Bedroom  A in #990: Fort Hill,Sophia,Roxbury,Private room,57,91,0,0.0,14,104,0,0.0,1,100,4.7,within a few hours
Sonder at Pierce Boston | Superior 1BR Apartment,Sonder (Boston),Fenway,Entire home/apt,375,1,5,0.53,18,270,5,1.0,1,100,4.0,within an hour
Sonder at Pierce Boston | Superior 2BR Apartment,Sonder (Boston),Fenway,Entire home/apt,968,1,8,0.62,18,95,7,2.0,2,100,4.25,within an hour
5BR 3BATH LUX | Walk to Subway,Tra My,South Boston,Entire home/apt,649,29,52,3.45,17,361,35,3.0,5,100,4.9,within an hour
Private oasis on Boston's historic waterfront,Seaport Hotel Boston,South Boston Waterfront,Private room,456,1,4,0.27,1,114,3,1.0,1,100,5.0,within an hour
Studio close to medical center/T,Jade,Dorchester,Entire home/apt,90,29,1,0.07,9,309,0,1.0,0,96,5.0,within a few hours
"Blueground | Brighton, gym, pool, w/d & doorman",Blueground,Brighton,Entire home/apt,313,32,0,0.0,369,353,0,2.0,2,99,4.7,within an hour
Boston-Fairmont Hills Apartment,Williston,Hyde Park,Entire home/apt,243,1,61,4.24,1,200,45,2.0,3,100,4.64,within an hour
Historic Summer House,Matthew Brenden,Brighton,Entire home/apt,357,3,6,0.53,2,3,6,2.0,5,100,5.0,within an hour
Boston Apartment with parking available!,Kayleigh,Charlestown,Entire home/apt,203,1,75,5.1,1,95,59,1.0,1,100,4.91,within an hour
"Breakfast included, Room near Harvard",Studio Allston Hotel,Allston,Private room,192,1,135,9.64,9,357,123,1.0,1,100,4.44,within an hour
Studio near Harvard - Free Parking Back,Studio Allston Hotel,Brighton,Private room,244,1,2,0.25,9,347,2,1.0,0,100,4.0,within an hour
Interstellar Suite near Harvard - Free parking,Studio Allston Hotel,Brighton,Private room,288,1,1,0.08,9,337,0,1.0,1,100,4.0,within an hour
Game On! Fun-Filled Suite across the Charles River,Studio Allston Hotel,Brighton,Private room,296,1,0,0.0,9,314,0,1.0,1,100,4.7,within an hour
Family Oasis across Charles River- w/ Breakfast,Studio Allston Hotel,Brighton,Private room,213,1,180,12.83,9,361,157,1.0,1,100,4.61,within an hour
Lavish Boston studio with separate bedroom,Naveen,Brighton,Entire home/apt,148,1,61,4.2,38,121,52,1.0,1,100,4.7,within an hour
New Boston studio close to T,Jade,Dorchester,Entire home/apt,93,31,0,0.0,9,365,0,1.0,0,96,4.7,within a few hours
Lovely Boston studio with bedroom and city views!,Naveen,Brighton,Entire home/apt,152,1,74,5.02,38,120,59,1.0,1,100,4.7,within an hour
Downtown Boston Apt with BayView,Taibou,Fenway,Entire home/apt,126,29,5,0.4,3,235,4,1.0,1,100,4.8,within an hour
"Blueground | Brighton, pool, gym, nr groceries",Blueground,Brighton,Entire home/apt,208,32,0,0.0,369,356,0,1.0,0,99,4.7,within an hour
"South End 1BR: City Views, Pool & More",Marina,West End,Entire home/apt,469,29,0,0.0,12,327,0,1.0,1,100,4.7,within an hour
Top floor charmer overlooking Charles Street,Beacon Hill Hotel,Beacon Hill,Private room,559,1,0,0.0,5,79,0,1.0,1,100,4.7,Unknown
Central 2 Bed in North End; Near Waterfront & MGH,Jodie,North End,Entire home/apt,226,3,44,3.06,20,335,40,1.0,2,95,4.7,within an hour
"Free Parking at 1 Bed Basement Apt, Near BU & MIT",Jodie,Fenway,Entire home/apt,144,3,13,0.93,20,346,6,1.0,1,95,4.31,within an hour
"Blueground | N Station, gym & w/d, nr T & shops",Blueground,Downtown,Entire home/apt,453,32,0,0.0,369,335,0,2.0,2,99,4.7,within an hour
Studio in Boston with Flexible Cancellations!,Bay Village,Bay Village,Private room,111,2,4,0.33,22,188,3,1.0,1,100,4.0,within an hour
Modern Apartment Fenway,Adam,Longwood Medical Area,Entire home/apt,689,5,1,0.09,95,269,1,2.0,2,92,5.0,within an hour
2 Bedroom Southie Brownstone,Megann,South Boston,Entire home/apt,243,2,46,3.2,1,36,33,1.0,2,100,4.54,within an hour
2 Bedroom Unit w/ Elevator & In-Unit Laundry,Paul,Roxbury,Entire home/apt,367,30,16,1.19,15,342,11,2.0,2,100,4.88,within an hour
Private room B,Xiaoyou,West Roxbury,Private room,49,31,13,1.14,4,31,13,1.5,1,100,4.92,within an hour
Fully Furnished LUX House,Tra My,South Boston,Entire home/apt,808,28,0,0.0,17,253,0,3.0,5,100,4.7,within an hour
Gorgeous One Bed in Amenity-Rich Community,Furnished Quarters,South Boston Waterfront,Entire home/apt,275,32,0,0.0,44,311,0,1.0,1,100,4.7,within an hour
Spacious One Bedroom in Luxury Boston Building,Furnished Quarters,South Boston Waterfront,Entire home/apt,275,32,0,0.0,44,299,0,1.0,1,100,4.7,within an hour
Boston One Bed With Luxury Building Amenities,Furnished Quarters,Back Bay,Entire home/apt,255,32,0,0.0,44,311,0,1.0,1,100,4.7,within an hour
Professionally Managed One Bedroom in Back Bay,Furnished Quarters,Back Bay,Entire home/apt,259,32,0,0.0,44,211,0,1.0,1,100,4.7,within an hour
Best Boston Beacon Hill 2Bedroom Studio,Liya,Beacon Hill,Entire home/apt,185,29,4,0.41,114,152,4,1.0,2,100,4.75,within an hour
Spacious room near Harvard Stad.,Alexes,Allston,Private room,109,28,0,0.0,3,143,0,1.0,1,100,4.7,within an hour
Luxury Hideaway | Museums. Boston Common,The Newbury Boston,Back Bay,Private room,717,1,5,0.47,10,188,5,1.0,1,98,5.0,within an hour
Classic Charm | Public Garden. Fitness Center,The Newbury Boston,Back Bay,Private room,960,1,9,0.69,10,187,8,1.0,1,98,4.67,within an hour
Serene Sanctuary | Freedom Trail. Library,The Newbury Boston,Back Bay,Private room,946,1,0,0.0,10,191,0,1.0,1,98,4.7,within an hour
Elite Escapes | Boston Common. Fitness Center,The Newbury Boston,Back Bay,Private room,1156,1,1,0.1,10,185,1,1.0,1,98,5.0,within an hour
Comfy studio in Boston,Naveen,Brighton,Entire home/apt,138,1,39,2.73,38,105,33,1.0,0,100,4.69,within an hour
Location -Location - Location! Washer and dryer,Jessy And Diego,Back Bay,Entire home/apt,353,29,3,0.29,20,32,3,2.0,2,100,5.0,within an hour
Luxury 3 bedroom 3 bathroom downtown loft,Peter,Downtown,Entire home/apt,630,29,20,1.41,5,101,14,3.0,3,100,4.6,within an hour
One Bed in Boston High-Rise Building,Furnished Quarters,South Boston Waterfront,Entire home/apt,275,32,0,0.0,44,309,0,1.0,1,100,4.7,within an hour
A King Bed | Private Bath,J Lucky,Roxbury,Private room,103,1,161,11.45,7,200,127,1.0,1,100,4.86,within an hour
King Bed | 3rd Floor | Sunny,J Lucky,Roxbury,Private room,68,1,144,10.19,7,14,123,1.0,1,100,4.82,within an hour
Petite Bedroom | 3rd Floor | Fort Hill,J Lucky,Roxbury,Private room,61,1,84,6.03,7,50,62,1.0,1,100,4.87,within an hour
Penthouse luxury suite.  Huge great room. 3 beds.,Peter,Downtown,Entire home/apt,1043,29,35,2.47,5,98,28,3.0,3,100,4.89,within an hour
Family friendly 3 bed 3 bath,Peter,Downtown,Entire home/apt,786,29,30,2.12,5,72,23,3.0,3,100,4.9,within an hour
Downtown Loft perfect for group 3 bed 3 bath,Peter,Downtown,Entire home/apt,722,29,12,0.87,5,98,7,3.0,3,100,4.58,within an hour
Huge great room for entertaining. 3 bed 3 bath lux,Peter,Downtown,Entire home/apt,1065,29,9,0.68,5,123,7,3.0,3,100,4.89,within an hour
Nature Suite near Harvard - Free Parking & Wi-Fi!,Studio Allston Hotel,Brighton,Private room,309,1,1,0.11,9,334,1,1.0,1,100,5.0,within an hour
Cinematic Escape Suite – Across the Charles River,Studio Allston Hotel,Brighton,Private room,296,1,0,0.0,9,333,0,1.0,1,100,4.7,within an hour
"ADA Single Room – Breakfast included, Near Harvard",Studio Allston Hotel,Brighton,Private room,192,1,5,0.4,9,341,4,1.0,1,100,4.0,within an hour
Rock Me Gently | Steps from Blues. Dive to Pool,The Verb Hotel,Beacon Hill,Private room,244,1,298,21.13,6,190,282,1.0,1,99,4.87,within an hour
Poolside Sessions | Music Moments. MGM Melodies,The Verb Hotel,Downtown,Private room,244,1,65,4.97,6,186,63,1.0,1,99,4.83,within an hour
Fenway Stay | Catch Game Heated Pool & Vinyl Spins,The Verb Hotel,Downtown,Private room,260,1,8,0.77,6,178,8,1.0,1,99,5.0,within an hour
Live at Fenway | Walk to Park  and Heated Pool,The Verb Hotel,Downtown,Private room,260,1,129,9.95,6,182,127,1.0,1,99,4.69,within an hour
Home in Boston/Mattapan/Milton,Victoria,Mattapan,Entire home/apt,252,2,29,2.2,1,292,27,2.0,2,100,4.83,within an hour
Beautiful private suite with balcony|fully stocked,Naveen,Brighton,Entire home/apt,241,1,79,5.6,38,109,67,1.0,2,100,4.71,within an hour
(A) Big Sunny Room - Parking Included,Mohammed,Brighton,Private room,79,1,33,2.43,2,48,30,1.0,1,100,4.55,within an hour
"Private Room close to HBS, Harvard, BU, MIT",Francis,Allston,Private room,71,29,5,0.43,4,172,5,1.0,1,100,4.8,within an hour
Centrally Located | King Bedroom,J Lucky,Roxbury,Private room,74,1,155,11.2,7,157,134,1.0,1,100,4.81,within an hour
Spacious Apartment in Luxury Back Bay Building,Furnished Quarters,Back Bay,Entire home/apt,260,32,0,0.0,44,311,0,1.0,1,100,4.7,within an hour
Modern Two Bed in Boston's West End Neighborhood,Furnished Quarters,Downtown,Entire home/apt,320,32,0,0.0,44,312,0,2.0,2,100,4.7,within an hour
One Bedroom Apartment W/ Luxury Amenities,Furnished Quarters,Back Bay,Entire home/apt,250,32,0,0.0,44,224,0,1.0,1,100,4.7,within an hour
独立房间加独立书房 ｜哈佛工程学院/商学院步行距离,Francis,Allston,Private room,85,29,4,0.37,4,219,4,1.0,1,100,4.25,within an hour
Stunning apartment in Fenway,Greg,Fenway,Entire home/apt,839,5,2,0.18,20,254,2,2.0,2,69,4.0,within a few hours
IV NewApart LuxuryAmenitieBoston,Jean- Luc,Dorchester,Entire home/apt,104,3,14,1.05,5,129,12,1.0,2,100,4.57,within a few hours
"Large Room w/Private Bath, Near Harvard, BU, MIT",Francis,Allston,Private room,86,28,5,0.48,4,182,5,1.0,1,100,4.4,within an hour
"Private Room, Walk to HBS/Harvard/MIT",Francis,Allston,Private room,85,29,4,0.34,4,75,4,1.0,1,100,4.75,within an hour
Boston City Living in Comfort!,Jesus,Jamaica Plain,Entire home/apt,136,2,7,3.56,2,229,7,1.0,1,100,4.71,within an hour
Gorgeous One Bed in Boston,Furnished Quarters,West End,Entire home/apt,235,32,0,0.0,44,290,0,1.0,1,100,4.7,within an hour
Gorgeous One Bedroom Close to Boston Waterfront,Furnished Quarters,West End,Entire home/apt,230,32,0,0.0,44,324,0,1.0,1,100,4.7,within an hour
Beacon Hill Pied ~a~Terre,Kathleen,Beacon Hill,Private room,135,29,9,0.66,2,46,5,1.0,1,100,5.0,within an hour
Elegant Boston suite,Naveen,Brighton,Entire home/apt,185,1,70,5.02,38,111,63,2.0,2,100,4.73,within an hour
"Blueground | South End, gym, w/d, nr groceries",Blueground,South End,Entire home/apt,293,32,1,0.13,369,197,1,1.0,1,99,4.0,within an hour
"Back Bay Efficiency Unit, Pvt Bath, Kitchenette",Paul,Back Bay,Entire home/apt,180,29,2,0.15,15,318,1,1.0,0,100,2.5,within an hour
"Fenway Park high-end building, King bed",Adam,Fenway,Entire home/apt,689,5,3,0.22,95,261,2,2.0,2,92,4.33,within an hour
Sunny Charming Room,Lale,Brighton,Private room,122,2,4,0.31,2,254,3,1.0,1,100,4.75,within an hour
Welcoming Bedroom 2,Ankita,Mission Hill,Private room,133,1,8,0.6,2,89,5,1.0,1,100,4.38,within an hour
A Cozy New 1-BR  Apt (9B1) Near Downtown Boston,Daryl,Dorchester,Entire home/apt,140,1,65,4.81,7,344,54,1.0,1,100,4.8,within an hour
Nice 2 BR 2BA Boston hospitals,Adam,Jamaica Plain,Entire home/apt,804,3,2,0.15,95,270,1,2.0,2,92,5.0,within an hour
Brownstone Oversized Furnished Studio in Back Bay,Paul,Back Bay,Entire home/apt,331,30,1,0.08,15,64,0,1.0,1,100,5.0,within an hour
Sunny Spacious Room,Lale,Brighton,Private room,122,2,12,0.94,2,75,11,1.0,1,100,4.58,within an hour
Gallery like studio with room divider near city,Naveen,Brighton,Entire home/apt,138,1,46,3.48,38,126,40,1.0,0,100,4.76,within an hour
Artful Boston escape with balcony and city views,Naveen,Brighton,Entire home/apt,200,1,57,4.29,38,130,51,1.0,1,100,4.81,within an hour
"(CL8) Studio, South End/ Back Bay , Roof Deck!",Foster,South End,Entire home/apt,251,1,39,3.0,5,218,36,1.0,0,98,4.74,within an hour
Downtown Boston Studio Theater District Smart HDTV,Michael,Downtown,Entire home/apt,132,29,47,3.55,2,187,43,1.0,1,100,4.77,within an hour
"(CL3) Bright Studio, Outdoor Space, Best Location!",Paige,South End,Entire home/apt,245,1,44,3.48,60,255,41,1.0,0,100,4.66,within an hour
Elegant One Bedroom with Amenities,Furnished Quarters,Back Bay,Entire home/apt,275,32,0,0.0,44,359,0,0.0,1,100,4.7,within an hour
Cozy Private Room Boston near T- JFK/UMass,Sean,Dorchester,Private room,54,91,1,0.22,4,97,1,1.0,1,100,4.0,within an hour
Duplex apt flrs 2 and 3 sleeps 11 Boston,Lynda,West Roxbury,Entire home/apt,357,1,0,0.0,16,177,0,2.0,5,100,4.7,within an hour
"Blueground | Fenway, fitness, nr food & shops",Blueground,Fenway,Entire home/apt,276,32,0,0.0,369,33,0,1.0,0,99,4.7,within an hour
Coastal Haven in Boston close to Airport&T,Mandana,East Boston,Entire home/apt,224,29,8,0.67,4,301,8,2.0,4,98,5.0,within an hour
Downtown Lux Apt. Stunning View | 2 Beds+2 Baths,Yi-Hsuan,Downtown,Entire home/apt,439,29,1,0.11,1,238,1,2.0,2,100,5.0,within an hour
Fully Renovated 3 Bed Apartment. BU | BC | Harvard,Gustavo,Allston,Entire home/apt,270,2,19,2.04,1,216,19,1.0,3,100,4.53,within an hour
"Blueground | Longwood, shared w/d, nr bars & food",Blueground,Mission Hill,Entire home/apt,204,32,0,0.0,369,280,0,1.0,0,99,4.7,within an hour
"(CL1) 1St floor, South End, Roof deck, W/D",Foster,South End,Entire home/apt,290,1,38,3.19,5,243,38,1.0,1,98,4.47,within an hour
Cozy 1 Bed Near Boston Medical,Paul,South End,Entire home/apt,201,2,0,0.0,15,327,0,1.0,1,100,4.7,within an hour
Alaska Street R40,Jeana,Roxbury,Private room,68,2,11,0.86,3,347,9,1.0,1,100,4.64,within an hour
"Art boutique studio ""Coral fish"" in Charlestown,MA",Ivan,Charlestown,Entire home/apt,170,29,0,0.0,3,64,0,1.0,1,100,4.7,within an hour
Spacious Modern Short Term,Solomon,Roxbury,Private room,63,2,0,0.0,2,21,0,1.0,1,79,4.7,within a day
Bright Brownstone w Terrace+View,Viktoria,Roxbury,Entire home/apt,293,2,65,5.17,1,293,62,2.5,3,100,4.82,within an hour
Stylish Private Room in Roxbury Co-Living APT,StayNue,Roxbury,Private room,38,29,2,0.17,32,348,2,1.5,0,92,2.5,within an hour
Convenient 2 br near Bus/Train,Thinh,Dorchester,Entire home/apt,197,2,47,4.13,1,282,47,1.0,2,60,4.55,within a day
"1A Private room near BC, in front of T station",Juliana,Brighton,Private room,73,1,39,3.16,4,148,38,2.0,1,97,4.67,within an hour
"Blueground | Chinatown/Theater Dist, gym, nr food",Blueground,Downtown,Entire home/apt,384,32,0,0.0,369,41,0,2.0,2,99,4.7,within an hour
"Blueground | Chinatown, w/d, nr green line & bars",Blueground,Downtown,Entire home/apt,297,32,0,0.0,369,62,0,1.0,1,99,4.7,within an hour
"Blueground | Theater Dist, gym, nr entertainment",Blueground,Downtown,Entire home/apt,297,32,0,0.0,369,195,0,1.0,1,99,4.7,within an hour
Modern Two Bedroom Apartment in Boston's Back Bay,Furnished Quarters,Back Bay,Entire home/apt,365,32,0,0.0,44,211,0,2.0,2,100,4.7,within an hour
Modern 2-bed apt+ mins to fenway +5 min to train,Angelique,Roxbury,Entire home/apt,187,1,44,3.62,2,79,44,1.0,2,100,4.3,within an hour
[Fabulous Room with kitchen 5 min to Boston Coll ],Mahmut,Brighton,Private room,70,2,18,1.42,5,355,17,2.0,1,100,4.28,within an hour
Convenient Beacon Hill Rental by MGH & TD Garden#5,Maverick,Beacon Hill,Entire home/apt,173,1,45,3.52,87,330,44,1.0,0,100,4.42,within an hour
"2A Private room near BC, in front of T station",Juliana,Brighton,Private room,80,1,27,2.15,4,74,26,2.0,1,97,4.56,within an hour
"3A Private room near BC, in front of T station",Juliana,Brighton,Private room,76,1,34,3.0,4,149,34,2.0,1,97,4.71,within an hour
"4A Private room near BC, in front of T station",Juliana,Brighton,Private room,78,1,66,5.25,4,127,63,2.0,1,97,4.56,within an hour
2 bedroom Modern Condo w/Private Roof Top!,Ana F,East Boston,Entire home/apt,214,3,29,2.36,1,292,28,1.0,2,100,4.69,within an hour
Cozy 2 Bundle Rooms near Charles River,StayNue,Brighton,Private room,112,1,3,0.53,32,263,3,2.0,2,92,5.0,within an hour
Brand New 4BR 2.5Bath House 20Min  Downtown Boston,Pamela,Dorchester,Entire home/apt,411,1,61,4.95,3,269,59,2.5,4,100,4.93,within an hour
"Comfortable, Centrally Located 3 Bed in Boston",Humayun,Dorchester,Entire home/apt,154,1,9,0.98,1,335,9,1.0,3,100,4.56,within an hour
Awesome studio in South End with wifi and parking,Justin And Mandy,South End,Entire home/apt,164,1,21,1.69,15,345,20,1.0,1,100,4.71,within an hour
Charming 2-Bedroom Apartment southend,Adam,South End,Entire home/apt,409,1,19,1.54,95,171,18,1.5,2,92,4.47,within an hour
Boston - Great Location-Apt 2nd floor - 8 people,Gabriel,Dorchester,Entire home/apt,428,2,13,1.43,2,324,13,1.0,4,88,4.92,within an hour
"4 Bed, 2 Bath w/ Parking Near MGH & Freedom Trail",Jodie,Downtown,Entire home/apt,527,3,1,0.22,20,281,1,2.0,4,95,5.0,within an hour
"Spacious Home- Master Suite, Private Bath & Office",Alix,Roxbury,Private room,86,3,20,2.42,4,50,20,2.0,1,100,4.8,within a few hours
Modern Single Family Home minutes from Fort hill,Donnell,Roxbury,Entire home/apt,299,2,19,1.95,1,170,19,1.0,3,100,4.89,within an hour
Stunning Family Oasis in JP Center,Milo,Jamaica Plain,Entire home/apt,401,2,1,0.09,2,16,1,2.5,5,100,5.0,within an hour
2BR in Downtown Boston 9272,Mohammed Radi,Downtown,Entire home/apt,290,1,27,2.29,64,331,27,1.0,2,99,4.52,within an hour
Urban Chic Retreat in Back Bay,Kama,Back Bay,Entire home/apt,211,2,1,1.0,39,33,1,1.0,1,99,5.0,within an hour
Pet-Friendly Loft in Back Bay – Sleeps 4,STARS Of,Bay Village,Entire home/apt,211,2,2,0.19,11,33,2,1.0,1,100,5.0,within an hour
Lovely & Quiet 2BR in Brighton,Kristin,Brighton,Entire home/apt,243,2,22,2.4,1,159,22,1.0,2,100,4.86,within an hour
Cozy Boston studio,Naveen,Brighton,Entire home/apt,161,1,53,4.31,38,129,52,1.0,1,100,4.62,within an hour
City home! Brand New!,Carey,Charlestown,Entire home/apt,990,2,1,0.54,1,254,1,3.5,5,80,5.0,within a day
Stylish studio with room divider near downtown,Naveen,Brighton,Entire home/apt,121,1,35,2.85,38,125,34,1.0,0,100,4.86,within an hour
Luxury suite with room divider near downtown,Naveen,Brighton,Entire home/apt,169,1,60,5.08,38,111,60,1.0,0,100,4.83,within an hour
Modest Private Room #236 C,Tina,Fenway,Private room,61,91,0,0.0,92,140,0,0.0,3,99,4.7,within a few hours
Free Parking 2 Bed 1 Bath Steps from BU/Kenmore,Jodie,Fenway,Entire home/apt,278,3,25,2.02,20,341,24,1.0,2,95,4.8,within an hour
"Private deck, Luxury Penthouse, w/d & parking",Paige,Back Bay,Entire home/apt,728,1,35,2.97,60,214,35,1.5,2,100,4.6,within an hour
"(42L2) Celtics, Bruins! Lets GO!",Foster,Downtown,Entire home/apt,212,1,50,4.36,5,248,50,1.0,1,98,4.52,within an hour
Private Studio Guest House w/ Free Parking,James,Dorchester,Entire home/apt,150,2,43,3.59,1,36,43,1.0,0,100,4.91,within an hour
Open concept 2 bed loft in Back Bay,Kama,Back Bay,Entire home/apt,338,2,1,0.12,39,131,1,1.5,2,99,5.0,within an hour
Open concept 2 bed loft in Back Bay,STARS Of,Back Bay,Entire home/apt,338,30,4,0.47,11,131,4,1.5,2,100,4.75,within an hour
"(MGH7-1) Best Location, 1 bedroom, Beacon Hill",Airbnb,Beacon Hill,Entire home/apt,362,1,39,3.17,1,22,38,1.0,1,98,4.23,within an hour
Spacious Bedroom & Private Bath 3A,Matt,Dorchester,Private room,65,29,2,0.2,19,332,2,1.5,1,100,4.5,within a few hours
2 Room Suite with Private Bath W2A,Matt,Roxbury,Private room,53,29,1,0.1,19,164,1,1.5,1,100,4.0,within a few hours
Large Bedroom & Private Bathroom 3B,Matt,Dorchester,Private room,63,29,2,0.26,19,107,2,1.5,1,100,4.5,within a few hours
"The Dazzling Two-Bedroom, Two-Bath Suite in South",Marina,South End,Entire home/apt,713,1,12,1.15,12,279,12,2.0,2,100,4.5,within an hour
Elegant Beacon Hill Apt by MBTA,Tasuku,Downtown,Entire home/apt,150,29,0,0.0,1,74,0,1.0,1,100,4.7,within an hour
Skylight Suite w/ Sofa & Desk W2C,Matt,Roxbury,Private room,50,29,3,0.32,19,166,3,1.0,1,100,4.33,within a few hours
Spacious Bedroom with Desk & Lounge W2B,Matt,Roxbury,Private room,50,29,4,0.38,19,185,4,1.5,1,100,4.5,within a few hours
Beautiful Vintage Oval Room with Greenery Views,Guifang,West Roxbury,Private room,89,1,23,1.9,4,350,23,2.0,1,100,4.96,within an hour
"Boston Home: 5BR, 6 Beds, Sleeps 12, Free Parking!",Errington,Roxbury,Entire home/apt,679,1,78,6.5,1,202,78,2.5,5,100,4.87,within an hour
"#4 ""Top of the Hub"" Secret Agent Room",Ruben,Roslindale,Private room,65,29,10,0.83,4,228,10,1.0,1,100,4.8,within an hour
The Chester: Urban Chic Retreat In South End,Drew,Roxbury,Entire home/apt,235,2,17,1.46,9,120,17,1.0,0,100,4.47,within an hour
"The Chester: Hip, Renovated, South End",Drew,Roxbury,Entire home/apt,266,2,11,0.96,9,117,11,1.0,0,100,4.64,within an hour
"The Chester: Modern Luxury, Historic Charm",Drew,Roxbury,Entire home/apt,263,2,14,1.17,9,122,14,1.0,1,100,4.5,within an hour
"The Chester:  Urban Luxury, Modern Design",Drew,Roxbury,Entire home/apt,240,2,17,1.42,9,128,17,1.0,1,100,4.76,within an hour
"The Chester: Modern, Cool, Heart Of South End",Drew,Roxbury,Entire home/apt,241,2,5,0.44,9,288,5,1.0,1,100,4.6,within an hour
"#3 ""Top of the Hub"" Marilyn Monroe Room",Ruben,Roslindale,Private room,96,1,52,4.68,4,243,52,1.0,1,100,4.71,within an hour
Bright Newbury Street 1 Bedroom,Sean,Back Bay,Entire home/apt,244,29,37,3.11,70,112,37,1.0,1,100,4.54,within an hour
Full bed flr 1 Boston vacation,Lynda,West Roxbury,Private room,112,1,8,0.72,16,184,8,1.0,1,100,5.0,within an hour
"Large 4 Bedroom apartments, 2ND FL/Brighton",Malek,Brighton,Entire home/apt,430,2,11,0.99,1,347,11,1.0,4,100,4.55,within an hour
5 TDGarden Celtics/Bruins/Lil Italy/Historic,Robert Anthony,North End,Entire home/apt,199,3,7,2.5,7,48,7,1.0,1,100,4.29,within an hour
Large 1 bedroom home / free parking spot /Location,Alejandro,Allston,Entire home/apt,260,29,4,0.49,1,145,4,1.0,1,100,4.5,within an hour
Lovely Room  5 min walk to Green Line [A],Aziz,Allston,Private room,77,2,23,1.97,7,210,23,2.0,1,100,4.39,within an hour
Lovely Room  5 min walk to Green Lin [B],Aziz,Allston,Private room,77,2,33,2.79,7,209,33,2.0,1,100,4.64,within an hour
Lovely Room  5 min walk to Green Line [C],Aziz,Allston,Private room,77,2,27,2.27,7,198,27,2.0,1,100,4.44,within an hour
Private suite Bed & bath near Forest Hills Station,Alice,Hyde Park,Private room,75,1,20,1.72,3,116,20,1.0,1,100,4.95,within an hour
Lovely Room  5 min walk to Green Line [E],Aziz,Allston,Private room,71,2,21,1.77,7,208,21,2.0,1,100,4.29,within an hour
Brighton Center  1br,Benjamin,Brighton,Entire home/apt,186,2,42,3.8,1,110,42,1.0,1,100,4.88,within a few hours
Comfort and Convenience of Home in Boston!,Marie,Roxbury,Private room,40,91,1,0.16,2,177,1,1.0,1,90,5.0,within a day
Spacious South Boston 2Bed wDeck,Shannon,South Boston,Entire home/apt,450,29,2,0.18,7,262,2,2.0,2,100,5.0,within a few hours
Private Floor w/Bed/Bath/LivingR,Shannon,South Boston,Private room,180,29,1,0.1,7,179,1,1.0,1,100,5.0,within a few hours
"Modern 2BR Apt, 30 min to Downtown w/Parking Spot!",Nancy,Hyde Park,Entire home/apt,172,3,18,1.57,1,243,18,1.0,2,100,4.83,within an hour
Super location! Walk everywhere! 1 bed / 1 bath!,Jessy And Diego,Back Bay,Entire home/apt,161,2,42,4.44,20,168,42,1.0,1,100,4.86,within an hour
High end Apt South End Boston,Adam,South End,Entire home/apt,655,1,6,0.7,95,348,6,2.0,2,92,4.83,within an hour
Stylish Condo with Parking/Wi-Fi,Irvin,Roxbury,Entire home/apt,166,1,20,2.36,1,282,20,1.5,2,100,4.55,within a day
Room & Ensuite Bath - Residence,Rifat,Brighton,Private room,70,91,0,0.0,1,365,0,1.0,1,0,4.7,a few days or more
2bed2bath in South Boston,Georgi,South Boston,Entire home/apt,198,29,0,0.0,1,365,0,2.0,2,25,4.7,a few days or more
"Blueground | Theater Dist, gym, lounge & A/C",Blueground,Downtown,Entire home/apt,379,30,0,0.0,369,72,0,2.0,2,99,4.7,within an hour
Private Parking! 4BR Family Home in South Boston,Alessandra,South Boston,Entire home/apt,990,2,13,1.3,1,251,13,2.0,4,90,4.85,within an hour
2 bed in Boston,Leigh,Roslindale,Entire home/apt,155,2,28,2.51,1,273,28,1.0,2,70,4.64,within a day
Convenient 1BR close to Airport,Oliver,East Boston,Entire home/apt,130,29,0,0.0,1,312,0,1.0,1,100,4.7,within a day
Spacious 3 bed 2 bath w/Parking,Lenie,Dorchester,Private room,113,29,1,0.18,2,307,1,1.0,1,92,5.0,within a day
"Cozy/Spacious & Sunny Apt/ Downtown,Airport Nearby",Sonam,East Boston,Entire home/apt,237,1,46,4.3,1,213,46,1.0,2,100,4.52,within an hour
Theatre district. Boston. (longterm6),Kj,Chinatown,Entire home/apt,310,29,0,0.0,3,365,0,1.0,1,90,4.7,within an hour
T New Stylish Fenway (Longterm.03),Kj,Fenway,Entire home/apt,129,60,2,0.29,3,196,2,1.0,1,90,4.5,within an hour
South End Luxury Condo-(2 Queen),Zach,South End,Entire home/apt,238,14,4,1.5,2,258,4,1.0,2,100,3.75,within an hour
Modern Studio with Great Wifi and Amenities!,Justin And Mandy,South End,Entire home/apt,192,1,4,0.39,15,328,4,1.0,1,100,4.75,within an hour
2BR Retreat Near Boston College & Longwood,Kama,Brighton,Entire home/apt,336,2,4,0.4,39,321,4,1.0,2,99,5.0,within an hour
Modern Renovated 2-Bedroom in South Boston,StayNue,Roxbury,Entire home/apt,100,1,4,0.38,32,349,4,1.0,2,92,3.0,within an hour
Two bedrooms by the beach with private bathroom!,Jillian,South Boston,Private room,363,2,1,0.11,2,74,1,1.0,2,100,4.0,within an hour
"#2 ""Top of the Hub"" Bob Marley Room",Ruben,Roslindale,Private room,96,1,58,5.39,4,336,58,1.0,1,100,4.86,within an hour
"TD Garden, Celtics/Bruins, Lil Italy,North End",Boston,North End,Entire home/apt,475,3,9,0.84,7,214,9,2.0,4,98,4.22,within an hour
Temple Place Suites: Book Today!,TemplePlace,Downtown,Private room,106,2,2,0.26,7,118,2,1.0,0,100,4.5,within an hour
Come Visit Boston and Stay In Our Homey Studio,TemplePlace,Downtown,Entire home/apt,126,3,4,0.38,7,140,4,1.0,1,100,3.0,within an hour
Simple & Affordable Efficient Studio Awaits!,Bay Village,Bay Village,Entire home/apt,76,2,21,1.96,22,192,21,1.0,1,100,3.81,within an hour
Modern 5BR | Near Subway & Downtown | Free Parking,Hiep,Dorchester,Entire home/apt,494,2,28,2.88,1,330,28,3.0,5,100,4.86,within an hour
North End 1 BR with Common Roof Deck,Jason,North End,Entire home/apt,285,5,18,1.95,4,242,18,1.0,1,100,4.67,within an hour
North End 1 BR in Little Italy,Jason,North End,Entire home/apt,285,5,21,1.96,4,257,21,1.0,1,100,4.76,within an hour
JP Studio - Featured on Home&Texture,Sharde,Jamaica Plain,Entire home/apt,167,2,42,4.0,1,94,42,1.0,1,100,4.98,within an hour
"Renovated 2.5 BR near the City, Harvard, BU, BC",Shlomi,Allston,Entire home/apt,413,1,4,0.43,4,151,4,1.0,3,100,5.0,within an hour
North End 1 BR - Steps to Hanover Street,Jason,North End,Entire home/apt,285,5,22,2.28,4,237,22,1.0,1,100,4.82,within an hour
North End 1 BR + Patio in Little Italy,Jason,North End,Entire home/apt,285,5,24,2.47,4,47,24,1.0,1,100,4.79,within an hour
Sun filled unit in Beacon Hill,Kaoutar,Beacon Hill,Entire home/apt,120,91,0,0.0,1,219,0,1.0,1,100,4.7,within a day
Place next Airport/Downtown,Peter,East Boston,Entire home/apt,210,1,33,4.52,4,362,33,1.0,1,100,4.33,within an hour
Stylish Boston retreat in a luxury neighborhood,Deanna,South End,Entire home/apt,301,4,4,0.49,1,57,4,1.0,1,100,5.0,within a few hours
Stylish 3BR Near Logan & Subway – Prime Location,Mandana,East Boston,Entire home/apt,245,2,40,3.74,4,173,40,1.0,3,98,4.83,within an hour
"Large 3 Bed, 2 Bath in North End; Near Waterfront",Jodie,North End,Entire home/apt,528,3,30,3.3,20,259,30,2.0,3,95,4.63,within an hour
"Sunny 2BR w/ Office, Near Copley & Shopping",Kama,Back Bay,Entire home/apt,262,30,2,0.26,39,189,2,1.0,2,99,2.5,within an hour
4 bdrm apartment next to Airport/Downtown,Peter,East Boston,Entire home/apt,329,1,72,6.9,4,349,72,1.0,4,100,4.46,within an hour
Make this new apartment home!,Helen,Brighton,Entire home/apt,315,29,0,0.0,1,365,0,2.0,2,100,4.7,within a day
Luxury 2Br 2Ba condo Boston pond,Adam,Jamaica Plain,Entire home/apt,499,2,6,0.58,95,365,6,2.0,2,92,4.67,within an hour
Luxury 2BR2 BA Southend Downtown,Adam,South End,Entire home/apt,699,1,1,0.13,95,356,1,2.0,2,92,4.0,within an hour
Luxury 2 BR 2 BA Apt Downtown Boston Prudential,Adam,South End,Entire home/apt,799,2,16,1.75,95,358,16,2.0,2,92,5.0,within an hour
"TD Garden,Celtics/Bruins, Lil Italy,North End",Boston,North End,Entire home/apt,211,2,21,2.03,7,236,21,1.0,3,98,4.33,within an hour
Elegant 2BR w/ Office in Back Bay – 2-Level,STARS Of,Back Bay,Entire home/apt,300,30,2,0.28,11,144,2,2.0,2,100,5.0,within an hour
Walk to Subway!  Super location - 1 bedroom/1 bath,Jessy And Diego,Fenway,Entire home/apt,191,2,21,3.1,20,127,21,1.0,1,100,4.81,within an hour
The Harvard Room,Todd,Allston,Private room,53,29,0,0.0,8,349,0,1.0,1,100,4.7,within an hour
Perfect City Break,Beatrice,Roxbury,Entire home/apt,135,1,21,2.19,1,196,21,1.0,1,100,3.95,within a day
(C2) Cute Studio in Back Bay Boston,Paige,Back Bay,Entire home/apt,190,1,32,3.21,60,8,32,1.0,0,100,4.41,within an hour
Three level townhouse near South Boston's Best!,Holly,South Boston,Entire home/apt,269,1,22,2.97,5,244,22,1.5,2,100,4.86,within an hour
Garden Level Studio,Selim,Jamaica Plain,Private room,154,4,0,0.0,9,208,0,1.0,1,100,4.7,within an hour
"JP, Central Location, 3, Bedrooms, Stay NOW!",Andrew,Jamaica Plain,Entire home/apt,261,3,8,0.8,1,215,8,1.0,3,100,4.13,within an hour
"Enjoy Boston, Private Patio On Montgomery Park",Drew,South End,Entire home/apt,444,2,24,2.52,9,351,24,1.0,2,100,4.67,within an hour
Great Value South End Studio!,Justin And Mandy,South End,Entire home/apt,166,1,9,0.94,15,339,9,1.0,1,100,4.89,within an hour
"Modern, Sunny 2-Bedroom Loft near Downtown Boston",Cerese,Roxbury,Entire home/apt,155,29,2,0.24,1,196,2,1.0,2,100,5.0,Unknown
"Blueground | FiDi, parking, w/d, gym & a/c",Blueground,Chinatown,Entire home/apt,305,30,0,0.0,369,19,0,1.0,1,99,4.7,within an hour
Beacon Hill Convenience,Anne,Beacon Hill,Entire home/apt,103,91,0,0.0,8,197,0,1.0,1,70,4.7,within a day
Fully renovated clean cozy 3bed1bath Allston,Li,Allston,Entire home/apt,262,91,0,0.0,1,363,0,1.0,3,100,4.7,within a few hours
Boston Apart with outdoor patio-8 people,Gabriel,Dorchester,Entire home/apt,450,2,6,0.7,2,337,6,1.0,0,88,4.83,within an hour
Harvard Room near the Biz School,Todd,Allston,Private room,69,30,2,0.33,8,277,2,1.0,1,100,4.5,within an hour
Guest Suite in East Boston,Samuel,East Boston,Entire home/apt,122,29,26,2.6,1,328,26,1.0,1,100,4.96,within an hour
The Curie-Perfect for Monthly Stays,Naveen,Brighton,Entire home/apt,231,1,33,3.3,38,124,33,1.0,1,100,4.85,within an hour
Pvt Room in a Modern 3BR Gem,Kama,Brighton,Private room,66,29,0,0.0,39,291,0,1.0,1,99,4.7,within an hour
1Bed/1BA+Office in the South End,Ghita,South End,Entire home/apt,191,29,4,0.47,1,213,4,1.0,1,100,4.5,within a few hours
Symphony Suites #2 | Back Bay & Fenway,Thatch,Fenway,Entire home/apt,383,1,11,1.29,57,133,11,1.0,1,100,4.55,within an hour
Symphony Suites #3 | Back Bay & Fenway,Thatch,Fenway,Entire home/apt,310,1,10,1.09,57,132,10,1.0,1,100,4.1,within an hour
Symphony Suites #4 | Back Bay & Fenway,Thatch,Fenway,Entire home/apt,327,1,18,2.22,57,132,18,1.0,1,100,4.56,within an hour
Symphony Suites #5 | Back Bay & Fenway,Thatch,Fenway,Entire home/apt,320,1,10,1.26,57,121,10,1.0,1,100,4.6,within an hour
X22DN Near HMS/Longwood Hospitals,Yudong,Mission Hill,Private room,60,30,1,0.11,11,321,1,1.0,1,100,5.0,within an hour
Chinatown Central Penthouse Boston w/Pool +Parking,Haroldo,Downtown,Entire home/apt,522,29,8,0.81,8,172,8,2.0,3,100,4.25,within an hour
"X31, Near Harvard Medical/Longwood Hospitals",Yudong,Mission Hill,Private room,48,30,1,0.13,11,353,1,1.0,1,100,5.0,within an hour
New cozy 2bd condo: free parking/near train,Jia,Roslindale,Entire home/apt,229,29,17,1.81,2,358,17,1.0,2,100,4.88,within an hour
Luxury 2 Br Apt in Boston,Greg,Jamaica Plain,Entire home/apt,599,1,0,0.0,20,365,0,2.0,2,69,4.7,within a few hours
In the heart of revitalized South Boston,Cambria Hotels Boston Downtown,South Boston,Private room,228,1,63,6.97,1,99,63,3.0,1,100,4.63,within an hour
The Lacks- Perfect for Monthly Stays,Naveen,Brighton,Entire home/apt,129,1,29,3.01,38,128,29,1.0,1,100,4.72,within an hour
H&H Boston,Afoke,Mission Hill,Private room,114,1,26,3.15,1,181,26,1.0,1,100,4.92,within an hour
Bright cozy apartment in Boston,Flora,Roxbury,Entire home/apt,309,2,15,1.86,1,50,15,1.0,2,100,4.47,within an hour
The Tea Party Suite,Kama,South End,Entire home/apt,264,30,7,0.86,39,106,7,2.0,1,99,4.29,within an hour
The Nightingale-Perfect for Monthly Stays,Naveen,Brighton,Entire home/apt,205,1,21,2.2,38,127,21,1.0,1,100,4.57,within an hour
Luxury Dorchester Apartment,Michael,Dorchester,Entire home/apt,200,91,0,0.0,1,242,0,1.0,1,100,4.7,within an hour
(B) Big Sunny Room - Parking Included,Mohammed,Brighton,Private room,78,1,18,2.42,2,56,18,1.0,1,100,4.78,within an hour
King Bed | 3rd Floor | Spacious,J Lucky,Roxbury,Private room,79,1,78,9.47,7,10,78,1.0,1,100,4.91,within an hour
"X33D, Near Harvard Medical/Longwood Hospitals",Yudong,Mission Hill,Private room,59,30,2,0.23,11,365,2,1.0,1,100,5.0,within an hour
5BR 3Bth | Redline Subway Access,Tra My,South Boston,Entire home/apt,671,29,0,0.0,17,296,0,3.0,5,100,4.7,within an hour
Quiet sunny room in modern apart,Wanying,Brighton,Private room,108,2,9,1.05,1,310,9,1.0,1,90,4.78,within an hour
2Bed/2Bath in Brownstone in Historic South End,Cole,South End,Entire home/apt,600,5,6,0.69,1,48,6,2.0,2,86,5.0,within a few hours
Private Bedroom in Modern Southie Home,David,South Boston,Private room,126,1,13,1.36,4,355,13,1.0,1,100,4.77,within an hour
Ocean Street Retreat,Walter,Dorchester,Entire home/apt,123,2,19,2.45,1,13,19,1.0,1,88,4.89,within an hour
2 Free Parking spots / 4 Beds / Washer and Dryer!,Jessy And Diego,Brighton,Entire home/apt,289,2,29,3.11,20,173,29,1.5,4,100,4.83,within an hour
H5_Room 4 miles To Downtown Boston/BCEC,Dan,Dorchester,Private room,109,1,23,2.45,12,340,23,2.5,1,100,4.87,within an hour
Beautiful room / 1 free parking spot/ Washer-Dryer,Jessy And Diego,Brighton,Private room,125,2,23,2.46,20,47,23,1.0,1,100,4.74,within an hour
Luxury6 - Harvard Avenue in Allston,Lee,Allston,Entire home/apt,749,29,24,2.66,12,340,24,2.0,2,100,4.71,within an hour
Queen Room in Back Bay & Beacon Hill. Walk to MGH,Annie,Beacon Hill,Private room,140,29,1,0.13,6,229,1,1.0,1,91,4.0,within a few hours
Luxury8 - Harvard Avenue in Allston,Lee,Allston,Entire home/apt,749,29,29,3.2,12,309,29,2.0,2,100,4.83,within an hour
This Apartment is an great aerie in Boston,Vasil,West Roxbury,Entire home/apt,252,2,6,0.7,1,356,6,1.0,3,100,4.67,within an hour
Cozy 2Bd Near Fenway Walk to Train & free Parking,Angelique,Roxbury,Entire home/apt,172,1,30,3.57,2,94,30,1.0,2,100,4.53,within an hour
New modern cozy 3BR condo: free parking&near train,Jia,Roslindale,Entire home/apt,247,2,14,1.58,2,321,14,1.0,3,100,4.71,within an hour
Lovely Room  5 min walk to Green Line [F],Aziz,Allston,Private room,75,30,15,1.9,7,194,15,1.0,1,100,4.6,within an hour
Lovely Room  5 min walk to Green Line  [I],Aziz,Allston,Private room,81,30,12,3.46,7,188,12,1.0,1,100,4.58,within an hour
Renovated 2nd Floor Apartment,Asha,Hyde Park,Entire home/apt,150,30,1,0.12,1,321,1,1.0,4,100,5.0,within an hour
Light filled 2-level home,Debra,South End,Entire home/apt,338,91,0,0.0,1,178,0,2.5,2,100,4.7,within an hour
2- Cozy Apartment in Boston,Anh,Dorchester,Private room,83,1,45,4.96,2,344,45,1.0,1,100,4.64,within an hour
Modern Cozy 3BR-2BA Apt Near T,Mylinh,Dorchester,Entire home/apt,370,2,4,0.5,10,218,4,2.0,3,97,4.75,within an hour
Travel: Therapy,Edson,East Boston,Entire home/apt,367,1,28,3.28,2,354,28,1.0,2,100,4.71,within an hour
Destiny Lofts' Copley Suite,Kama,Back Bay,Entire home/apt,272,30,1,0.11,39,163,1,1.5,1,99,5.0,within an hour
Studio Sixteen,Jarad,Roslindale,Entire home/apt,129,2,1,1.0,1,360,1,1.0,0,100,5.0,within an hour
Modern Home-like 3BR2BA Retreat/Near T,Mylinh,Dorchester,Entire home/apt,381,2,15,1.79,10,201,15,2.0,3,97,4.53,within an hour
Cozy 3BR2BA Retreat/Near Savin Hill Train,Mylinh,Dorchester,Entire home/apt,376,2,7,0.8,10,253,7,2.0,3,97,4.57,within an hour
Luxury 2 Bedroom Condo Boston,Jahaira,East Boston,Entire home/apt,180,91,0,0.0,1,365,0,2.0,2,0,4.7,a few days or more
Spacious North End Studio,Jay,North End,Entire home/apt,175,29,7,0.77,22,313,7,1.0,0,100,5.0,within an hour
Stylish Exposed Brick 3BR!,Sean,Downtown,Entire home/apt,382,29,13,1.47,70,208,13,1.0,3,100,4.54,within an hour
Free parking room 3,Ray,East Boston,Private room,101,1,40,4.48,4,48,40,1.0,1,100,4.78,within an hour
Near Harvard Medical/Longwood Hospitals,Yudong,Mission Hill,Private room,79,30,1,0.12,11,365,1,3.0,1,100,5.0,within an hour
Chic One-Bed Apartment in Boston,Furnished Quarters,West End,Entire home/apt,235,32,0,0.0,44,339,0,1.0,1,100,4.7,within an hour
Modern Sunny Boston Skyline Apartment near Airport,Natasha,East Boston,Entire home/apt,215,1,28,3.41,1,136,28,2.0,2,100,4.86,within an hour
X23 Near HMS/Longwood Hospitals,Yudong,Mission Hill,Private room,56,30,1,0.12,11,341,1,3.0,1,100,5.0,within an hour
X32D Private Room Near HMS/Longwood Hospitals,Yudong,Mission Hill,Private room,78,30,0,0.0,11,304,0,3.0,1,100,4.7,within an hour
Boston/City Views/Prime Location,Max,Roxbury,Entire home/apt,293,2,12,1.41,2,61,12,1.0,3,100,4.67,within an hour
Modern East Boston 2 Bed 2 Bath,Jesse,East Boston,Entire home/apt,266,2,11,2.17,3,328,11,2.0,2,100,4.73,within an hour
"Free Parking at 1 Bed Basement Apt, Near BU & MIT",Jodie,Fenway,Entire home/apt,144,3,17,1.94,20,346,17,1.0,1,95,4.88,within an hour
South End Victorian Brownstone,Elena,South End,Entire home/apt,442,2,8,2.29,1,94,8,2.5,2,100,4.75,within an hour
"Bright, modern 1BR/1BA in South Boston",Megan,South Boston,Entire home/apt,100,29,0,0.0,1,244,0,1.0,1,0,4.7,a few days or more
The Princeton Boston - Luxurious Apartment (New!),Brian,East Boston,Entire home/apt,317,2,13,1.64,1,349,13,1.0,3,100,4.85,within an hour
Thatch Quarters | Pvt. Room in Southie | 301 DOT,Thatch,South Boston,Entire home/apt,91,1,19,2.26,57,154,19,1.0,1,100,4.16,within an hour
Sunlit Efficiency Unit-Longwood/Fenway,Cassandra And Michael,Mission Hill,Entire home/apt,150,2,16,2.09,18,217,16,1.0,0,100,4.69,within an hour
Adorable Apartment-Longwood/Fenway,Cassandra And Michael,Mission Hill,Entire home/apt,147,2,25,3.35,18,163,25,1.0,0,100,4.6,within an hour
1. Spacious Apt easy commute to Downtown Boston.,Ehab,Dorchester,Entire home/apt,605,1,4,0.97,15,127,4,1.0,4,100,5.0,within a few hours
#1 Cozy 1-Bed Private Room Downtown,Lorena,Roxbury,Private room,111,2,0,0.0,6,359,0,1.0,1,97,4.7,within an hour
#2 Cozy 1-Bed Private Room Downtown,Lorena,Roxbury,Private room,131,2,3,0.36,6,365,3,1.0,1,97,4.67,within an hour
K_Room Near Downtown Boston,Daniel,Dorchester,Private room,109,1,2,0.47,11,333,2,1.5,1,100,3.0,within an hour
(G) Rattan Living 1 Bedroom! Location A+,Foster,Back Bay,Entire home/apt,256,1,19,2.33,5,251,19,1.0,1,98,4.89,within an hour
The Pasteur-elegant 2BR near downtown,Naveen,Brighton,Entire home/apt,196,1,42,5.19,38,128,42,1.0,2,100,4.83,within an hour
Indulge & Unwind: 2BR Ocean views Massage & Beach!,Lisa,Dorchester,Entire home/apt,279,2,15,2.06,1,116,15,1.0,2,100,4.93,within an hour
Spacious Home w/ Modern Comforts,Alix,Roxbury,Private room,68,2,10,1.2,4,46,10,1.0,1,100,5.0,within a few hours
The Attia,Naveen,Brighton,Entire home/apt,143,29,13,1.54,38,126,13,1.0,1,100,4.85,within an hour
Condo in Boston’s North End,Anthony,North End,Entire home/apt,105,30,0,0.0,1,99,0,1.0,1,100,4.7,Unknown
2BR Patio Boston Medical Center,Heidi,South End,Entire home/apt,243,2,14,1.69,3,329,14,1.5,2,100,4.43,within an hour
"Awaiting Your Next Stay, Book Now!",Premier Suites,Downtown,Entire home/apt,119,1,6,0.79,2,126,6,1.0,1,100,4.0,within an hour
Best Location Studio In Downtown Boston,Premier Suites,Downtown,Entire home/apt,129,3,2,0.28,2,125,2,1.0,1,100,3.5,within an hour
Affordable & Simple Chic Studio,Bay Village,Bay Village,Entire home/apt,124,3,2,0.35,22,187,2,1.0,1,100,3.5,within an hour
Comfy Studio with Flexible Cancelation,Bay Village,Bay Village,Private room,71,3,0,0.0,22,178,0,1.0,1,100,4.7,within an hour
"Lower Level Studio, Stay Tonight!",Bay Village,Bay Village,Entire home/apt,98,3,6,0.75,22,180,6,1.0,1,100,4.67,within an hour
"Monthly Discounts, Short/Long Stays, Book Now!",Bay Village,Bay Village,Private room,105,2,3,0.4,22,187,3,1.0,1,100,4.33,within an hour
Modern Single Studio at the Heart of Boston!,Bay Village,Bay Village,Private room,68,1,1,0.13,22,169,1,1.0,0,100,5.0,within an hour
"X21DN, Spacious Room Near HMS/Longwood Hospitals",Yudong,Mission Hill,Private room,90,30,0,0.0,11,321,0,1.0,1,100,4.7,within an hour
Modern Home - w/ Comfort Amenities,Alix,Roxbury,Private room,68,2,17,2.05,4,54,17,1.0,1,100,4.94,within a few hours
"Kailyn Apartment Boston, Massachusetts",Bashkim,Roslindale,Entire home/apt,180,1,30,4.21,1,116,30,1.0,3,100,4.77,within an hour
(MGH9-4) Bright Beacon Hill Studio,Paige,Beacon Hill,Entire home/apt,197,1,24,2.98,60,155,24,1.0,0,100,4.58,within an hour
Small In-law apartment,Edwin,West Roxbury,Entire home/apt,96,91,0,0.0,3,291,0,1.0,1,100,4.7,within an hour
X25N Near HMS/Longwood Hospitals,Yudong,Mission Hill,Private room,56,30,1,0.13,11,365,1,3.0,1,100,5.0,within an hour
47S1.1 | The Sumner Redline | w/AC & W/D | Ensuite,Lance,Dorchester,Private room,79,30,0,0.0,58,286,0,1.0,1,87,4.7,within a few hours
47S1.2 | The Sumner Redline | w/AC & W/D | Room #2,Lance,Dorchester,Private room,68,29,0,0.0,58,315,0,1.0,1,87,4.7,within a few hours
47S1.3 | The Sumner Redline | w/AC & W/D | Room #3,Lance,Dorchester,Private room,69,29,0,0.0,58,203,0,1.0,1,87,4.7,within a few hours
26A3.1 | The Annabel 3 | w/AC & W/D | Ensuite Rm#1,Lance,Dorchester,Private room,77,30,0,0.0,58,291,0,1.0,1,87,4.7,within a few hours
26A3.2 | The Annabel 3 | w/AC & W/D | Ensuite Rm#2,Lance,Dorchester,Private room,67,30,0,0.0,58,279,0,1.0,1,87,4.7,within a few hours
Spacious 4BR/2BA Home Near Harvard,Wenjia,Allston,Entire home/apt,251,1,10,2.52,6,218,10,2.0,4,100,4.4,within an hour
"UMass Boston, Beach, Renovated, CA, In-Unit Lau",Paul,Dorchester,Entire home/apt,257,29,1,0.15,15,221,1,1.0,2,100,4.0,within an hour
Cozy Studio | South End,Sean,Back Bay,Entire home/apt,188,29,7,0.86,50,338,7,1.0,0,100,4.0,within an hour
Amazing 2 bed 2 bath boston,Adam,Fenway,Entire home/apt,599,5,3,0.77,95,349,3,2.0,2,92,4.67,within an hour
"Newly Renovated 2-Bed, Back Bay near MGH, BU, MIT",Kama,Back Bay,Entire home/apt,414,29,1,0.28,39,302,1,1.0,2,99,5.0,within an hour
"Full Condo on Top Floor!  3 Queen bed, near MBTA",Ryan,Dorchester,Entire home/apt,172,29,1,0.41,1,18,1,1.0,2,100,5.0,Unknown
#3 Cozy 1-Bed Private Room Downtown,Lorena,Roxbury,Private room,101,2,0,0.0,6,365,0,1.0,1,97,4.7,within an hour
"Newly Renovated 2-Bed, Back Bay near MGH, BU, MIT",Paul,Back Bay,Entire home/apt,415,29,6,0.79,15,309,6,1.0,2,100,5.0,within an hour
Elegant 2BR 0.09mi Faneuil Hall/Quincy Market,Paul,Downtown,Entire home/apt,297,30,5,0.63,15,339,5,2.0,2,100,4.6,within an hour
X21N Near HMS/Longwood Hospitals,Yudong,Mission Hill,Private room,89,30,2,0.26,11,335,2,3.0,1,100,4.5,within an hour
Boston 3 BR Patio Full Kitchen,Heidi,South End,Entire home/apt,419,2,2,1.02,3,335,2,1.5,3,100,5.0,within an hour
Stylish Studio in Faneuil Hall District,Paul,Downtown,Entire home/apt,246,30,4,0.53,15,346,4,1.0,0,100,4.5,within an hour
Luxury Duplex w/ Private Parking,Garrett,East Boston,Entire home/apt,527,1,32,4.05,1,165,32,2.0,3,100,4.97,within an hour
La Maison Perthshire I,Chantal,Brighton,Entire home/apt,450,3,9,1.22,2,321,9,3.0,5,90,4.67,within an hour
La Maison Perthshire II,Chantal,Brighton,Entire home/apt,617,3,12,3.75,2,322,12,3.0,6,90,4.67,within an hour
Charming two-bedroom in Boston,Beatrice,Roxbury,Entire home/apt,198,1,5,0.68,1,309,5,1.0,2,95,4.8,within a day
Classic 2 bedroom near Arboretum,Eric,Jamaica Plain,Entire home/apt,271,3,17,2.3,1,110,17,1.0,2,100,5.0,within a few hours
Chinatown Central Upscale Condo w/Pool & Parking,Haroldo,Chinatown,Entire home/apt,674,29,4,0.51,8,120,4,2.0,3,100,4.75,within an hour
Private Room: Allston - Sublease,Anita Söne,Allston,Private room,83,120,0,0.0,1,358,0,1.0,1,0,4.7,a few days or more
"New! "" Stay at Burbank"" Fenway/Berklee/Symphony",Jeanne,Fenway,Entire home/apt,62,150,1,1.0,1,35,1,1.0,1,100,5.0,within an hour
X32DN Near HMS/Longwood Hospitals,Yudong,Mission Hill,Private room,59,29,1,0.64,11,354,1,3.0,1,100,5.0,within an hour
Luxury Condo-Style 1BR Apartment in Boston,Lorena,Dorchester,Private room,127,2,1,0.49,6,365,1,1.0,1,97,1.0,within an hour
Stylish 1BR Condo Pad – Luxe Living in Boston,Lorena,Mattapan,Private room,137,2,1,0.51,6,365,1,1.0,1,97,1.0,within an hour
Indoor Pool! 1BR nr WaterFront in Boston,Global Luxury Suites,East Boston,Entire home/apt,198,29,1,0.17,30,325,1,1.0,1,95,4.0,within an hour
"Tri-level, Skylighted, Faneuil Hall/Quincy Market",Kama,Downtown,Entire home/apt,350,30,8,2.26,39,345,8,1.5,1,99,4.63,within an hour
Huge 2BR  Condo with W/D,Anthony,Dorchester,Entire home/apt,200,60,0,0.0,3,306,0,1.0,2,100,4.7,within an hour
"Townhome,Faneuil Hall/Quincy Market/Gov't Center",STARS Of,Downtown,Entire home/apt,230,2,2,0.43,11,281,2,1.5,1,100,4.5,within an hour
"Mins to Airport, Walk to Subway, Waterfront 1BR",Global Luxury Suites,East Boston,Entire home/apt,247,29,1,0.65,30,331,1,1.0,1,95,5.0,within an hour
New Listing! | Top Floor | 3 BR condo | Southie,Christopher,South Boston,Entire home/apt,282,2,13,1.79,1,286,13,1.0,3,100,4.92,within an hour
Cozy 2bd w/ Queen beds & laundry,Jonathan,Hyde Park,Entire home/apt,141,30,1,0.32,11,317,1,1.0,2,94,5.0,within a few hours
South Boston Private Bedroom,Kristine,South Boston,Private room,97,29,0,0.0,4,196,0,1.0,1,100,4.7,within a few hours
"Blueground | Longwood, parking, w/d, a/c",Blueground,Mission Hill,Entire home/apt,175,31,0,0.0,369,21,0,1.0,0,99,4.7,within an hour
"Blueground | Longwood, elevator, w/d, a/c",Blueground,Mission Hill,Entire home/apt,171,31,0,0.0,369,272,0,1.0,0,99,4.7,within an hour
1BR Apartment Patio Full-Kitchen,Heidi,South End,Entire home/apt,199,2,2,0.29,3,329,2,1.5,1,100,5.0,within an hour
Blueground | Longwood 2bd apartment,Blueground,Mission Hill,Entire home/apt,241,31,0,0.0,369,320,0,1.0,1,99,4.7,within an hour
Blueground | Seaport studio apartment,Blueground,South Boston Waterfront,Entire home/apt,269,31,0,0.0,369,343,0,1.0,0,99,4.7,within an hour
Boston 2bd with in unit laundry,Jonathan,Hyde Park,Entire home/apt,134,30,0,0.0,11,305,0,1.0,2,94,4.7,within a few hours
Fenway studio,Rebecca,Fenway,Entire home/apt,200,91,0,0.0,1,365,0,1.0,0,100,4.7,Unknown
"East Boston, 5 Min to Airport, Parking Available",Joshua,East Boston,Entire home/apt,144,1,22,4.34,1,302,22,1.0,1,100,4.59,within an hour
Cheerful & large 2 bed apt.,Jurek,Charlestown,Entire home/apt,162,1,0,0.0,12,204,0,1.0,1,100,4.7,within an hour
Super Convenient 2BR 1Bath,Sevil,Brighton,Entire home/apt,150,29,2,0.37,2,362,2,1.0,2,100,4.5,within an hour
3brm/1bath North End Gem,Jay,North End,Entire home/apt,311,1,3,0.95,22,277,3,1.0,3,100,5.0,within an hour
Private bedroom/shared bathroom,Hieu,Dorchester,Private room,133,2,0,0.0,1,365,0,2.0,1,100,4.7,within an hour
Stylish Loft w/ Parking &Laundry,Jonathan,Hyde Park,Entire home/apt,145,30,0,0.0,11,268,0,1.0,1,94,4.7,within a few hours
Beautiful 2BR in Savin Hill Boston 2888,Mohammed Radi,Dorchester,Entire home/apt,162,29,10,1.4,64,306,10,1.5,2,99,4.7,within an hour
Cozy 2-Bedroom Apartment Near Dedham Legacy,Long,West Roxbury,Entire home/apt,114,1,37,5.0,3,243,37,1.0,2,100,4.84,within an hour
Quarters on 205 DOT - Private Room | Shared Bath,Thatch,South Boston,Private room,88,29,0,0.0,57,85,0,1.0,1,100,4.7,within an hour
"Cozy, Spacious Private Room in Boston",Lorena,Hyde Park,Private room,99,2,1,0.5,6,365,1,1.0,1,97,3.0,within an hour
*NEW* Ultra-Luxury 4bd Boston Designer Brownstone,Yael,South End,Entire home/apt,1215,1,3,1.67,1,13,3,3.5,4,100,5.0,Unknown
Cozy 3-Bedrooms Apartment Near Dedham Legacy,Long,West Roxbury,Entire home/apt,138,1,14,2.07,3,121,14,1.0,3,100,4.64,within an hour
Blueground | Dorchester 2bd apartment,Blueground,Dorchester,Entire home/apt,214,31,0,0.0,369,346,0,1.0,0,99,4.7,within an hour
Blueground | Dorchester studio apartment,Blueground,Dorchester,Entire home/apt,200,31,0,0.0,369,305,0,1.0,0,99,4.7,within an hour
MIRA-Luxury Rental in Eastie.,Boris,East Boston,Entire home/apt,205,29,0,0.0,1,281,0,2.0,2,100,4.7,Unknown
Walk to Constitution Beach: Mid-Century Boston Gem,Evolve,East Boston,Entire home/apt,137,2,21,2.94,3,293,21,1.0,3,100,4.86,within an hour
Eastie | Roomy 3BR w/ Easy City/Airport Access,Paulina,East Boston,Entire home/apt,315,2,5,1.56,1,358,5,1.0,3,100,5.0,within an hour
Comfortable 1Bedroom in Beacon Hill,Liya,Beacon Hill,Private room,75,29,2,0.43,114,194,2,1.0,1,100,4.5,within an hour
Nice 1Bedroom in Beacon Hill Area,Liya,Beacon Hill,Private room,52,29,0,0.0,114,78,0,1.0,1,100,4.7,within an hour
Attractive 1Bedroom in Beacon Hill Area,Liya,West End,Private room,60,29,0,0.0,114,105,0,1.0,1,100,4.7,within an hour
145R1.1 | The Redlands 1 | 2BR 1B w/AC | Room #1,Lance,West Roxbury,Private room,87,30,0,0.0,58,302,0,1.0,1,87,4.7,within a few hours
145R1.2 | The Redlands 1 | 2BR 1B w/AC | Room #2,Lance,West Roxbury,Private room,78,30,0,0.0,58,302,0,1.0,1,87,4.7,within a few hours
Convenient 1Bedroom in Boston,Liya,West End,Private room,60,29,0,0.0,114,105,0,1.0,1,100,4.7,within an hour
Best 1Bedroom in Beacon Hill Area,Liya,Beacon Hill,Private room,60,29,0,0.0,114,99,0,1.0,1,100,4.7,within an hour
Amazing 1Bedroom in Beacon Hill,Liya,Beacon Hill,Private room,68,29,0,0.0,114,194,0,1.0,1,100,4.7,within an hour
"Luxury Stay Near MGH | Pool & Gym, Stunning Views",Kama,West End,Entire home/apt,172,30,0,0.0,39,227,0,1.0,1,99,4.7,within an hour
Luxury2 - New Balance Development (Boston Landing),Lee,Allston,Entire home/apt,241,29,7,1.08,12,364,7,2.0,2,100,5.0,within an hour
Entire house.,Mesut,Brighton,Entire home/apt,234,91,0,0.0,1,365,0,1.0,3,100,4.7,Unknown
Thatch Quarters| Pvt. Bunk Rm in Southie | 204 DOT,Thatch,South Boston,Private room,88,29,0,0.0,57,86,0,2.0,1,100,4.7,within an hour
"Studio with stunning views, conveniece and luxury",Wendy,Back Bay,Entire home/apt,232,29,0,0.0,3,311,0,1.0,0,100,4.7,within an hour
Sweet 1Bedroom in Beacon Hill area,Liya,Beacon Hill,Private room,68,29,0,0.0,114,57,0,1.0,1,100,4.7,within an hour
Chic 1 Bed Apartment! | Steps from Boston Common!,Sean,Bay Village,Entire home/apt,199,29,2,0.36,70,185,2,1.0,1,100,4.5,within an hour
Theater District Cozy 1 BR!,Sean,Downtown,Entire home/apt,228,29,3,0.52,70,189,3,1.0,1,100,4.0,within an hour
Sweet 1 Bedroom Beacon Hill Area,Liya,Dorchester,Private room,60,29,0,0.0,114,104,0,1.0,1,100,4.7,within an hour
1 BD/1BA | Boston Harbor,Raymond,Downtown,Entire home/apt,167,29,0,0.0,1,168,0,1.0,1,100,4.7,within a few hours
New Apt near hospitals&downtown.,Tony,Roxbury,Private room,100,14,0,0.0,1,365,0,1.0,1,0,4.7,a few days or more
One room Boston/2Bedroom 2 Bathroom/T stop-Andrew,Axel,South Boston,Private room,92,91,0,0.0,1,202,0,2.0,2,100,4.7,within a day
Comfort Inn In my 3rd bedroom,Janet,Roxbury,Private room,51,1,9,5.51,3,344,9,1.5,1,100,4.89,within an hour
"Blueground | Dorchester, gym, BBQ & JFK Library",Blueground,Dorchester,Entire home/apt,235,31,0,0.0,369,338,0,1.0,1,99,4.7,within an hour
"Blueground | East Boston, AC, nr parks & beach",Blueground,East Boston,Entire home/apt,258,31,0,0.0,369,356,0,1.0,2,99,4.7,within an hour
"Blueground | East Boston, AC, nr parks & beach",Blueground,East Boston,Entire home/apt,215,31,0,0.0,369,85,0,1.0,1,99,4.7,within an hour
Chic Urban Condo near Boston Center!,Ella,Dorchester,Entire home/apt,89,2,3,0.65,6,100,3,1.0,1,100,4.33,within an hour
Spacious 3BR Condo Near Boston Center!,Ella,Dorchester,Entire home/apt,174,2,0,0.0,6,126,0,1.0,3,100,4.7,within an hour
"room near Harvard Med School/Logwood, NEU",Vadym,Jamaica Plain,Private room,47,29,0,0.0,4,271,0,1.0,1,100,4.7,within a few hours
"Luxury Penthouse with City & Airport View |
Eastie",Daniel,East Boston,Entire home/apt,269,2,7,7.0,1,332,7,2.0,2,100,5.0,within an hour
47S1 | The Sumner Redline | 3BR 3B w/AC | Bi-Level,Lance,Dorchester,Entire home/apt,253,31,0,0.0,58,191,0,3.0,3,87,4.7,within a few hours
Beautiful Room in Downtown Boston,Liya,Dorchester,Private room,60,29,0,0.0,114,192,0,1.0,1,100,4.7,within an hour
Sweet 1Bedroom in Beacon Hill,Liya,Beacon Hill,Private room,60,29,2,0.38,114,169,2,1.0,1,100,4.5,within an hour
Beacon Hill 4-Unit House: Historic&Modern Charm,Albena,Beacon Hill,Entire home/apt,190,91,0,0.0,1,90,0,1.0,1,100,4.7,Unknown
Comfortable 1Bedroom in Beacon Hill,Liya,Dorchester,Private room,60,29,0,0.0,114,102,0,1.0,1,100,4.7,within an hour
Cozy 1Bedroom in Beacon Hill Area,Liya,Dorchester,Private room,60,29,0,0.0,114,192,0,1.0,1,100,4.7,within an hour
Comfortable 1Bedroom in Beacon Hill Area,Liya,Beacon Hill,Private room,64,29,0,0.0,114,148,0,1.0,1,100,4.7,within an hour
Comfortable 1Bedroom in Beacon Hill,Liya,Beacon Hill,Private room,64,29,0,0.0,114,148,0,1.0,1,100,4.7,within an hour
"Stylish, Open Concept Apartment 2BD/1BA, 2nd Floor",Eddie,Roslindale,Entire home/apt,197,29,2,0.79,2,154,2,1.0,2,100,5.0,within an hour
Waterfront Escape - Close to Airport & Downtown,Harvard,East Boston,Entire home/apt,662,1,14,2.35,1,163,14,4.5,4,100,4.93,within an hour
Back Bay Studio w/ Private Patio,Airbnb,Back Bay,Entire home/apt,193,1,21,3.8,2,13,21,1.0,0,100,4.48,within an hour
Cute Fenway Studio!,Airbnb,Fenway,Entire home/apt,207,1,19,3.26,2,62,19,1.0,0,100,4.68,within an hour
Best 1Bedroom in Downtown Boston,Liya,Beacon Hill,Private room,64,29,0,0.0,114,188,0,1.0,1,100,4.7,within an hour
Blueground | East Boston 2bd apartment,Blueground,East Boston,Entire home/apt,280,31,0,0.0,369,350,0,1.0,2,99,4.7,within an hour
Beautiful home in Allston (3),Alexes,Allston,Private room,65,29,0,0.0,3,285,0,1.0,1,100,4.7,within an hour
Wonderful 1 Bedroom in Beacon Hill,Liya,Beacon Hill,Private room,70,29,1,0.77,114,60,1,1.0,1,100,5.0,within an hour
Sweet 1Bedroom in Beacon Hill Area,Liya,Beacon Hill,Private room,56,29,2,0.43,114,227,2,1.0,1,100,5.0,within an hour
Perfect 1Bedroom in Beacon Hill,Liya,Beacon Hill,Private room,75,29,0,0.0,114,135,0,1.0,1,100,4.7,within an hour
"Blueground | Downtown, gym & w/d, nr harbor",Blueground,Downtown,Entire home/apt,292,31,0,0.0,369,354,0,1.0,1,99,4.7,within an hour
"Blueground | Downtown, gym & w/d, nr harbor",Blueground,Downtown,Entire home/apt,282,31,0,0.0,369,103,0,1.0,1,99,4.7,within an hour
"Blueground | Downtown, gym & w/d, nr harbor",Blueground,Downtown,Entire home/apt,369,31,0,0.0,369,147,0,2.0,2,99,4.7,within an hour
Downtown Boston Central Location MBTA TG Garden,Natalia,Downtown,Entire home/apt,140,29,0,0.0,2,187,0,1.0,0,100,4.7,within an hour
2 BR duplex steps from Back Bay Station,Emily,South End,Entire home/apt,560,29,0,0.0,1,194,0,1.0,2,100,4.7,Unknown
"Blueground | Jamaica Plain, AC, gym, nr pond",Blueground,Jamaica Plain,Entire home/apt,201,31,0,0.0,369,51,0,1.0,1,99,4.7,within an hour
D3 Private & Large Boston Room,Dan,Dorchester,Private room,158,29,2,0.36,8,365,2,1.0,1,100,5.0,within an hour
Small bedroom near Harvard,Alexes,Allston,Private room,55,29,0,0.0,3,172,0,1.0,1,100,4.7,within an hour
(MGH9-1) 1 Bedroom Near MGH!,Together We,Beacon Hill,Entire home/apt,339,1,18,3.78,2,14,18,1.0,1,100,4.5,within an hour
Affordable 1Bedroom in Beacon Hill,Liya,Beacon Hill,Private room,68,29,0,0.0,114,194,0,1.0,1,100,4.7,within an hour
"76/2 Huge 5 BR Home, Subway access & Scenic View",An Thanh,Dorchester,Entire home/apt,445,1,10,2.48,2,262,10,3.0,5,100,4.9,within an hour
Cozy 2Br2Ba apartment water view,Adam,South Boston Waterfront,Entire home/apt,499,1,6,0.95,95,158,6,2.0,2,92,4.17,within an hour
"Near Longwood/Harvard Med School, NEU",Vadym,Jamaica Plain,Private room,50,29,0,0.0,4,76,0,1.0,1,100,4.7,within a few hours
New Lux 1BR Apt w/ Amenities,Compass,Fenway,Entire home/apt,220,9,2,0.85,29,65,2,1.0,1,96,5.0,within a few hours
Fabulous 1 Bedroom in Beacon Hill,Liya,Beacon Hill,Private room,80,29,0,0.0,114,168,0,1.0,1,100,4.7,within an hour
Super 1 Bedroom in Beacon Hill Area,Liya,Beacon Hill,Private room,70,29,2,0.9,114,158,2,1.0,1,100,5.0,within an hour
Affordable 1Bedroom in Beacon Hill area,Liya,Beacon Hill,Private room,60,29,0,0.0,114,153,0,1.0,1,100,4.7,within an hour
Beautiful 1bd Boston Apartment - FREE Parking,Agron,West Roxbury,Entire home/apt,99,29,2,0.45,1,177,2,1.0,1,89,4.5,within an hour
Brand new fully furnished studio,Wendy,South End,Entire home/apt,130,29,0,0.0,3,250,0,1.0,0,100,4.7,within an hour
Convenient 1Bedroom in Beacon Hill,Liya,Beacon Hill,Private room,75,29,0,0.0,114,135,0,1.0,1,100,4.7,within an hour
Sunny 4 bedroom & 2 baths Appt,Conceicao,Roxbury,Entire home/apt,245,1,13,2.24,1,292,13,2.0,4,100,4.0,within a few hours
Cozy 5 Bedrooms - Spacious Apartment Near Legacy,Long,West Roxbury,Entire home/apt,219,1,2,1.2,3,79,2,2.0,5,100,4.5,within an hour
Luxurious Downtown 1 Bedroom!,Sean,Downtown,Entire home/apt,170,29,2,0.39,46,69,2,1.0,1,100,5.0,within an hour
Stylish Downtown 2 Bedroom,Sean,Downtown,Entire home/apt,176,29,4,0.75,46,109,4,1.0,2,100,4.5,within an hour
Spacious 4-bedroom Getaway Apt 5 mins from MBTA,Giovanni,Mattapan,Entire home/apt,209,2,8,2.5,1,226,8,1.0,4,100,4.63,within an hour
Elegant 2BR-Prime Location!,Sean,Downtown,Entire home/apt,146,29,1,0.48,46,87,1,1.0,2,100,5.0,within an hour
"Cozy,Convenient Airport Area  Boston Condo",John M B,East Boston,Entire home/apt,135,29,4,0.66,2,359,4,2.0,2,100,4.0,within an hour
Colorful home in Jamaica Plain,Christine,Jamaica Plain,Entire home/apt,150,91,0,0.0,1,90,0,2.5,3,100,4.7,Unknown
Cozy home near the airport,Sarah,East Boston,Private room,150,1,17,6.8,1,250,17,1.0,1,100,4.81,within a few hours
Wonderful 1Bedroom in Beacon Hill,Liya,Beacon Hill,Private room,79,29,1,0.6,114,90,1,1.0,1,100,3.0,within an hour
Comfortable 1Bedroom in Beacon Hill,Liya,Beacon Hill,Private room,72,29,1,1.0,114,169,1,1.0,1,100,4.0,within an hour
Phenomenal 1 Bedroom in Beacon Hill Area,Liya,Dorchester,Private room,62,29,0,0.0,114,184,0,1.0,1,100,4.7,within an hour
Cozy 1BR suite in Boston's Roslindale Village,Enrique A,Roslindale,Entire home/apt,127,2,1,0.18,2,249,1,1.0,1,100,5.0,within an hour
Cozy 1Bedroom in Beacon Hill area,Liya,Dorchester,Private room,60,29,0,0.0,114,183,0,1.0,1,100,4.7,within an hour
near Harvard Med School/Longwood,Vadym,Jamaica Plain,Private room,44,29,0,0.0,4,239,0,1.0,1,100,4.7,within a few hours
"Blueground | Downtown, gym & w/d, nr harbor",Blueground,Downtown,Entire home/apt,344,31,0,0.0,369,37,0,2.0,2,99,4.7,within an hour
Unimagined Hospitality In Downtown Boston,Alvin,South Boston Waterfront,Private room,447,1,4,0.96,3,168,4,1.0,1,100,5.0,within an hour
"Blueground | Back Bay, gym, nr Newbury St",Blueground,Back Bay,Entire home/apt,349,31,0,0.0,369,65,0,1.0,1,99,4.7,within an hour
"Blueground | Back Bay, gym, doorman, nr Esplanade",Blueground,Back Bay,Entire home/apt,263,31,0,0.0,369,185,0,1.0,0,99,4.7,within an hour
"Blueground | Back Bay, gym & w/d, nr Newbury St",Blueground,Back Bay,Entire home/apt,263,31,0,0.0,369,320,0,1.0,0,99,4.7,within an hour
"Blueground | Back Bay, w/d & gym, nr T & shops",Blueground,Back Bay,Entire home/apt,349,31,0,0.0,369,336,0,1.0,1,99,4.7,within an hour
"Blueground | Back Bay, w/d & gym, nr T & shops",Blueground,Back Bay,Entire home/apt,349,31,0,0.0,369,342,0,1.0,1,99,4.7,within an hour
"Blueground | Back Bay, w/d, nr Prudential Center",Blueground,Back Bay,Entire home/apt,460,31,0,0.0,369,0,0,2.0,2,99,4.7,within an hour
"Blueground | Back Bay, w/d, nr Prudential Center",Blueground,Back Bay,Entire home/apt,460,31,0,0.0,369,0,0,2.0,2,99,4.7,within an hour
Modern Penthouse 2BR 2BA APT a lot of amenities,Adam,South End,Entire home/apt,550,29,1,0.18,95,180,1,2.0,2,92,5.0,within an hour
Lux 1st floor 3brm/1bath North End,Jay,North End,Entire home/apt,378,1,8,3.08,22,244,8,1.0,3,100,4.88,within an hour
Lux 2nd floor 3brm/1bath,Jay,North End,Entire home/apt,378,1,4,1.52,22,333,4,1.0,3,100,4.75,within an hour
Roslindale room near Arboretum,Trinette,Roslindale,Private room,73,1,11,3.67,1,301,11,1.0,1,100,5.0,within an hour
Cozy South End Corner,Sarah,South End,Entire home/apt,315,1,13,3.12,1,34,13,1.0,2,100,4.54,within an hour
"Southend 2BR charming, modern and sunny!",Bernardo,Roxbury,Entire home/apt,166,30,1,0.58,1,235,1,1.0,2,100,5.0,within a few hours
Downton Boston Luxurious 2 Bed!,Sean,Downtown,Entire home/apt,290,29,5,0.9,46,69,5,1.0,2,100,5.0,within an hour
Luxury 2 bedroom Apt!,Sean,Downtown,Entire home/apt,265,29,1,0.18,46,15,1,1.0,2,100,5.0,within an hour
Brand New Modern Apt |Near T,Rosy,Dorchester,Entire home/apt,256,1,5,1.6,2,43,5,2.0,4,77,4.8,within an hour
Spacious 1BR Home close to Train & Downtown,Hanna,Jamaica Plain,Entire home/apt,156,3,11,2.12,1,43,11,1.0,1,86,4.55,within an hour
2BR Cozy Condo with Pet-Friendly Vibes &  WiFi,Vacasa Guestworks,Hyde Park,Entire home/apt,296,2,7,1.91,2,365,7,1.0,2,100,3.86,within an hour
"Stately on Cedar - Unit 1, near MGH - NEW",Deidre,Beacon Hill,Entire home/apt,573,29,0,0.0,2,316,0,2.0,2,100,4.7,within a few hours
Spacious Bedrooms near South End and Mass Ave,Farhan,Roxbury,Entire home/apt,120,1,15,3.19,4,345,15,1.0,2,82,4.4,within an hour
Cozy room for rent,Evelyn,Dorchester,Private room,62,91,0,0.0,1,365,0,0.5,1,100,4.7,Unknown
"Blueground | East Boston, AC, balcony, nr park",Blueground,East Boston,Entire home/apt,261,31,0,0.0,369,341,0,1.0,2,99,4.7,within an hour
Spacious 2 Bedroom on Hano St Modern & Cozy Stay,Shlomi,Allston,Entire home/apt,273,29,0,0.0,4,0,0,1.0,2,100,4.7,within an hour
Spacious 3 Bedroom on Hano St Modern & Cozy Stay,Shlomi,Allston,Entire home/apt,320,29,0,0.0,4,0,0,1.0,3,100,4.7,within an hour
Amazing 1Bedroom in Beacon Hill,Liya,Beacon Hill,Private room,80,29,0,0.0,114,65,0,1.0,1,100,4.7,within an hour
"Blueground | East Boston, AC, balcony, nr park",Blueground,East Boston,Entire home/apt,204,31,0,0.0,369,365,0,1.0,2,99,4.7,within an hour
"Blueground | Jamaica Plain, AC, gym, nr pond",Blueground,Jamaica Plain,Entire home/apt,201,31,0,0.0,369,220,0,1.0,1,99,4.7,within an hour
"Stylish Back Bay Retreat, Steps from Prudential",StayNue,Back Bay,Entire home/apt,187,91,0,0.0,32,296,0,1.0,1,92,4.7,within an hour
"Beacon Hill top Fl Apt w/ rooftop, MGH & Fast WiFi",ITrip Boston And South Shore,Beacon Hill,Entire home/apt,196,29,0,0.0,4,217,0,1.0,1,100,4.7,within an hour
"Beacon Hill Apt with Balcony, Fast WiFi, Near MGH!",ITrip Boston And South Shore,Beacon Hill,Entire home/apt,199,29,0,0.0,4,274,0,1.0,1,100,4.7,within an hour
Historic Beacon Hill Apt with Patio and Fast WiFi!,ITrip Boston And South Shore,Beacon Hill,Entire home/apt,281,29,0,0.0,4,225,0,2.0,2,100,4.7,within an hour
"Beacon Hill Apt with Balcony, Fast WiFi, Near MGH!",ITrip Boston And South Shore,Beacon Hill,Entire home/apt,253,29,0,0.0,4,234,0,1.0,1,100,4.7,within an hour
"Beacon Hill, MGH! Outdoor space!",Boston,West End,Entire home/apt,271,1,17,3.52,7,261,17,1.0,1,98,4.18,within an hour
Comfy room in Luxury apartment,Blanca,East Boston,Private room,49,30,1,1.0,4,117,1,1.0,1,100,5.0,within an hour
5BR3B By Subway Downtown,Tra My,South Boston,Entire home/apt,435,2,4,1.71,17,281,4,3.0,5,100,5.0,within an hour
"Large Room w/ Private Bath, Near Harvard, MIT, HBS",Wenjia,Allston,Private room,119,29,1,1.0,6,330,1,1.0,1,100,5.0,within an hour
Comfortable Large Private Room near Harvard,Wenjia,Allston,Private room,116,29,1,1.0,6,326,1,1.0,1,100,4.0,within an hour
3 BR with W/D and Peloton in Cute Neighborhood,Anthony,Dorchester,Entire home/apt,210,14,0,0.0,3,215,0,1.0,3,100,4.7,within an hour
"Blueground | Theater Distr, gym, nr shops & T",Blueground,Downtown,Entire home/apt,380,31,0,0.0,369,14,0,2.0,2,99,4.7,within an hour
"Blueground | East Boston, AC, w/d, nr parks",Blueground,East Boston,Entire home/apt,215,31,0,0.0,369,312,0,1.0,1,99,4.7,within an hour
Georges families,Alix,Dorchester,Entire home/apt,122,2,2,0.5,1,172,2,1.0,2,100,4.5,within an hour
Cozy Twin Room Near Harvard - Perfect for Scholars,Wenjia,Allston,Private room,87,29,0,0.0,6,278,0,1.0,1,100,4.7,within an hour
Cozy Twin Room Near Harvard & MIT,Wenjia,Allston,Private room,108,29,0,0.0,6,341,0,1.0,1,100,4.7,within an hour
"Quiet Room, City Center, Walk to MGH&Tufts Med",Yi-Hsuan,Beacon Hill,Private room,140,29,0,0.0,2,283,0,1.0,1,100,4.7,within a few hours
Great central location in Downtown Boston,Residence Inn Boston Downtown,Roxbury,Private room,214,1,71,17.75,1,75,71,2.0,1,100,4.76,within an hour
Cozy 1 Bedroom in Beacon Hill,Liya,Beacon Hill,Private room,68,29,0,0.0,114,59,0,1.0,1,100,4.7,within an hour
Wonderful 1Bedroom in Beacon Hill,Liya,Beacon Hill,Private room,68,29,0,0.0,114,154,0,1.0,1,100,4.7,within an hour
Wonderful 1Bedroom in Beacon Hill,Liya,Beacon Hill,Private room,70,29,0,0.0,114,65,0,1.0,1,100,4.7,within an hour
Amazing 1Bedroom in Beacon Hill,Liya,Beacon Hill,Private room,68,29,0,0.0,114,86,0,1.0,1,100,4.7,within an hour
Affordable 1Bedroom in Beacon Hill,Liya,Beacon Hill,Private room,56,29,1,1.0,114,109,1,1.0,1,100,4.0,within an hour
Enjoyable 1Bedroom in Beacon Hill,Liya,Beacon Hill,Private room,62,29,0,0.0,114,62,0,1.0,1,100,4.7,within an hour
Wonderful 3Bedroom Apartment in Beacon Hill,Liya,Beacon Hill,Entire home/apt,180,29,0,0.0,114,153,0,1.0,3,100,4.7,within an hour
"Back Bay ""Nantucket"" Pied-à-terre Off Newbury St",Christopher,Back Bay,Entire home/apt,520,1,0,0.0,1,50,0,1.0,2,100,4.7,within an hour
Wonderful 1 Bedroom in Beacon Hill,Liya,Beacon Hill,Private room,84,29,1,1.0,114,138,1,1.0,1,100,3.0,within an hour
Top Quality 1Bedroom in Beacon Hill,Liya,Beacon Hill,Private room,62,29,0,0.0,114,151,0,1.0,1,100,4.7,within an hour
Luxury Two Bedroom Apartment in Boston's Back Bay,Furnished Quarters,Back Bay,Entire home/apt,365,32,0,0.0,44,211,0,2.0,2,100,4.7,within an hour
Affordable 1Bedroom in Beacon Hill,Liya,Beacon Hill,Private room,60,29,1,0.56,114,81,1,1.0,1,100,1.0,within an hour
Homey 1Bedroom in Beacon Hill Area,Liya,Beacon Hill,Private room,55,29,0,0.0,114,77,0,1.0,1,100,4.7,within an hour
Superior 1Bedroom in Beacon Hill,Liya,Beacon Hill,Private room,80,29,2,1.18,114,89,2,1.0,1,100,4.0,within an hour
Cozy 1Bedroom in Beacon Hill Area,Liya,Beacon Hill,Private room,60,29,0,0.0,114,89,0,1.0,1,100,4.7,within an hour
Luxury 1BR Next to the Airport 3329,Mohammed Radi,East Boston,Entire home/apt,163,1,9,1.9,64,364,9,1.0,1,99,4.67,within an hour
[Fabulous Room close to St Elizabeth & Green Line],Mahmut,Brighton,Private room,73,2,8,1.8,5,345,8,2.0,1,100,4.25,within an hour
Wonderful 1Bedroom in Beacon Hill,Liya,Beacon Hill,Private room,62,29,0,0.0,114,149,0,1.0,1,100,4.7,within an hour
Near Harvard Business,Taskin,Allston,Private room,93,1,1,1.0,16,2,1,1.0,1,100,5.0,within an hour
nice and cozy room 1,Taskin,Brighton,Private room,78,1,14,3.11,16,360,14,2.0,1,100,4.29,within an hour
nice and cozy room 2,Taskin,Brighton,Private room,79,1,13,4.29,16,365,13,2.0,1,100,4.54,within an hour
Copley House Superior King Studio,Copley,Back Bay,Entire home/apt,305,1,0,0.0,7,322,0,1.0,1,99,4.7,within an hour
Copley House Superior Queen Studio,Copley,Back Bay,Entire home/apt,294,1,0,0.0,7,324,0,1.0,1,99,4.7,within an hour
nice and cozy room 3,Taskin,Brighton,Private room,80,1,30,6.67,16,361,30,2.0,1,100,4.47,within an hour
nice and cozy room 4,Taskin,Brighton,Private room,79,1,30,6.72,16,363,30,2.0,1,100,4.87,within an hour
nice and cozy room A,Taskin,Brighton,Private room,80,1,39,9.44,16,365,39,1.0,1,100,4.9,within an hour
nice and cozy room B,Taskin,Brighton,Private room,80,1,30,6.62,16,362,30,1.0,1,100,4.47,within an hour
nice and cozy room C,Taskin,Brighton,Private room,79,1,24,5.37,16,365,24,1.0,1,100,4.71,within an hour
nice and cozy room,Taskin,Brighton,Private room,99,1,0,0.0,16,0,0,2.0,1,100,4.7,within an hour
Charlestown apartment with private patio,Abigail,Charlestown,Entire home/apt,270,2,1,1.0,1,356,1,1.0,1,100,5.0,within an hour
Stylish South End Penthouse  Stunning City Views,Adam,South End,Entire home/apt,507,4,10,3.03,95,250,10,2.0,2,92,4.4,within an hour
1 TDGarden Celtics/Bruins/Lil Italy/Historic,Robert Anthony,North End,Entire home/apt,173,2,18,4.03,7,203,18,1.0,0,100,4.33,within an hour
1B TDGarden Celtics/Bruins/Lil Italy/Historic,Robert Anthony,North End,Entire home/apt,133,2,23,4.96,7,186,23,1.0,1,100,3.87,within an hour
4TDGarden Celtics/Bruins/Lil Italy/Historic,Robert Anthony,North End,Entire home/apt,138,2,14,3.09,7,190,14,1.0,1,100,4.5,within an hour
Amazing Beacon Hill penthouse,Daniel,Beacon Hill,Entire home/apt,429,4,2,1.02,1,111,2,1.0,1,100,5.0,within a day
2 TDGarden Celtics/Bruins/Lil Italy/Historic,Robert Anthony,North End,Entire home/apt,123,2,18,4.06,7,196,18,1.0,1,100,4.28,within an hour
2B TDGarden Celtics/Bruins/Lil Italy/Historic,Robert Anthony,North End,Entire home/apt,123,2,12,3.96,7,204,12,1.0,0,100,4.17,within an hour
2BR in Downtown 6918,Mohammed Radi,Downtown,Entire home/apt,290,1,5,2.24,64,344,5,1.0,2,99,4.8,within an hour
Cozy 2BR in downtown crossing Boston 1678,Mohammed Radi,Downtown,Entire home/apt,242,1,14,3.59,64,313,14,1.0,2,99,4.43,within an hour
2BR Loft unit in Boston Southend 4193,Mohammed Radi,South End,Entire home/apt,242,1,10,3.23,64,326,10,1.0,2,99,4.5,within an hour
2BR Apt in Downtown Crossing 6466,Mohammed Radi,Downtown,Entire home/apt,275,1,5,1.35,64,293,5,1.0,2,99,5.0,within an hour
2BR in Theatre District 3101,Mohammed Radi,Downtown,Entire home/apt,277,29,2,0.92,64,317,2,1.0,2,99,4.5,within an hour
2BR in Downtown 9061,Mohammed Radi,Downtown,Entire home/apt,266,1,15,4.09,64,342,15,1.0,2,99,4.73,within an hour
Spacious 2bd/2ba in Southend 4375,Mohammed Radi,South End,Entire home/apt,222,1,0,0.0,64,338,0,2.0,2,99,4.7,within an hour
2BR in Downtown Boston 0379,Mohammed Radi,Downtown,Entire home/apt,307,1,10,2.68,64,331,10,1.0,2,99,4.4,within an hour
Loft style 2BR unit in Boston Southend 5592,Mohammed Radi,South End,Entire home/apt,273,1,9,2.45,64,310,9,1.0,2,99,4.89,within an hour
Luxury 2BR Next to the Airport 5395,Mohammed Radi,East Boston,Entire home/apt,204,1,3,1.05,64,359,3,2.0,2,99,5.0,within an hour
Luxury 1BR Near Broadway Southie 9113,Mohammed Radi,South Boston Waterfront,Entire home/apt,158,1,10,2.83,64,348,10,1.0,1,99,4.4,within an hour
Huge Studio in Downtown Boston 9904,Mohammed Radi,Downtown,Entire home/apt,161,29,12,3.1,64,341,12,1.0,0,99,4.83,within an hour
Loft style 3BR unit in Boston Southend 1144,Mohammed Radi,South End,Entire home/apt,256,1,12,3.33,64,302,12,1.0,3,99,4.5,within an hour
Spacious 2bd/2ba in Southend Boston 3746,Mohammed Radi,South End,Entire home/apt,221,1,3,1.13,64,327,3,2.0,2,99,4.0,within an hour
Luxury 1BR Next to Broadway Southie 1533,Mohammed Radi,South Boston,Entire home/apt,170,1,8,2.35,64,320,8,1.0,1,99,4.88,within an hour
Luxury 2bd/2ba Next to the Airport 6065,Mohammed Radi,East Boston,Entire home/apt,186,1,1,0.55,64,333,1,2.0,2,99,4.0,within an hour
Luxury 1BR Next to Broadway 8008,Mohammed Radi,South Boston,Entire home/apt,145,1,12,3.1,64,342,12,1.0,1,99,4.83,within an hour
Luxury Studio Next to Broadway 4078,Mohammed Radi,South Boston Waterfront,Entire home/apt,144,1,2,0.56,64,342,2,1.0,1,99,5.0,within an hour
Loft 2BR unit in Boston Southend 3924,Mohammed Radi,South End,Entire home/apt,257,1,4,2.5,64,273,4,1.0,2,99,5.0,within an hour
1BR in Theatre District Boston 3510,Mohammed Radi,Downtown,Entire home/apt,209,1,7,2.56,64,326,7,1.0,1,99,4.29,within an hour
Loft 3BR unit in Boston Southend 1195,Mohammed Radi,South End,Entire home/apt,295,1,1,1.0,64,256,1,1.0,3,99,5.0,within an hour
Studio near Boston Commons in downtown 1631,Mohammed Radi,Downtown,Entire home/apt,172,1,6,2.61,64,322,6,1.0,0,99,4.33,within an hour
Beautiful 2 bedrooms in Southend 9596,Mohammed Radi,South End,Entire home/apt,213,1,1,0.51,64,295,1,1.5,2,99,3.0,within an hour
Beautiful 2BR in Southend Boston 7745,Mohammed Radi,South End,Entire home/apt,259,1,3,1.91,64,342,3,1.0,2,99,5.0,within an hour
Studio in Theatre District 7146,Mohammed Radi,Downtown,Entire home/apt,147,1,13,4.11,64,319,13,1.0,1,99,4.23,within an hour
Studio in downtown crossing Boston 7223,Mohammed Radi,Downtown,Entire home/apt,174,1,23,5.7,64,340,23,1.0,0,99,4.39,within an hour
Cozy Studio in downtown crossing Boston 0914,Mohammed Radi,Downtown,Entire home/apt,175,1,1,0.29,64,326,1,1.0,1,99,5.0,within an hour
Fantastic 1bedroom apt + 1 bed @living room Boston,Luca,Beacon Hill,Entire home/apt,150,29,0,0.0,7,166,0,1.0,1,100,4.7,within an hour
Cozy 1Bedroom in Beacon Hill,Liya,Beacon Hill,Private room,64,29,1,1.0,114,73,1,1.0,1,100,5.0,within an hour
Serenity,Pilar,Hyde Park,Entire home/apt,192,2,2,1.0,1,308,2,1.0,2,100,5.0,within an hour
Amazing 1Bedroom in Beacon Hill,Liya,Dorchester,Private room,60,29,0,0.0,114,145,0,1.0,1,100,4.7,within an hour
Affordable 1Bedrom in Beacon Hill,Liya,Dorchester,Private room,60,29,0,0.0,114,106,0,1.0,1,100,4.7,within an hour
Loft 3BR unit in Boston Southend 2774,Mohammed Radi,South End,Entire home/apt,295,1,17,3.72,64,256,17,1.0,3,99,4.82,within an hour
Luxury 2BR Next to the Airport 4692,Mohammed Radi,East Boston,Entire home/apt,204,1,4,1.17,64,359,4,2.0,2,99,5.0,within an hour
Luxury 2bd/2ba Next to the Airport 1654,Mohammed Radi,East Boston,Entire home/apt,186,1,9,2.7,64,333,9,2.0,2,99,5.0,within an hour
Wonderful 1Bedroom in Beacon Hill Area,Liya,Dorchester,Private room,60,29,0,0.0,114,144,0,1.0,1,100,4.7,within an hour
Luxury Studio Next to Broadway 1303,Mohammed Radi,South Boston Waterfront,Entire home/apt,144,1,8,1.89,64,342,8,1.0,0,99,4.75,within an hour
Best 1Bedroom in Beacon Hill,Liya,Dorchester,Private room,63,29,0,0.0,114,144,0,1.0,1,100,4.7,within an hour
Top 1Bedroom in Beacon Hill downtown Boston,Liya,Dorchester,Private room,64,29,0,0.0,114,144,0,1.0,1,100,4.7,within an hour
Stay Next to Public Garden | Back Bay |MGH,Sophia,Beacon Hill,Private room,162,29,0,0.0,6,111,0,1.0,1,100,4.7,within a day
Stunning. Unique. And Very Upscale 3BR 2BA W&Dryer,Greg,South Boston Waterfront,Entire home/apt,1119,29,0,0.0,20,365,0,2.0,2,69,4.7,within a few hours
Modern & Cozy Room–Utilities Inc,Samantha,Roxbury,Private room,55,91,0,0.0,1,291,0,1.0,1,100,4.7,Unknown
Wonderful 1Bedroom in Beacon Hill,Liya,Dorchester,Private room,64,29,0,0.0,114,143,0,1.0,1,100,4.7,within an hour
Best 1Bedroom in Beacon Hill,Liya,Dorchester,Private room,64,29,0,0.0,114,143,0,1.0,1,100,4.7,within an hour
The Barton-Luxe 2BR by Downtown,Naveen,Brighton,Entire home/apt,275,1,27,6.04,38,352,27,1.0,2,100,4.81,within an hour
2BR apt in Downtown Boston 2446,Mohammed Radi,Downtown,Entire home/apt,248,29,8,2.09,64,333,8,1.0,2,99,4.63,within an hour
Timeless Stay | Freedom Trail. Fitness Center,The Newbury Boston,Back Bay,Private room,405,1,15,5.06,10,191,15,1.0,1,98,5.0,within an hour
Luxury 1BR Next to Logan Airport 6232,Mohammed Radi,East Boston,Entire home/apt,227,1,9,2.62,64,358,9,1.0,1,99,4.67,within an hour
Eagle Hill East Boston new construction home,Xiaoguang,East Boston,Entire home/apt,255,32,0,0.0,1,319,0,2.0,2,100,4.7,within an hour
"Modern Retreat, Walk to Hospitals, Dining",Farhan,Roxbury,Entire home/apt,86,1,6,1.62,4,330,6,1.0,1,82,4.33,within an hour
"Steps from the Park, Walk to Theaters & Dining",Farhan,Downtown,Entire home/apt,112,29,9,2.29,4,280,9,1.0,0,82,4.67,within an hour
Double the Fun: 4BR Allston Stay,Holly,Allston,Entire home/apt,315,1,15,3.78,5,200,15,2.0,4,100,4.73,within an hour
26A3 | The Annabel 3 | w/AC & W/D | Private Apt,Lance,Dorchester,Entire home/apt,185,30,0,0.0,58,279,0,2.0,2,87,4.7,within a few hours
Wonderful 1Bedroom in Beacon Hill,Liya,Dorchester,Private room,60,29,0,0.0,114,141,0,1.0,1,100,4.7,within an hour
26A2 | The Annabel 2 | w/AC & W/D | Private Apt,Lance,Dorchester,Entire home/apt,205,30,0,0.0,58,170,0,2.0,3,87,4.7,within a few hours
"26A2.1 | The Annabel 2, Bedroom 1 | w/AC & W/D",Lance,Dorchester,Private room,76,30,2,0.98,58,288,2,1.0,1,87,4.5,within a few hours
Top 1Bedroom in Beacon Hill,Liya,Dorchester,Private room,64,29,0,0.0,114,141,0,1.0,1,100,4.7,within an hour
"26A2.2 | The Annabel 2, Bedroom 2 | w/AC & W/D",Lance,Dorchester,Private room,72,30,0,0.0,58,177,0,1.0,1,87,4.7,within a few hours
"26A2.3 | The Annabel 2, Bedroom 3 | w/AC & W/D",Lance,Dorchester,Private room,68,30,2,0.44,58,184,2,1.0,1,87,5.0,within a few hours
Best 1Bedroom in Beacon Hill,Liya,Dorchester,Private room,64,29,0,0.0,114,141,0,1.0,1,100,4.7,within an hour
Modern Penthouse 2BR 2BA Stunning Lake.,Adam,Jamaica Plain,Entire home/apt,611,29,3,1.1,95,270,3,2.0,2,92,4.33,within an hour
Boston/Heart of the City,Max,Roxbury,Entire home/apt,215,2,4,2.61,2,57,4,1.5,3,100,5.0,within an hour
The Galen-Luxe 2BR by Downtown Boston,Naveen,Brighton,Entire home/apt,275,1,15,3.28,38,347,15,1.0,2,100,4.93,within an hour
One Bedroom Apartment in Back Bay Building,Furnished Quarters,Back Bay,Entire home/apt,270,32,0,0.0,44,311,0,1.0,1,100,4.7,within an hour
1BR in Downtown 8566,Mohammed Radi,Downtown,Entire home/apt,209,29,8,2.16,64,279,8,1.0,1,99,4.13,within an hour
Cozy Studio in Prime Beacon Hill. Walk to MGH/MIT,Yi-Hsuan,Beacon Hill,Entire home/apt,186,29,0,0.0,2,229,0,1.0,1,100,4.7,within a few hours
High-end 2BR 2BA unit in Seaport,Greg,South Boston Waterfront,Entire home/apt,836,29,0,0.0,20,365,0,2.0,2,69,4.7,within a few hours
"(J6) Back Bay Studio, Cozy and Convenient",Paige,Back Bay,Entire home/apt,326,1,13,4.15,60,236,13,1.0,0,100,4.46,within an hour
(W8) Bright Studio  in the South End,Paige,South End,Entire home/apt,255,1,12,3.83,60,25,12,1.0,0,100,4.83,within an hour
(W11) Cute Studio In South End!,Paige,South End,Entire home/apt,255,1,10,3.37,60,39,10,1.0,0,100,4.5,within an hour
Luxury corner Boston 2Br 2Ba Apt Boston hospitals,Adam,Jamaica Plain,Entire home/apt,499,1,4,1.25,95,315,4,2.0,2,92,3.5,within an hour
"Classic Boston, Penthouse duplex",Terry,Roxbury,Entire home/apt,367,3,2,0.63,11,87,2,2.0,3,100,5.0,within an hour
Accessible Private Room #1097 C,Tina,Brighton,Private room,52,91,0,0.0,92,148,0,0.0,5,99,4.7,within a few hours
Accessible Private Room #1403 E,Tina,Brighton,Private room,51,91,0,0.0,92,225,0,0.0,5,99,4.7,within a few hours
Accessible Private Room #568 A,Tina,Dorchester,Private room,66,91,0,0.0,92,298,0,0.0,4,99,4.7,within a few hours
Accessible Private Room #680 D,Tina,Allston,Private room,63,91,0,0.0,92,197,0,0.0,1,99,4.7,within a few hours
Renovated Single Room with Bath,Todd,Brighton,Private room,83,31,1,0.68,8,283,1,1.0,1,100,5.0,within an hour
Classic Private Room #1761 B,Tina,East Boston,Private room,41,91,0,0.0,92,131,0,0.0,5,99,4.7,within a few hours
Classic Private Room #888 D,Tina,Jamaica Plain,Private room,51,91,0,0.0,92,154,0,0.0,4,99,4.7,within a few hours
Classic Private Room #834 E,Tina,Allston,Private room,45,91,0,0.0,92,128,0,0.0,7,99,4.7,within a few hours
Comfortable Private Room #1403 D,Tina,Brighton,Private room,51,91,0,0.0,92,226,0,0.0,5,99,4.7,within a few hours
Comfortable Private Room #1314 A,Tina,Allston,Private room,54,91,0,0.0,92,246,0,0.0,2,99,4.7,within a few hours
Comfortable Private Room #277 A,Tina,North End,Private room,85,91,0,0.0,92,183,0,0.0,3,99,4.7,within a few hours
Convenient Private Room #1301 A,Tina,Brighton,Private room,43,91,0,0.0,92,246,0,0.0,6,99,4.7,within a few hours
Classic Private Room #1487 B,Tina,Brighton,Private room,42,91,0,0.0,92,100,0,0.0,1,99,4.7,within a few hours
Convenient Private Room #1755 A,Tina,Dorchester,Private room,56,91,0,0.0,92,139,0,0.0,3,99,4.7,within a few hours
Convenient Private Room #726 B,Tina,Allston,Private room,48,91,0,0.0,92,215,0,0.0,6,99,4.7,within a few hours
Convenient Private Room #728 A,Tina,Allston,Private room,67,91,0,0.0,92,216,0,0.0,1,99,4.7,within a few hours
Functional Private Room #1487 C,Tina,Brighton,Private room,44,91,0,0.0,92,278,0,0.0,5,99,4.7,within a few hours
Functional Private Room #726 D,Tina,Allston,Private room,48,91,0,0.0,92,178,0,0.0,1,99,4.7,within a few hours
Functional Private Room #926 B,Tina,Jamaica Plain,Private room,54,31,0,0.0,92,138,0,0.0,1,99,4.7,within a few hours
Functional Private Room #991 A,Tina,Roxbury,Private room,56,31,0,0.0,92,363,0,0.0,4,99,4.7,within a few hours
Modest Private Room #1816 B,Tina,South Boston,Private room,62,91,0,0.0,92,106,0,0.0,4,99,4.7,within a few hours
Accessible Private Room #255 A,Tina,Mission Hill,Private room,44,91,0,0.0,92,317,0,0.0,1,99,4.7,within a few hours
Comfortable Private Room #770 A,Tina,Jamaica Plain,Private room,70,31,0,0.0,92,102,0,0.0,4,99,4.7,within a few hours
Classic Private Room #1103 B,Tina,Chinatown,Private room,62,91,0,0.0,92,154,0,0.0,2,99,4.7,within a few hours
Convenient Private Room #1735 E,Tina,Allston,Private room,48,31,0,0.0,92,138,0,0.0,6,99,4.7,within a few hours
Convenient Private Room #1517 C,Tina,Brighton,Private room,47,91,0,0.0,92,143,0,0.0,7,99,4.7,within a few hours
Functional Private Room #1029 B,Tina,Dorchester,Private room,54,91,0,0.0,92,141,0,0.0,2,99,4.7,within a few hours
Functional Private Room #1238 C,Tina,Brighton,Private room,53,91,0,0.0,92,149,0,0.0,4,99,4.7,within a few hours
Functional Private Room #1284 A,Tina,Allston,Private room,47,91,0,0.0,92,188,0,0.0,6,99,4.7,within a few hours
Functional Private Room #570 E,Tina,Brighton,Private room,44,91,0,0.0,92,120,0,0.0,5,99,4.7,within a few hours
Modest Private Room #1341 G,Tina,Brighton,Private room,49,91,0,0.0,92,180,0,0.0,9,99,4.7,within a few hours
Modest Private Room #277 C,Tina,North End,Private room,59,91,0,0.0,92,246,0,0.0,3,99,4.7,within a few hours
Modest Private Room #233 E,Tina,Allston,Private room,53,91,0,0.0,92,216,0,0.0,5,99,4.7,within a few hours
Modest Private Room #331 B,Tina,Dorchester,Private room,68,91,0,0.0,92,100,0,0.0,1,99,4.7,within a few hours
Modest Private Room #470 A,Tina,North End,Private room,56,31,0,0.0,92,192,0,0.0,3,99,4.7,within a few hours
Practical Private Room #1751 A,Tina,Dorchester,Private room,51,91,0,0.0,92,119,0,0.0,4,99,4.7,within a few hours
Practical Private Room #768 A,Tina,Roxbury,Private room,61,91,0,0.0,92,208,0,0.0,3,99,4.7,within a few hours
Practical Private Room #607 A,Tina,Brighton,Private room,66,91,0,0.0,92,216,0,0.0,3,99,4.7,within a few hours
Practical Private Room #193 2C,Tina,Dorchester,Private room,57,91,0,0.0,92,329,0,0.0,4,99,4.7,within a few hours
Practical Private Room #835 C,Tina,Allston,Private room,55,91,0,0.0,92,347,0,0.0,1,99,4.7,within a few hours
Practical Private Room #834 F,Tina,Allston,Private room,37,91,0,0.0,92,110,0,0.0,7,99,4.7,within a few hours
Practical Private Room #773 A,Tina,Roxbury,Private room,65,91,0,0.0,92,186,0,0.0,5,99,4.7,within a few hours
Classic Private Room #1234 A,Tina,Allston,Private room,39,91,0,0.0,92,190,0,0.0,5,99,4.7,within a few hours
Simple Private Room #1349 D,Tina,Dorchester,Private room,49,91,0,0.0,92,246,0,0.0,4,99,4.7,within a few hours
Simple Private Room #1419 C,Tina,Allston,Private room,45,91,0,0.0,92,225,0,0.0,1,99,4.7,within a few hours
Simple Private Room #1419 A,Tina,Allston,Private room,46,91,0,0.0,92,215,0,0.0,5,99,4.7,within a few hours
Simple Private Room #1519 C,Tina,East Boston,Private room,59,91,0,0.0,92,140,0,0.0,3,99,4.7,within a few hours
Comfortable Private Room #1581 B,Tina,Dorchester,Private room,59,91,0,0.0,92,154,0,0.0,3,99,4.7,within a few hours
Simple Private Room #587 A,Tina,Brighton,Private room,47,91,0,0.0,92,354,0,0.0,6,99,4.7,within a few hours
Classic Private Room #444 C,Tina,Allston,Private room,58,91,0,0.0,92,234,0,0.0,4,99,4.7,within a few hours
Classic Private Room #473 B,Tina,North End,Private room,60,31,0,0.0,92,262,0,0.0,3,99,4.7,within a few hours
Convenient Private Room #471 C,Tina,North End,Private room,58,31,0,0.0,92,124,0,0.0,1,99,4.7,within a few hours
Functional Private Room #1357 B,Tina,Dorchester,Private room,47,91,0,0.0,92,140,0,0.0,4,99,4.7,within a few hours
Modest Private Room #767 C,Tina,Dorchester,Private room,48,91,0,0.0,92,109,0,0.0,4,99,4.7,within a few hours
Modest Private Room #977 A,Tina,Dorchester,Private room,50,91,0,0.0,92,292,0,0.0,5,99,4.7,within a few hours
Practical Private Room #1285 C,Tina,Allston,Private room,50,91,0,0.0,92,260,0,0.0,1,99,4.7,within a few hours
Practical Private Room #927 B,Tina,Jamaica Plain,Private room,51,31,0,0.0,92,148,0,0.0,1,99,4.7,within a few hours
Simple Private Room #472 A,Tina,North End,Private room,56,31,0,0.0,92,140,0,0.0,3,99,4.7,within a few hours
Convenient Private Room #349 B,Tina,South Boston,Private room,68,91,0,0.0,92,184,0,0.0,1,99,4.7,within a few hours
Convenient Private Room #441 6C,Tina,Brighton,Private room,65,91,0,0.0,92,185,0,0.0,4,99,4.7,within a few hours
Simple Private Room #1238 A,Tina,Brighton,Private room,54,91,0,0.0,92,254,0,0.0,1,99,4.7,within a few hours
Practical Private Room #206 F,Tina,Brighton,Private room,58,91,0,0.0,92,277,0,0.0,6,99,4.7,within a few hours
Modest Private Room #767 B,Tina,Dorchester,Private room,46,91,0,0.0,92,108,0,0.0,1,99,4.7,within a few hours
Simple Private Room #278 B,Tina,North End,Private room,53,91,0,0.0,92,293,0,0.0,4,99,4.7,within a few hours
Luxury 1BR Next to Airport 0237,Mohammed Radi,East Boston,Entire home/apt,238,1,4,1.56,64,354,4,1.0,1,99,5.0,within an hour
Luxury Studio Next to Broadway 8099,Mohammed Radi,South Boston,Entire home/apt,201,1,9,2.76,64,322,9,1.0,0,99,4.89,within an hour
30/1 - 4BR Boston | Comfortable Apt near MBTA,Peter,Dorchester,Entire home/apt,255,1,3,1.48,2,339,3,1.0,4,100,4.33,within an hour
30/3 - 3BR Boston | Cozy Apt near Fenway Park,Peter,Dorchester,Entire home/apt,211,1,7,1.76,2,342,7,1.0,3,100,4.43,within an hour
Accessible Private Room #835 D,Tina,Allston,Private room,55,91,0,0.0,92,204,0,0.0,1,99,4.7,within a few hours
Comfortable Private Room #1517 E,Tina,Brighton,Private room,51,91,0,0.0,92,186,0,0.0,7,99,4.7,within a few hours
Comfortable Private Room #768 B,Tina,Roxbury,Private room,56,91,0,0.0,92,149,0,0.0,1,99,4.7,within a few hours
Convenient Private Room #880 C,Tina,Brighton,Private room,54,91,0,0.0,92,148,0,0.0,1,99,4.7,within a few hours
Convenient Private Room #926 A,Tina,Jamaica Plain,Private room,56,31,0,0.0,92,148,0,0.0,1,99,4.7,within a few hours
Functional Private Room #349 E,Tina,South Boston,Private room,99,91,0,0.0,92,184,0,0.0,5,99,4.7,within a few hours
Functional Private Room #470 B,Tina,North End,Private room,63,31,0,0.0,92,291,0,0.0,3,99,4.7,within a few hours
Convenient Private Room #1235 B,Tina,Allston,Private room,55,91,0,0.0,92,142,0,0.0,1,99,4.7,within a few hours
Accessible Private Room #1813 A,Tina,Allston,Private room,50,91,0,0.0,92,118,0,0.0,4,99,4.7,within a few hours
76 Spacious Large 4-Bedroom Home/ Walk to Subway,An Thanh,Dorchester,Entire home/apt,299,1,9,3.46,2,290,9,2.0,4,100,5.0,within an hour
Extended stay. Quiet. Spacious,Christopher R,Jamaica Plain,Entire home/apt,212,29,0,0.0,2,228,0,1.0,1,100,4.7,within a few hours
The Lister-Luxurious Studio Near Heart of Boston,Naveen,Brighton,Entire home/apt,180,1,17,4.08,38,360,17,1.0,1,100,4.53,within an hour
The Salk-Beautiful Boston Studio,Naveen,Brighton,Entire home/apt,130,1,16,3.87,38,354,16,1.0,0,100,4.81,within an hour
The Watson-Luxe Boston Studio,Naveen,Brighton,Entire home/apt,140,1,15,3.66,38,360,15,1.0,0,100,4.73,within an hour
Family-Friendly 4BR | 2 Bath | Walk to T & Logan,Mandana,East Boston,Entire home/apt,323,2,15,3.6,4,127,15,2.0,4,98,4.8,within an hour
25A1.1 | The Alameda 1 | 2BR 1B w/AC & WD | Room 1,Lance,West Roxbury,Private room,69,30,0,0.0,58,363,0,1.0,1,87,4.7,within a few hours
25A1.2 | The Alameda 1 | 2BR 1B w/AC & WD | Room 2,Lance,West Roxbury,Private room,67,30,0,0.0,58,365,0,1.0,1,87,4.7,within a few hours
25A2.1 | The Alameda 2 | 2BR 1B w/AC & WD | Room 1,Lance,West Roxbury,Private room,69,30,0,0.0,58,261,0,1.0,1,87,4.7,within a few hours
25A2.2 | The Alameda 2 | 2BR 1B w/AC & WD | Room 2,Lance,West Roxbury,Private room,69,30,0,0.0,58,261,0,1.0,1,87,4.7,within a few hours
25A2.3 | The Alameda 2 | 3BR 1B w/AC & WD | Room 3,Lance,West Roxbury,Private room,46,30,0,0.0,58,261,0,1.0,1,87,4.7,within a few hours
109S3.1 | The Strathmore 3 | 2BR 2B w/AC | Room #1,Lance,Brighton,Private room,62,30,0,0.0,58,291,0,2.0,1,87,4.7,within a few hours
109S3.2 | The Strathmore 3 | 2BR 2B w/AC | Room #2,Lance,Brighton,Private room,61,30,0,0.0,58,291,0,2.0,1,87,4.7,within a few hours
109S2.1 | The Strathmore 2 | 3BR 2B w/AC | Room #1,Lance,Brighton,Private room,69,30,0,0.0,58,197,0,2.0,1,87,4.7,within a few hours
109S2.3 | The Strathmore 2 | 3BR 2B w/AC | Room #3,Lance,Brighton,Private room,58,30,0,0.0,58,197,0,2.0,1,87,4.7,within a few hours
Charming 1Bedroom in Beacon Hill,Liya,Beacon Hill,Private room,60,29,0,0.0,114,131,0,1.0,1,100,4.7,within an hour
Wonderful 1Bedroom in Beacon Hill,Liya,Beacon Hill,Private room,60,29,0,0.0,114,105,0,1.0,1,100,4.7,within an hour
Wonderful 1Bedroom in Beacon Hill,Liya,Beacon Hill,Private room,60,29,0,0.0,114,74,0,1.0,1,100,4.7,within an hour
Boston modern appartment,Thanh,Dorchester,Entire home/apt,238,2,0,0.0,3,324,0,1.0,2,100,4.7,within an hour
Spacious 1B in Faneuil Hall/Quincy Market,Kama,Downtown,Entire home/apt,311,30,5,1.6,39,327,5,1.0,1,99,4.6,within an hour
Convenient 1Beroom in Beacon Hill,Liya,West End,Private room,60,29,0,0.0,114,105,0,1.0,1,100,4.7,within an hour
Nice 1Bedroom in Beacon Hill,Liya,West End,Private room,60,29,0,0.0,114,105,0,1.0,1,100,4.7,within an hour
Affordable 1Bedroom in Beacon Hill,Liya,West End,Private room,60,29,0,0.0,114,105,0,1.0,1,100,4.7,within an hour
Cozy Brighton Apartment,Enrik,Brighton,Entire home/apt,193,2,19,4.6,1,249,19,1.0,2,100,4.84,within an hour
3BD/2BA Near Logan Airport and T 7988,Mohammed Radi,East Boston,Entire home/apt,248,29,5,1.43,64,272,5,2.0,3,99,4.8,within an hour
Fully-Furnished Room by Harvard,Sridutt,Allston,Private room,56,91,0,0.0,1,274,0,2.0,2,75,4.7,within a day
Accessible Private Room #1757 B,Tina,Allston,Private room,52,91,0,0.0,92,148,0,0.0,4,99,4.7,within a few hours
Practical Private Room #1341 H,Tina,Brighton,Private room,59,91,0,0.0,92,126,0,0.0,9,99,4.7,within a few hours
Simple Private Room #1824 B,Tina,Roxbury,Private room,55,91,0,0.0,92,148,0,0.0,3,99,4.7,within a few hours
230B4.1 | The Penthouse Redline | AC & WD | Room 1,Lance,Dorchester,Private room,80,30,0,0.0,58,265,0,1.0,1,87,4.7,within a few hours
230B4.2 | The Penthouse w/WD & A,Lance,Dorchester,Private room,72,30,0,0.0,58,265,0,1.0,1,87,4.7,within a few hours
Cozy nest getaway near Boston!,Samuel,Roslindale,Entire home/apt,149,2,19,5.53,1,336,19,1.0,2,100,4.53,within an hour
Apartment in Boston's Jamaica Plain,Huan Xin,Jamaica Plain,Entire home/apt,216,2,7,2.88,1,188,7,1.0,3,100,4.71,within an hour
Large Private Room Boston near T & JFK/UMass,Sean,Dorchester,Private room,59,91,0,0.0,4,265,0,1.0,1,100,4.7,within an hour
"Blueground | Fenway, gym & w/d, nr museums",Blueground,Fenway,Entire home/apt,276,31,0,0.0,369,28,0,1.0,0,99,4.7,within an hour
"Blueground | Seaport, w/d, nr museums",Blueground,South Boston Waterfront,Entire home/apt,298,31,0,0.0,369,288,0,1.0,1,99,4.7,within an hour
Modest Private Room #1735 B,Tina,Allston,Private room,48,31,0,0.0,92,86,0,0.0,6,99,4.7,within a few hours
Free Parking | Stocked Kitchen | 10 min -> Boston,Waleed,Roxbury,Entire home/apt,204,1,4,2.86,1,355,4,2.0,3,100,4.5,within an hour
Boston 2Bedroom Apartment,Liya,Beacon Hill,Entire home/apt,180,29,0,0.0,114,104,0,1.0,2,100,4.7,within an hour
47S1.B | The Sumner Redline | w/AC & WD | Suite,Lance,Dorchester,Private room,74,30,0,0.0,58,313,0,1.0,1,87,4.7,within a few hours
Red Sox 34.Longterm. Fenway. Longwood Med. NEU,Lee,Fenway,Entire home/apt,256,29,7,2.02,12,100,7,1.0,1,100,4.86,within an hour
39S1.g | 1BR 2B w/AC & W/D  75ft to 'C' Greenline!,Lance,Brighton,Private room,56,30,0,0.0,58,313,0,2.0,1,87,4.7,within a few hours
39S1.b | 1BR 2B w/AC & W/D 75ft to 'C' Greenline,Lance,Brighton,Private room,60,30,0,0.0,58,313,0,2.0,1,87,4.7,within a few hours
South End Brownstone Sunny Condo,James Christian,South End,Entire home/apt,225,30,0,0.0,1,322,0,1.0,1,100,4.7,within a few hours
"2B 2BA w/ In-unit Laundry, Central Air",Ronalyn,Roxbury,Entire home/apt,287,30,3,1.5,21,362,3,2.0,2,100,5.0,within an hour
Stylish 2BR/2BA w/Elevator Near Fenway & Med,Ronalyn,Roxbury,Entire home/apt,253,30,6,2.22,21,365,6,2.0,2,100,4.5,within an hour
Spacious Back Bay 1BR w/ King & Office,Ronalyn,South End,Entire home/apt,316,30,5,2.0,21,163,5,1.5,2,100,5.0,within an hour
Bright 1BR w/ Office in Back Bay,Ronalyn,Back Bay,Entire home/apt,278,30,0,0.0,21,173,0,1.0,1,100,4.7,within an hour
"Stylish Back Bay Loft – Open Layout, 2 Bedrooms",Ronalyn,Back Bay,Entire home/apt,399,30,1,1.0,21,131,1,1.5,2,100,5.0,within an hour
"Blueground | Jamaica Plain, AC, gym, nr pond",Blueground,Jamaica Plain,Entire home/apt,201,31,0,0.0,369,81,0,1.0,1,99,4.7,within an hour
Boston Commons 1BR w/ view,Bassem,Charlestown,Entire home/apt,243,1,1,0.51,1,365,1,1.0,1,100,5.0,within an hour
"Blueground | Symphony, gym & w/d, nr hall",Blueground,Fenway,Entire home/apt,270,31,0,0.0,369,20,0,1.0,1,99,4.7,within an hour
Huge 3 Br Boston hospitals with waterview Balcony,Adam,Jamaica Plain,Entire home/apt,528,29,0,0.0,95,365,0,2.0,3,92,4.7,within an hour
Large Duplex Free Prkg mins 2 Train downtownFenway,Eder,Dorchester,Entire home/apt,608,2,5,1.29,7,249,5,2.5,5,96,4.8,within an hour
"Sleek 2BR 2BA in Fenway, High-End Building",Adam,Fenway,Entire home/apt,499,4,3,1.05,95,241,3,2.0,2,92,5.0,within an hour
Tiny Home Haven,Jhanev,Mattapan,Entire home/apt,112,29,0,0.0,1,365,0,1.0,1,100,4.7,within an hour
Luxury corner 2BR 2BA Boston Jamica pond Hospitals,Adam,Jamaica Plain,Entire home/apt,299,29,3,1.48,95,365,3,2.0,2,92,4.0,within an hour
Bright & Private Home w/King Bed,Alix,Roxbury,Private room,79,3,2,0.58,4,49,2,2.0,1,100,4.5,within a few hours
Luxe 3BR | Free Parking | Harvard/BU | ROKU TV,Michael,Brighton,Entire home/apt,510,2,20,5.77,4,295,20,2.0,3,100,4.95,within an hour
2BR in Savin Hill Boston 6414,Mohammed Radi,Dorchester,Entire home/apt,199,29,1,0.71,64,359,1,1.5,2,99,1.0,within an hour
Luxury 3 Bed 3 Bath Condo Eagle Hill East Boston,Zach,East Boston,Entire home/apt,448,29,0,0.0,2,358,0,3.0,3,100,4.7,within an hour
"Beacon Hill Room. Walk to MGH, Tufts Medical, MIT",Annie,Beacon Hill,Private room,127,29,0,0.0,6,171,0,2.0,1,91,4.7,within a few hours
Best Quality 2 Bedroom Apt in Beacon Hill,Liya,Beacon Hill,Entire home/apt,128,29,0,0.0,114,168,0,1.0,2,100,4.7,within an hour
Stylish Room w/ 2 full bath. 5 bedrooms available,Joann,Mattapan,Entire home/apt,302,1,4,2.0,2,75,4,2.0,5,100,4.5,within an hour
Newly Renovated Retreat l Near T,Mylinh,Dorchester,Entire home/apt,380,2,7,2.19,10,317,7,1.0,3,97,5.0,within an hour
5BR3B | Walk to Subway + Downtown,Tra My,South Boston,Entire home/apt,740,29,4,1.14,17,342,4,3.0,5,100,5.0,within an hour
Near Train in hip Jamaica Plain,Allison,Jamaica Plain,Private room,94,1,11,5.32,2,350,11,1.0,1,100,5.0,within an hour
Modern  Condo in Down town Back bay 2BR 2BA,Adam,Back Bay,Entire home/apt,599,29,1,0.51,95,159,1,2.0,2,92,5.0,within an hour
"Large bright  duplex,4 bedrooms, free parking!",Shira,Brighton,Entire home/apt,364,3,0,0.0,3,101,0,2.0,4,100,4.7,within an hour
3 Bedroom Condo | Walk-Out Basement | Near Train,Hitesh,Jamaica Plain,Entire home/apt,346,29,2,2.0,7,239,2,2.0,3,100,4.5,within an hour
Cozy 2 Beds Home. Walk to Harvard,Wenjia,Allston,Entire home/apt,131,1,4,2.86,6,108,4,1.0,2,100,2.5,within an hour
Under the Sun Apartment,Suzana,West Roxbury,Entire home/apt,192,1,10,4.0,2,314,10,1.0,3,100,4.5,within an hour
Downtown high-end 2BR 2BA Condo Stunning City View,Adam,Downtown,Entire home/apt,599,29,7,2.31,95,270,7,2.0,2,92,4.71,within an hour
Charming Boston Single Fam Home Near Commuter Rail,Melissa,West Roxbury,Entire home/apt,270,2,8,3.2,1,183,8,1.5,3,100,5.0,within a few hours
North End TD Garden Walk to Downtown,Tra My,North End,Entire home/apt,793,29,7,2.08,17,365,7,2.0,4,100,5.0,within an hour
"Expansive Back Bay Two-Level Loft, Sleeps 6, 2B/2B",Kama,South End,Entire home/apt,327,30,5,1.74,39,152,5,2.0,2,99,4.4,within an hour
Cozy studio in downtown Boston 3047,Mohammed Radi,Downtown,Entire home/apt,167,1,8,2.67,64,360,8,1.0,0,99,4.5,within an hour
2BR in Theatre District 2081,Mohammed Radi,Downtown,Entire home/apt,244,1,8,2.35,64,341,8,1.0,2,99,4.63,within an hour
2BR in Savin Hill 3152,Mohammed Radi,Dorchester,Entire home/apt,159,29,4,1.29,64,322,4,1.5,2,99,4.5,within an hour
"Glamorous Luxury Apartment, Near T",Daniel,Jamaica Plain,Entire home/apt,244,30,21,2.28,5,284,21,2.0,4,100,5.0,within an hour
Glamorous Treetop Escape | near T,Daniel,Jamaica Plain,Entire home/apt,284,30,15,1.64,5,319,15,2.0,4,100,4.93,within an hour
Modern One Bedroom in Boston High-Rise,Furnished Quarters,Back Bay,Entire home/apt,260,32,0,0.0,44,339,0,1.0,1,100,4.7,within an hour
NEW - South End Penthouse - Walk to Everything -,Coty,South End,Entire home/apt,438,30,0,0.0,1,180,0,2.5,3,94,4.7,within a few hours
Exquisite One-Bedroom Retreat in the Heart of the,Marina,South End,Entire home/apt,534,29,0,0.0,12,327,0,1.0,1,100,4.7,within an hour
South End Serenity: Your Family's Dream Getaway!,Marina,South End,Entire home/apt,1015,29,2,0.85,12,279,2,2.0,3,100,4.5,within an hour
Radiant 2 BR 2 BA Fenway Boston.,Adam,Fenway,Entire home/apt,499,5,2,0.63,95,156,2,2.0,2,92,5.0,within an hour
5 Minutes to Boston Marathon,Irene,Back Bay,Private room,300,4,0,0.0,2,112,0,1.0,1,100,4.7,within an hour
Spacious 2BR Allston Getaway,Holly,Allston,Entire home/apt,276,1,0,0.0,5,220,0,1.0,2,100,4.7,within an hour
Stately on Cedar Elegant Beacon Hill Penthouse NEW,Deidre,Beacon Hill,Entire home/apt,806,1,6,2.2,2,241,6,2.0,2,100,4.83,within a few hours
Luxury 3brm/1bath Duplex in JP,Jay,Jamaica Plain,Entire home/apt,235,1,10,3.3,22,327,10,1.0,3,100,4.9,within an hour
1Bd with private bathroom! No cleaning fee!,Eder,Back Bay,Private room,179,2,12,4.34,1,278,12,1.0,1,96,4.67,within an hour
"Stylish 3BR, 2BA, Sleeps 6, Heart of Back Bay",Kama,Back Bay,Entire home/apt,438,30,7,2.28,39,183,7,2.0,3,99,4.71,within an hour
(J8) Walk to Newbury & Public Garden - BACK BAY,Boston,Back Bay,Entire home/apt,273,1,11,4.02,2,243,11,1.0,0,100,4.55,within an hour
Luxury 2 Bed 2 Bath East Boston,Jesse,East Boston,Entire home/apt,265,2,5,2.21,3,342,5,2.0,2,100,4.4,within an hour
Luxury 2 Br 2Ba apt in Boston Dorchester,Adam,Dorchester,Entire home/apt,599,29,0,0.0,95,365,0,2.0,2,92,4.7,within an hour
"The Fleming-Gym, W/D, studio near City",Naveen,Brighton,Entire home/apt,160,29,9,3.38,38,359,9,1.0,0,100,4.63,within an hour
Hola Joy 5,Clara M,Brighton,Private room,80,29,3,1.48,6,365,3,1.0,1,100,4.0,within an hour
Hola Joy 4,Clara M,Brighton,Private room,83,29,2,0.85,6,365,2,1.0,1,100,5.0,within an hour
Hola Joy 6,Clara M,Brighton,Private room,78,29,9,3.6,6,364,9,1.0,1,100,5.0,within an hour
"Hip & Sleek 1Bedroom Steps from MGH, MBTA",Ronalyn,Dorchester,Entire home/apt,151,30,0,0.0,21,292,0,1.0,1,100,4.7,within an hour
Sunny 2BR +Futon Allston Escape,Holly,Allston,Entire home/apt,216,1,0,0.0,5,202,0,1.0,2,100,4.7,within an hour
"Adams Village 6-Bed Apt: City Perks, Suburban Vibe",Mylinh,Dorchester,Entire home/apt,494,2,2,0.88,10,299,2,2.0,6,97,5.0,within an hour
The Harvey: Large • Near T • Gym • Kitchen • W/D,Naveen,Brighton,Entire home/apt,160,29,11,3.93,38,352,11,1.0,0,100,4.73,within an hour
Newly Renovated Spacious 2 Bedroom in Savin Hill,Ronalyn,Dorchester,Entire home/apt,287,30,2,1.22,21,269,2,1.0,2,100,5.0,within an hour
3TDGarden Celtics/Bruins/Lil Italy/Historic,Robert Anthony,North End,Entire home/apt,138,2,7,3.04,7,211,7,1.0,1,100,4.0,within an hour
The Hunter-Elegant Suite Near City,Naveen,Brighton,Entire home/apt,183,1,8,2.93,38,338,8,2.0,2,100,4.75,within an hour
The Reed: Spacious • Private Kitchen • Gym • W/D,Naveen,Brighton,Entire home/apt,182,29,7,3.09,38,337,7,1.0,2,100,5.0,within an hour
The Seacole: Glamorous • Near City • Gym • W/D,Naveen,Brighton,Entire home/apt,243,29,7,2.76,38,339,7,2.0,2,100,4.57,within an hour
The Kelsey: View • Private Kitchen • Gym • W/D,Naveen,Brighton,Entire home/apt,156,29,7,2.59,38,361,7,1.0,1,100,4.14,within an hour
The Barnard: Coastal Vibe • WFH Desk • Gym • W/D,Naveen,Brighton,Entire home/apt,150,1,7,2.76,38,355,7,1.0,1,100,4.57,within an hour
Free parking spot – 1st floor – In front of the T,Mushhoor,Allston,Entire home/apt,115,1,9,3.6,2,60,9,1.0,0,100,5.0,within an hour
Cozy 2BR 2BA APT downtown boston,Adam,Chinatown,Entire home/apt,599,29,5,2.34,95,180,5,2.0,2,92,5.0,within an hour
Beautiful 2BR in Southend Boston 7043,Mohammed Radi,South End,Entire home/apt,196,1,4,2.5,64,333,4,1.5,2,99,4.75,within an hour
Spacious 2bd/2ba in Southend 0069,Mohammed Radi,South End,Entire home/apt,246,1,8,3.38,64,295,8,2.0,2,99,4.13,within an hour
Beautiful 2BD/2BA in Southend Boston 0312,Mohammed Radi,South End,Entire home/apt,219,1,11,4.46,64,313,11,2.0,2,99,4.82,within an hour
Boston-Sunny bedroom train&buses,Margarita,West Roxbury,Private room,55,91,0,0.0,5,365,0,2.0,1,100,4.7,within an hour
Luxury Private Apt Fenway,Compass,Fenway,Entire home/apt,282,30,1,1.0,29,269,1,1.0,1,96,4.0,within a few hours
Shelly's Turkish Room,Shelly,East Boston,Private room,77,7,3,1.41,6,56,3,1.0,1,100,5.0,within an hour
Stylish & Cozy Boston Retreat Near Train & Cafés,Chisom O,Jamaica Plain,Entire home/apt,268,4,2,1.54,1,148,2,1.0,3,100,5.0,within an hour
"Large, historic 4 bedroom home",Samantha,Dorchester,Entire home/apt,573,2,0,0.0,1,192,0,1.5,4,100,4.7,within an hour
"Blueground | S. Boston, w/d, nr museums",Blueground,South Boston,Entire home/apt,225,31,0,0.0,369,322,0,1.0,0,99,4.7,within an hour
Modern home-like 3BR2BA Retreat/Minutes to T,Mylinh,Dorchester,Entire home/apt,370,2,4,2.45,10,328,4,2.0,3,97,4.5,within an hour
Luxury 2BD/2BA Near Airport 4135,Mohammed,East Boston,Entire home/apt,269,1,6,2.47,12,322,6,2.0,2,97,5.0,within an hour
Luxury 2BD/2BA Near Airport 9508,Mohammed,East Boston,Entire home/apt,243,1,24,9.6,12,336,24,2.0,2,97,4.79,within an hour
"40.2 New, beautiful apt/4br/free parking/Boston",Phuong Thuykim,Dorchester,Entire home/apt,310,1,7,3.44,5,320,7,2.0,4,100,4.86,within an hour
2BR in Downtown Boston 9825,Mohammed,Downtown,Entire home/apt,295,1,5,2.38,12,343,5,1.0,2,97,4.2,within an hour
1BR Apt steps away from Boston Commons 3802,Mohammed,Downtown,Entire home/apt,191,1,5,2.03,12,334,5,1.0,1,97,4.4,within an hour
"Old North, Lil Italy,TDGarden, Celtics,Water View!",Boston,North End,Entire home/apt,257,2,3,1.38,7,234,3,1.0,3,98,4.33,within an hour
1BR with a view in Boston 7837,Mohammed,Downtown,Entire home/apt,205,1,12,6.67,12,347,12,1.0,2,97,4.5,within an hour
Habitación cerca del centro.,Jhans,Jamaica Plain,Private room,71,1,0,0.0,6,365,0,0.0,1,100,4.7,within an hour
2BR in Downtown Boston 7983,Mohammed,Downtown,Entire home/apt,252,1,7,3.89,12,314,7,1.0,2,97,4.71,within an hour
Cozy Boston: Private Bed & Bath in Dorchester,Giang Thi,Dorchester,Private room,110,2,4,1.97,3,338,4,1.0,1,100,4.75,within an hour
Cozy Boston: Private Bed in Dorchester,Giang Thi,Dorchester,Private room,98,2,8,3.93,3,349,8,1.0,1,100,4.88,within an hour
Airy 2BR: A Blend of East & West,Xin,Jamaica Plain,Entire home/apt,238,1,10,4.29,1,236,10,1.0,2,100,5.0,within an hour
Luxury 2BR 2BA Southend Boston Downtown prudential,Adam,South End,Entire home/apt,685,2,2,1.46,95,325,2,2.0,2,92,4.5,within an hour
"Blueground | Seaport, gym, nr shops & dining",Blueground,South Boston Waterfront,Entire home/apt,251,31,0,0.0,369,287,0,1.0,0,99,4.7,within an hour
"Clean, Contemporary Duplex | Sleeps 17",Daniel,Dorchester,Entire home/apt,563,30,1,1.0,5,299,1,3.0,6,100,5.0,within an hour
Comfort Inn in my 2nd bedroom.,Janet,Roxbury,Private room,58,1,1,0.56,3,340,1,3.0,1,100,2.0,within an hour
Peaceful Cabinet of Curiosities/no added fees!,Whit,Dorchester,Private room,86,2,0,0.0,2,355,0,1.0,1,100,4.7,within an hour
"Blueground | Seaport, gym & w/d, nr restaurants",Blueground,South Boston Waterfront,Entire home/apt,251,31,0,0.0,369,50,0,1.0,0,99,4.7,within an hour
1BR in Downtown 8719,Mohammed Radi,Downtown,Entire home/apt,174,1,15,7.14,64,349,15,1.0,1,99,4.0,within an hour
"Blueground | S. Boston, w/d, balcony, nr ICA",Blueground,South Boston,Entire home/apt,264,31,0,0.0,369,1,0,2.0,2,99,4.7,within an hour
4BR2Bath North End by Subway Downtown,Tra My,North End,Entire home/apt,740,29,2,0.86,17,296,2,2.0,4,100,5.0,within an hour
Sunny JP parkside condo w/ kids bunkbed AND CATS,Zack,Jamaica Plain,Entire home/apt,162,1,2,2.0,1,65,2,1.0,2,100,5.0,within a few hours
1BR apt in Downtown Boston 6611,Mohammed,Downtown,Entire home/apt,261,1,4,1.69,12,338,4,1.0,1,97,5.0,within an hour
Beautiful 2BR in Boston Theatre District 4348,Mohammed Radi,Downtown,Entire home/apt,303,1,10,4.23,64,326,10,1.0,2,99,5.0,within an hour
3BD/2BA Near Logan Airport and T 7643,Mohammed Radi,East Boston,Entire home/apt,257,1,7,3.39,64,272,7,2.0,3,99,5.0,within an hour
1BR in Theatre District Boston 7177,Mohammed Radi,Downtown,Entire home/apt,220,1,3,3.0,64,325,3,1.0,1,99,4.67,within an hour
Jamaica Plain - 4BR2BA Urban Retreat/ Near T,Mylinh,Jamaica Plain,Entire home/apt,574,2,3,1.64,10,21,3,2.0,4,97,5.0,within an hour
The Haven - 3BR2BA Central & Cozy Retreat/ Near T,Mylinh,Jamaica Plain,Entire home/apt,413,2,1,1.0,10,32,1,2.0,3,97,5.0,within an hour
Comfortable Private Room #1303 E,Tina,Brighton,Private room,50,31,0,0.0,92,78,0,0.0,5,99,4.7,within a few hours
82 - 3BR Boston | Stylish Stay near MBTA,Quang,Dorchester,Entire home/apt,258,1,2,1.58,3,332,2,2.0,3,100,5.0,within an hour
80/2 - 4BR Boston | Family Stay near Asian Market,Quang,Dorchester,Entire home/apt,241,1,6,2.69,3,325,6,2.0,4,100,4.5,within an hour
80/3 - 3BR Boston | Cozy Apt near Harvard Square,Quang,Dorchester,Entire home/apt,237,1,3,1.91,3,359,3,1.0,3,100,5.0,within an hour
Modest Private Room #1303 A,Tina,Brighton,Private room,48,31,0,0.0,92,139,0,0.0,1,99,4.7,within a few hours
Practical Private Room #546 C,Tina,Dorchester,Private room,47,31,0,0.0,92,139,0,0.0,1,99,4.7,within a few hours
Cozy Boston Apartment,Hunter,Dorchester,Private room,83,4,4,2.45,4,156,4,1.0,1,100,4.0,within an hour
85a1 Charming Boston Base/3BR/2BA/Ideal f Families,Phuong Thuykim,Dorchester,Entire home/apt,245,1,2,1.5,5,353,2,2.0,3,100,4.0,within an hour
Modern Coastal City Stay | Waterfront & Airport,Francesco,East Boston,Entire home/apt,228,2,2,1.67,2,163,2,1.0,1,100,5.0,within an hour
Studio in Theatre District 9180,Mohammed,Downtown,Entire home/apt,171,1,6,3.4,12,359,6,1.0,1,97,4.17,within an hour
Beautiful 2BR in Savin Hill Boston 9500,Mohammed,Dorchester,Entire home/apt,159,1,12,7.5,12,330,12,1.5,2,97,4.42,within an hour
Spacious duplex near T Downtown,Eder,Dorchester,Entire home/apt,553,2,5,3.95,7,251,5,2.0,5,96,4.8,within an hour
North End TD Garden Downtown Apt,Tra My,North End,Entire home/apt,693,2,3,1.43,17,274,3,2.0,4,100,5.0,within an hour
Luxury 2b2b Financial District,Mouad,Downtown,Entire home/apt,450,29,1,1.0,3,266,1,2.0,2,92,5.0,within an hour
Sleek Boston Home | Near T,Daniel,Jamaica Plain,Entire home/apt,281,30,1,1.0,4,330,1,2.5,5,100,4.0,within an hour
Modern Boston Condo | near T,Daniel,Jamaica Plain,Entire home/apt,309,10,3,2.65,4,336,3,2.5,5,100,4.33,within an hour
Boston Escape | Near T,Daniel,Dorchester,Entire home/apt,318,1,8,5.11,5,342,8,3.0,6,100,4.63,within an hour
Gorgeous Studio with Bay Windows!,Justin And Mandy,South End,Entire home/apt,168,1,0,0.0,15,346,0,1.0,1,100,4.7,within an hour
Great Value For Your Boston Stay,Bay Village,Bay Village,Private room,113,3,1,0.59,22,160,1,1.0,0,100,3.0,within an hour
"Primo Location, Walk To T & Marathon Finish Line!",Bay Village,Bay Village,Private room,111,29,3,1.88,22,191,3,1.0,1,100,3.33,within an hour
Private Studio In Boston's Bay Village!,Bay Village,Bay Village,Entire home/apt,130,3,2,1.11,22,353,2,1.0,1,100,3.0,within an hour
Chic Studio For An Affordable Stay,Bay Village,Bay Village,Private room,87,3,2,1.02,22,178,2,1.0,1,100,3.5,within an hour
Studio Awaits Your Next Stay!,Bay Village,Bay Village,Entire home/apt,126,3,0,0.0,22,178,0,1.0,1,100,4.7,within an hour
Bay Village Suites: Efficiency Studio Awaits!,Bay Village,Bay Village,Private room,73,2,2,1.76,22,173,2,1.0,1,100,5.0,within an hour
Bright Faneuil Hall Studio Retreat,Ronalyn,Downtown,Entire home/apt,266,30,4,2.5,21,309,4,1.0,0,100,4.25,within an hour
Studio in Downtown Boston Theatre District 5126,Mohammed Radi,Downtown,Entire home/apt,183,1,7,4.29,64,324,7,1.0,0,99,3.86,within an hour
Studio in Downtown 0100,Mohammed Radi,Downtown,Entire home/apt,190,1,4,2.11,64,320,4,1.0,1,99,4.75,within an hour
2BR near Ashmont Station 8804,Mohammed Radi,Dorchester,Entire home/apt,143,1,6,2.9,64,331,6,1.0,2,99,3.67,within an hour
Spacious Room At Brigham & Longwood Medical,Janice,Mission Hill,Private room,96,5,2,2.0,4,7,2,1.5,1,100,5.0,within an hour
Prime Apartment next to TD Garden & North End,Patrick,Downtown,Entire home/apt,144,91,0,0.0,1,364,0,1.0,1,100,4.7,Unknown
Cozy Studio in Downtown Boston 3781,Mohammed Radi,Downtown,Entire home/apt,172,1,4,2.11,64,338,4,1.0,1,99,4.75,within an hour
The Cori-Elegant suite in Boston,Naveen,Brighton,Entire home/apt,162,1,6,3.05,38,349,6,1.0,1,100,4.5,within an hour
Fenway Park – Walk everywhere  – Location – Studio,Jessy And Diego,Fenway,Entire home/apt,148,2,5,3.19,20,176,5,1.0,0,100,5.0,within an hour
The Fisher: City Access • Kitchen • Gym • W/D,Naveen,Brighton,Entire home/apt,158,29,5,2.59,38,359,5,1.0,1,100,5.0,within an hour
The Blackwell: Workspace • W/D • Gym • Near City,Naveen,Brighton,Entire home/apt,174,1,6,3.05,38,353,6,1.0,1,100,4.83,within an hour
Brand New 2BR Apt 20Min Downtown Boston,Pamela,Dorchester,Entire home/apt,187,1,9,4.74,3,299,9,1.0,2,100,4.89,within an hour
Family Retreat - Stunning 5BR2BA w Parking/ Near T,Mylinh,Dorchester,Entire home/apt,471,2,5,3.57,10,282,5,2.0,5,97,4.8,within an hour
Luxury 4BR | Charlestown,Michael,Charlestown,Entire home/apt,556,1,6,5.45,4,13,6,3.0,4,100,4.5,within an hour
Huge Studio in Boston Commons 4599,Mohammed,Downtown,Entire home/apt,243,1,1,1.0,12,303,1,1.0,0,97,5.0,within an hour
JB safe home 1 or more rms available w/2 full bath,Joann,Mattapan,Private room,88,1,0,0.0,2,255,0,1.0,1,100,4.7,within an hour
"Boston 2BR Apt South End-Copley,Cmmons,MGH,Fenway",Debjani,South End,Entire home/apt,380,2,6,3.75,1,174,6,1.0,2,100,5.0,within an hour
Elegant 3BR/2BA Condo | Seaport Boston,Adam,South Boston Waterfront,Entire home/apt,718,29,0,0.0,95,178,0,2.0,3,92,4.7,within an hour
Private Room / Boston Center,Urfan,Allston,Private room,120,29,1,1.0,1,365,1,2.0,1,91,3.0,within an hour
2BR apt in Downtown Boston 6892,Mohammed Radi,Downtown,Entire home/apt,262,1,3,2.37,64,334,3,1.0,2,99,3.67,within an hour
"Vibrant South-End Charm, Comfort",Richard,Roxbury,Entire home/apt,160,91,0,0.0,1,358,0,1.0,1,100,4.7,Unknown
Queen Room Next to Public Garden,Annie,Beacon Hill,Private room,105,29,0,0.0,6,52,0,1.0,1,91,4.7,within a few hours
Cozy 4 Bedroom Apartment in Boston,Trinh,Dorchester,Entire home/apt,322,2,2,2.0,1,309,2,2.0,4,100,4.5,within an hour
Spectacular Boston City View,Nadine,Roxbury,Entire home/apt,200,91,0,0.0,2,365,0,2.0,3,100,4.7,within a day
Bright & Spacious Boston,Michelle,West Roxbury,Entire home/apt,193,2,8,4.8,1,333,8,1.0,3,100,4.88,within an hour
Amazing Downtown Boston CityView,Nadine,Roxbury,Private room,150,91,0,0.0,2,365,0,1.0,1,100,4.7,within a day
Boston Skyline Stay | 1BR + City Views,Francesco,East Boston,Entire home/apt,245,2,3,3.0,2,157,3,1.0,1,100,5.0,within an hour
G5_Suite Near Downtown  Boston,Dan,Dorchester,Private room,129,29,0,0.0,12,348,0,1.0,2,100,4.7,within an hour
G6_Suite Near Downtown  Boston,Dan,Dorchester,Private room,129,29,0,0.0,12,338,0,2.0,3,100,4.7,within an hour
Beautiful Back Bay 1BR Apartment,Navid,Back Bay,Entire home/apt,194,91,0,0.0,1,365,0,1.0,1,100,4.7,within a few hours
3 BDRM Apt Next to Airport/5 min to Downtown,Blerina,East Boston,Entire home/apt,244,1,12,9.47,1,346,12,1.0,3,100,4.83,within an hour
3 King Beds 1 Bath Apt w/ Pool,Jay,Brighton,Entire home/apt,194,1,3,3.0,22,345,3,1.0,3,100,4.0,within an hour
Bright room in Brighton,Olivera,Brighton,Private room,50,28,0,0.0,2,79,0,1.0,1,100,4.7,within an hour
Studio in the Heart of Southie with Garage Parking,Christian,South Boston,Entire home/apt,124,91,0,0.0,1,246,0,1.0,0,100,4.7,within an hour
Beacon Hill Studio | Steps to MGH | Full Kitchen,Daviti,Beacon Hill,Entire home/apt,234,2,8,8.0,1,252,8,1.0,0,100,4.63,within an hour
"1 Room+bath in East Boston, right near waterfront",Charvi,East Boston,Private room,70,91,0,0.0,1,364,0,1.0,1,100,4.7,within a few hours
G7_Suite Near Downtown  Boston,Dan,Dorchester,Private room,129,29,0,0.0,12,353,0,2.0,1,100,4.7,within an hour
3BR / 2BA + Prvt Deck in Back Bay,Jason,Back Bay,Entire home/apt,903,4,0,0.0,18,234,0,2.0,3,100,4.7,within an hour
Sparkling New 2BR / 2BA in Back Bay,Jason,Back Bay,Entire home/apt,482,4,0,0.0,18,66,0,2.0,2,100,4.7,within an hour
Brand New One Bedroom in Back Bay,Jason,Back Bay,Entire home/apt,281,4,0,0.0,18,162,0,1.0,1,100,4.7,within an hour
Fabulous North End 3 BR | 1.5 BA in Little Italy,Jason,North End,Entire home/apt,482,4,2,2.0,18,227,2,1.5,3,100,5.0,within an hour
North End Efficient 3 BR | 1 BA in Little Italy,Jason,North End,Entire home/apt,465,4,0,0.0,18,60,0,1.0,3,100,4.7,within an hour
Luxury 3BR | Free Parking | Boston | ROKU TV,Michael,Roxbury,Entire home/apt,246,1,4,3.43,4,343,4,2.0,3,100,4.25,within an hour
Downtown high end 2BR 2BA Condo Stunning City View,Adam,Downtown,Entire home/apt,599,29,0,0.0,95,268,0,2.0,2,92,4.7,within an hour
Modern 2BR 2BA Condo in Back baybay 2BR 2BA,Adam,Back Bay,Entire home/apt,599,29,0,0.0,95,162,0,2.0,2,92,4.7,within an hour
Luxury studio apartment Boston,Mouad,Chinatown,Entire home/apt,187,29,0,0.0,3,264,0,1.0,0,92,4.7,within an hour
Lux 2b2b South End,Mouad,South End,Entire home/apt,360,3,0,0.0,3,263,0,2.0,2,92,4.7,within an hour
Cozy & Modern 2BR 2BA Condo downtown boston,Adam,Downtown,Entire home/apt,514,29,1,1.0,95,170,1,2.0,2,92,5.0,within an hour
"Big, Cozy home. Near everything! Car+T Friendly",Christopher Devon,East Boston,Entire home/apt,156,29,0,0.0,1,354,0,1.0,3,100,4.7,within an hour
"Ellie 1 - St. Botolph, 2 Bed Studio, Back Bay",Paige,Back Bay,Entire home/apt,225,1,4,4.0,8,119,4,1.0,0,98,4.75,within an hour
Ellie 4 - Cute Studio 2 bed!,Paige,Back Bay,Entire home/apt,243,1,1,1.0,60,119,1,1.0,0,100,5.0,within an hour
Ellie 5 - St Botolph Back Bay Twin Studio,Paige,Back Bay,Entire home/apt,199,1,4,4.0,8,135,4,1.0,0,98,5.0,within an hour
"Ellie 6 - St Botolph, First Floor, Back Bay!",Paige,Back Bay,Entire home/apt,197,1,4,4.0,60,125,4,1.0,1,100,3.75,within an hour
Ellie 7 - Copley/Pru! Back Bay Location! W/D,Paige,Back Bay,Entire home/apt,224,1,4,3.43,8,116,4,1.0,0,98,4.75,within an hour
"Ellie 8 - A+ Back Bay, Light-filled, 2 beds",Paige,South End,Entire home/apt,267,1,0,0.0,8,134,0,1.0,1,98,4.7,within an hour
"Ellie 10 - New Reno! Back Bay, 2 beds.",Paige,Back Bay,Entire home/apt,285,1,4,4.0,8,131,4,1.0,1,98,4.75,within an hour
Habitación cerca del centro,Jhans,Jamaica Plain,Private room,84,29,1,0.71,6,365,1,2.0,1,100,1.0,within an hour
Ellie 9 - NEW Back Bay Studio Best Location!,Paige,Back Bay,Entire home/apt,243,1,3,3.0,8,122,3,1.0,0,98,3.67,within an hour
Habitación privada tranquila,Jhans,Jamaica Plain,Private room,72,1,0,0.0,6,365,0,0.0,1,100,4.7,within an hour
Ellie 11 - Renovated Apt in Heart of Back Bay!,Paige,Back Bay,Entire home/apt,264,1,2,2.0,8,132,2,1.0,1,98,4.5,within an hour
"(4R1) First Floor, NEW, 3Beds, Outdoor Space",Paige,Back Bay,Entire home/apt,399,1,1,1.0,5,85,1,1.0,2,96,5.0,within an hour
"(S2R) Back Bay Studio, 2nd Floor",Paige,Back Bay,Entire home/apt,225,1,5,5.0,5,17,5,1.0,0,96,4.0,within an hour
Modern Penthouse (2BR 2BA) Stunning Lake Views,Adam,Jamaica Plain,Entire home/apt,499,29,1,1.0,95,270,1,2.0,2,92,4.0,within an hour
(H2) Heart of Back Bay! One bed,Paige,Back Bay,Entire home/apt,299,1,3,2.25,60,251,3,1.0,1,100,5.0,within an hour
(H3) Back Bay! Shopping & Dinning,Paige,Back Bay,Entire home/apt,299,1,1,1.0,4,247,1,1.0,1,98,5.0,within an hour
(CL6) - South End Studio 2 Beds!,Paige,South End,Entire home/apt,199,1,3,3.0,4,34,3,1.0,0,98,5.0,within an hour
Habitación tradicional,Jhans,Jamaica Plain,Private room,71,1,0,0.0,6,365,0,2.0,1,100,4.7,within an hour
558/3 - 3BR Boston | Renovated Nest near Aquarium,Tan,Dorchester,Entire home/apt,309,1,2,1.71,4,336,2,2.0,3,100,5.0,within an hour
Sun-Filled w/ City Views Public Transportation,Ronalyn,Brighton,Entire home/apt,160,29,0,0.0,21,331,0,1.0,1,100,4.7,within an hour
Boston 2units Duplex near Train Downtown Free Prkg,Eder,Dorchester,Entire home/apt,1569,2,0,0.0,7,335,0,4.5,10,96,4.7,within an hour
Lux 1bd,Mike,Roxbury,Entire home/apt,1288,29,0,0.0,1,365,0,1.0,1,100,4.7,Unknown
NomadiQ Boutique Stay - Airport,Olsian,East Boston,Entire home/apt,186,1,6,4.19,2,364,6,1.0,1,98,4.4,within an hour
2 rooms w/ 3  beds sleeps 5,Lynda,West Roxbury,Private room,160,1,0,0.0,16,361,0,1.0,2,100,4.7,within an hour
Habitación tranquila,Jhans,Jamaica Plain,Private room,115,1,1,1.0,6,365,1,2.0,1,100,2.0,within an hour
"Sunlit Cozy Studio Near BC, BU, & MBTA",Ronalyn,Brighton,Entire home/apt,138,28,3,2.5,21,120,3,1.0,1,100,2.67,within an hour
Beautiful Back Bay Bliss!,Paige,Back Bay,Entire home/apt,800,1,1,1.0,5,138,1,2.0,2,96,5.0,within an hour
1 BR Top Floor w/ In-unit Laundry in Savin Hill,Ronalyn,Dorchester,Entire home/apt,150,29,0,0.0,21,326,0,1.0,1,100,4.7,within an hour
2 Bedroom Unit in the Heart of Back Bay,Ronalyn,Back Bay,Entire home/apt,332,28,2,1.82,21,325,2,1.0,2,100,5.0,within an hour
Stylish Studio in Boston Back Bay,Ronalyn,Back Bay,Entire home/apt,161,28,0,0.0,21,318,0,1.0,0,100,4.7,within an hour
Oversized Furnished Brownstone Studio in Back Bay,Ronalyn,Back Bay,Entire home/apt,144,28,3,3.0,21,188,3,1.0,0,100,5.0,within an hour
Home-like 4BR-3BA Apt | Near Ashmont Station (New),Thanh,Dorchester,Entire home/apt,266,2,0,0.0,1,325,0,3.0,4,100,4.7,within an hour
Habitación Tranquila,Jhans,Jamaica Plain,Private room,87,1,0,0.0,6,365,0,2.0,1,100,4.7,within an hour
"1Bedroom w/ Elevator, Roof Deck Near BC",Ronalyn,Brighton,Entire home/apt,182,29,0,0.0,21,42,0,1.0,1,100,4.7,within an hour
Thatch Quarters | Pvt. Room in Southie | 102 DOT,Thatch,South Boston,Private room,107,1,1,1.0,57,159,1,1.0,0,100,3.0,within an hour
Sleek Boston Home | Near T,Daniel,Jamaica Plain,Entire home/apt,1084,30,0,0.0,4,308,0,7.5,15,100,4.7,within an hour
Single House 2BR - Backyard+Walk to BCEC & Seaport,Melisa,South Boston,Entire home/apt,304,2,1,1.0,2,185,1,2.0,2,100,5.0,within an hour
3BR JPWalk to T / off st parking,Francisco,Jamaica Plain,Entire home/apt,360,2,0,0.0,5,354,0,1.0,3,100,4.7,within an hour
Classic Apartment #474,Robert Allen,North End,Entire home/apt,131,31,0,0.0,1,156,0,1.0,1,100,4.7,within a day
Private Room in Boston #6 (newly listed),Zeki,Brighton,Private room,72,3,1,1.0,4,328,1,1.0,1,100,5.0,within an hour
"Blueground | Prudential, gym & w/d, nr library",Blueground,Back Bay,Entire home/apt,309,31,0,0.0,369,306,0,1.0,0,99,4.7,within an hour
"Blueground | St. Elizabeth's, AC, w/d, nr med ctr",Blueground,Brighton,Entire home/apt,362,31,0,0.0,369,322,0,2.0,2,99,4.7,within an hour
"Northeastern,Boston Medical,in unit laundry,C/A",Ronalyn,Roxbury,Entire home/apt,253,30,1,1.0,21,66,1,1.0,0,100,5.0,within an hour
Spacious Residence near Seasport,Dan,South Boston,Entire home/apt,392,5,0,0.0,1,364,0,2.0,2,70,4.7,within a day
"(CO7) South End, Location! 2 Beds",Paige,South End,Entire home/apt,299,1,3,3.0,4,40,3,1.0,1,98,5.0,within an hour
Lovely Modern Room Close  Dowtn Boston/Green Line,Aziz,Allston,Private room,72,2,3,2.73,7,153,3,1.0,1,100,4.67,within an hour
"Blueground | South Boston, rooftop, nr Fort Point",Blueground,South Boston,Entire home/apt,225,31,0,0.0,369,334,0,1.0,0,99,4.7,within an hour
"South End Gem: City Views, Rooftop Pool",Marina,South End,Entire home/apt,479,2,0,0.0,12,327,0,1.0,1,100,4.7,within an hour
South End Oasis w Pool & Gym,Marina,South End,Entire home/apt,436,1,0,0.0,12,327,0,1.0,1,100,4.7,within an hour
"South End Apartment w Fireplace, Gym & Pool",Marina,South End,Entire home/apt,497,1,2,2.0,12,327,2,1.0,1,100,5.0,within an hour
Luxury South End Views & Pool,Marina,South End,Entire home/apt,477,29,1,1.0,12,327,1,1.0,1,100,5.0,within an hour
Apt next to Airport/Downtown,Peter,East Boston,Entire home/apt,282,1,0,0.0,4,352,0,1.0,3,100,4.7,within an hour
54.4 Downtown. Theater district.,Lee,Downtown,Entire home/apt,177,1,3,3.0,12,315,3,1.0,1,100,5.0,within an hour
(3-11) Easy first floor studio Back Bay,Paige,Back Bay,Entire home/apt,216,1,2,2.0,7,10,2,1.0,0,100,5.0,within an hour
"(3-21) Back Bay, 2 beds, Simple, Location!",Paige,Back Bay,Entire home/apt,266,1,4,4.0,7,64,4,1.0,1,100,4.75,within an hour
(3-31) Brand New Beautiful Back Bay apartment,Paige,Fenway,Entire home/apt,285,1,4,4.0,7,43,4,1.0,1,100,5.0,within an hour
"2BR South End Apt: Pool, Gym & Paid Parking!",Marina,South End,Entire home/apt,624,1,0,0.0,12,279,0,2.0,2,100,4.7,within an hour
South End Luxe Family Getaway,Marina,South End,Entire home/apt,775,2,0,0.0,12,279,0,2.0,2,100,4.7,within an hour
South End Serenity: Your Family's Dream Getaway!,Marina,South End,Entire home/apt,748,1,0,0.0,12,279,0,2.0,3,100,4.7,within an hour
"(3-52) Newly furnish, Back Bay!",Paige,Back Bay,Entire home/apt,207,1,3,3.0,7,44,3,1.0,1,100,4.67,within an hour
"(41A) Cozy Private Studio, Own Entrance!",Together We,Beacon Hill,Entire home/apt,177,1,2,2.0,2,72,2,1.0,0,100,5.0,within an hour
(M5) Spacious 2 bedroom Heart of Back Bay,Paige,Back Bay,Entire home/apt,742,1,0,0.0,7,3,0,1.5,2,100,4.7,within an hour
"(M6) Freshly styled, Large 3 bedroom!",Paige,Back Bay,Entire home/apt,493,1,0,0.0,7,9,0,1.5,3,100,4.7,within an hour
"(S2F) Front Facing 1 Bedroom, Back Bay",Paige,Back Bay,Entire home/apt,467,1,4,4.0,5,5,4,1.0,1,96,4.75,within an hour
(SB) Cozy & Charming little Studio. BackBay,Paige,Back Bay,Entire home/apt,483,1,0,0.0,60,6,0,1.0,0,100,4.7,within an hour
"Southie, 2Bedroom, New! (1)",Paige,South Boston,Entire home/apt,355,1,2,2.0,60,139,2,1.0,2,100,5.0,within an hour
"Southie, 3 Beds, In unit W/D (2)",Paige,South Boston,Entire home/apt,355,1,2,2.0,60,136,2,1.0,2,100,5.0,within an hour
"Southie! 2BR, Washer/Dryer, (3)",Paige,South Boston,Entire home/apt,355,1,1,1.0,60,143,1,1.0,2,100,4.0,within an hour
"3 Beds, Washer Dryer, Southie, New Reno! (4)",Paige,South Boston,Entire home/apt,299,1,1,1.0,60,130,1,1.0,2,100,5.0,within an hour
"(3-42) Cute 1 Bedroom, Perfect Location, BackBay",Paige,Back Bay,Entire home/apt,207,1,0,0.0,7,137,0,1.0,1,100,4.7,within an hour
Cozy Classic with Queen Size Bed,Renee,Dorchester,Private room,69,3,1,1.0,3,364,1,1.0,1,100,5.0,within an hour
63.4 Downtown. Theater District.,Lee,Downtown,Entire home/apt,177,1,4,4.0,12,340,4,1.0,1,100,5.0,within an hour
The Serene Hideaway,Renee,Dorchester,Private room,60,3,3,3.0,3,277,3,1.0,1,100,5.0,within an hour
Sunlit Retreat,Renee,Dorchester,Private room,69,3,4,4.0,3,355,4,1.0,1,100,4.5,within an hour
NomadiQ 3 bdrm next to Airport,Olsian,East Boston,Entire home/apt,309,1,7,6.0,2,358,7,1.0,3,98,4.71,within an hour
Lux 2b2b downtown,Rafael,Downtown,Entire home/apt,641,3,0,0.0,1,245,0,2.0,2,93,4.7,within an hour
NEW! Upscale 3Bed~Parking~W&D~ A.C~Near MBTA,Mindy,Hyde Park,Entire home/apt,161,2,0,0.0,1,290,0,1.0,3,100,4.7,within an hour
Luxury23.4 - Boston Landing - Allston Yards,Lee,Allston,Entire home/apt,241,1,5,5.0,12,352,5,2.0,2,100,4.4,within an hour
Red Sox 34.4 - Fenway Park. Longwood Med. NEU,Lee,Fenway,Entire home/apt,158,1,6,6.0,12,75,6,1.0,2,100,5.0,within an hour
Red Sox 09.4 - Fenway Park. Longwood Medical. NEU.,Lee,Fenway,Entire home/apt,158,1,6,6.0,12,325,6,1.0,2,100,4.83,within an hour
Huge Studio in Downtown Boston 2810,Mohammed Radi,Downtown,Entire home/apt,171,1,1,1.0,64,342,1,1.0,0,99,3.0,within an hour
Elegant (3BR/2BA)Condo | Seaport Boston,Adam,South Boston Waterfront,Entire home/apt,599,4,0,0.0,95,345,0,2.0,3,92,4.7,within an hour
"Blueground | Shawmut, pool, nr Boston Common",Blueground,South End,Entire home/apt,232,31,0,0.0,369,71,0,1.0,0,99,4.7,within an hour
Luxury Apt in the Heart of Seaport,Compass,South Boston Waterfront,Entire home/apt,282,30,0,0.0,29,363,0,1.0,1,96,4.7,within a few hours
Private Apt In Downtown Seaport with Pool,Compass,South Boston Waterfront,Entire home/apt,304,30,0,0.0,29,307,0,1.0,1,96,4.7,within a few hours
Modern Apt Downtown Seaport with Gym,Compass,South Boston Waterfront,Entire home/apt,293,30,0,0.0,29,347,0,1.0,1,96,4.7,within a few hours
"Blueground | Shawmut, pool, nr Boston Common",Blueground,South End,Entire home/apt,300,31,0,0.0,369,191,0,1.0,0,99,4.7,within an hour
"Blueground | Fenway, gym, nr Fenway Park",Blueground,Fenway,Entire home/apt,233,31,0,0.0,369,360,0,1.0,1,99,4.7,within an hour
558/1 - 3BR Boston | Renovated Nest near aquarium,Tan,Dorchester,Entire home/apt,253,1,0,0.0,4,332,0,2.0,3,100,4.7,within an hour
60/3 - 3BR Boston | Sleek Apt near Wollaston Beach,Tan,Mattapan,Entire home/apt,303,1,3,3.0,4,340,3,2.0,3,100,5.0,within an hour
Boston Buccaneer Retreat,Hitesh,Jamaica Plain,Entire home/apt,446,3,0,0.0,7,341,0,2.0,3,100,4.7,within an hour
"Stylish Back Bay Loft Near Copley, Sleeps 4",Ronalyn,South End,Entire home/apt,244,2,0,0.0,21,106,0,2.0,0,100,4.7,within an hour
"Stylish 3BR, 2BA, Sleeps 6, Heart of Back Bay",Ronalyn,South End,Entire home/apt,463,5,1,1.0,21,178,1,2.0,3,100,5.0,within an hour
North End Central Condo TD-Garden & Haymarket T,Haroldo,Downtown,Entire home/apt,562,2,2,2.0,8,104,2,2.0,2,100,5.0,within an hour
Downtown Boston Theater District Famous Nightlife,Michael,Downtown,Entire home/apt,176,1,0,0.0,2,338,0,1.0,0,100,4.7,within an hour
Apt Downtown Seaport with Access to Terrace,Compass,South Boston Waterfront,Entire home/apt,280,30,0,0.0,29,235,0,1.0,2,96,4.7,within a few hours
Private Apt Seaport Walk to Restaurants,Compass,South Boston Waterfront,Entire home/apt,346,30,0,0.0,29,260,0,2.0,2,96,4.7,within a few hours
Roomy 1-bedroom - Faneuil Hall and Quincy Market,Paul,Downtown,Entire home/apt,215,30,1,1.0,15,334,1,1.0,0,100,5.0,within an hour
Entire Private 1 Bedroom Suite,Anthony,Roslindale,Entire home/apt,71,91,0,0.0,2,169,0,1.0,1,100,4.7,within an hour
"85b2 Brand new 3BR/Walk to Transit, near Boston",Phuong Thuykim,Dorchester,Entire home/apt,319,1,0,0.0,5,351,0,2.0,3,100,4.7,within an hour
14b6 Cozy/3br/2 free parking/Red line/Boston,Phuong Thuykim,Dorchester,Entire home/apt,228,1,1,1.0,5,355,1,1.5,3,100,5.0,within an hour
Modern 2BR/2BA Apt in Seaport's high-end building,Adam,South Boston Waterfront,Entire home/apt,599,4,0,0.0,95,327,0,2.0,2,92,4.7,within an hour
14a3 Beautiful apt 3br/8 beds/free parking,Phuong Thuykim,Dorchester,Entire home/apt,326,1,0,0.0,5,336,0,1.5,3,100,4.7,within an hour
60/2 - 3BR Boston | Modern Apt near Museum,Jenny,Mattapan,Entire home/apt,279,1,1,1.0,4,342,1,2.0,3,100,5.0,within an hour
90/3 - 4BR Dorchester | Sleek Apt near Marina Bay,Jenny,Dorchester,Entire home/apt,259,1,1,1.0,4,343,1,2.0,4,100,4.0,within an hour
Harbour View 1BR nr MStreet Beach  & Boston Comm,Bluebird,South Boston Waterfront,Entire home/apt,406,30,0,0.0,6,357,0,1.0,1,93,4.7,within an hour
Family-Friendly 4BR w/ Yard & Modern Kitchen,Kama,Jamaica Plain,Entire home/apt,357,14,0,0.0,39,320,0,1.5,4,99,4.7,within an hour
233/1 - 4BR Boston | Cozy Apt near MBTA Station,Jenny,Dorchester,Entire home/apt,282,1,0,0.0,4,318,0,2.0,4,100,4.7,within an hour
"Room- Andrew S, Hospitals, Beach",Vasyl,Dorchester,Private room,48,91,0,0.0,1,291,0,1.0,1,100,4.7,within a day
Sleek 2BR 2BA in Fenway High end building,Adam,Fenway,Entire home/apt,599,5,0,0.0,95,364,0,2.0,2,92,4.7,within an hour
233/3 - 4BR Boston | Peaceful Escape near Downtown,Jenny,Dorchester,Entire home/apt,313,1,1,1.0,4,325,1,2.0,4,100,5.0,within an hour
"Tri-level, Skylighted, Faneuil Hall/Quincy Market",Ronalyn,Downtown,Entire home/apt,185,2,2,2.0,21,281,2,1.5,0,100,5.0,within an hour
Luxury Apartment Back Bay,Compass,Back Bay,Entire home/apt,319,30,0,0.0,29,294,0,1.0,1,96,4.7,within a few hours
Modern Apartment Back Bay,Compass,Back Bay,Entire home/apt,280,30,0,0.0,29,290,0,1.0,1,96,4.7,within a few hours
Luxury Apt In Heart of Back Bay,Compass,Back Bay,Entire home/apt,298,30,0,0.0,29,49,0,1.0,1,96,4.7,within a few hours
Luxury Apt In Heart of Back Bay,Compass,Back Bay,Entire home/apt,303,30,0,0.0,29,319,0,1.0,1,96,4.7,within a few hours
Luxury Apt Near Prudential Center,Compass,Back Bay,Entire home/apt,293,30,0,0.0,29,228,0,1.0,1,96,4.7,within a few hours
Open-Concept 2BR Loft in the Heart of Back Bay,Paul,Back Bay,Entire home/apt,309,2,0,0.0,15,131,0,1.5,0,100,4.7,within an hour
Garden 1BR Loft in Back Bay Near Copley,Paul,Back Bay,Entire home/apt,182,2,0,0.0,15,173,0,1.0,1,100,4.7,within an hour
Luxury 4BR | 2.5BA Back Bay Duplex,Jason,Back Bay,Entire home/apt,1520,4,0,0.0,18,238,0,2.5,4,100,4.7,within an hour
Cozy 2BR 2BA unit in downtown boston,Adam,Downtown,Entire home/apt,599,4,0,0.0,95,166,0,2.0,2,92,4.7,within an hour
Large 3.5 BR|2 BA Penthouse Duplex,Jason,Beacon Hill,Entire home/apt,919,4,0,0.0,18,237,0,2.0,4,100,4.7,within an hour
Prime Downtown Location | 2BR 2BA  Boston Common,Adam,Downtown,Entire home/apt,599,4,0,0.0,95,165,0,2.0,2,92,4.7,within an hour
Spacious 2BR 2BA in Back Bay by Prudential,Adam,Back Bay,Entire home/apt,599,4,0,0.0,95,233,0,2.0,2,92,4.7,within an hour
Luxury Studio near Harvard 1754,Mohammed,Allston,Entire home/apt,191,1,3,3.0,12,291,3,1.0,1,97,5.0,within an hour
Modern Lakeview Penthouse | 2BR 2BA,Adam,Jamaica Plain,Entire home/apt,496,4,0,0.0,95,165,0,2.0,2,92,4.7,within an hour
Awesome Studio with great amenities!,Justin And Mandy,South End,Entire home/apt,223,1,0,0.0,15,354,0,1.0,1,100,4.7,within an hour
Fenway Park – Walk everywhere –Location –2 bedroom,Jessy And Diego,Fenway,Entire home/apt,191,2,2,2.0,20,176,2,1.0,2,100,5.0,within an hour
Stunning Apt with City Views,Compass,Downtown,Entire home/apt,278,30,0,0.0,29,363,0,1.0,1,96,4.7,within a few hours
Luxury Apt Downtown with Pool,Compass,Downtown,Entire home/apt,297,30,0,0.0,29,323,0,1.0,2,96,4.7,within a few hours
Spacious 6BRduplex near Downtown,Marco,Dorchester,Entire home/apt,501,2,0,0.0,1,246,0,2.0,6,100,4.7,within an hour
"(H1) Second Floor, 1 Bedroom, Nebwury Street!",Paige,Back Bay,Entire home/apt,275,1,1,1.0,4,35,1,1.0,1,98,5.0,within an hour
"Sun-filled Unit, Elevator, Pool, Boston College",Ronalyn,Brighton,Entire home/apt,201,29,0,0.0,21,264,0,1.0,0,100,4.7,within an hour
Modern Studio in South End!,Justin And Mandy,South End,Entire home/apt,161,1,0,0.0,15,356,0,1.0,1,100,4.7,within an hour
Luxury 2bd/2ba near Harvard 4293,Mohammed,Allston,Entire home/apt,255,1,1,1.0,12,339,1,2.0,2,97,5.0,within an hour
Ellie 2- Small Back Bay Studio,Paige,Back Bay,Entire home/apt,199,1,0,0.0,8,136,0,1.0,0,98,4.7,within an hour
NEW! LUX 3BR w/ 400 Mbps Wifi | ROKU TV & Games!,Michael,Roxbury,Entire home/apt,351,1,2,2.0,4,321,2,2.0,3,100,5.0,within an hour
3BR | 3.5BA Single Family | Workspace | Playroom,Bennett,South Boston,Entire home/apt,440,2,0,0.0,1,43,0,3.5,4,100,4.7,within an hour
NomadiQ Walk to Airport / 5 min drive to Downtown,Olsian,East Boston,Entire home/apt,331,1,3,3.0,3,359,3,1.0,3,100,5.0,within an hour
Sea view Outstanding apartment,Kubra,South Boston Waterfront,Entire home/apt,408,1,0,0.0,1,360,0,1.0,1,90,4.7,within an hour
Near Harvard Business 1-4,Taskin,Allston,Private room,98,1,0,0.0,16,365,0,1.0,1,100,4.7,within an hour
Luxury 3 Br 2 Ba Jamica pond Boston Hospitals,Adam,Jamaica Plain,Entire home/apt,642,1,0,0.0,95,82,0,2.0,3,92,4.7,within an hour
7 Gladstone Room 1,Weiran,East Boston,Private room,103,1,0,0.0,4,88,0,1.0,3,100,4.7,within an hour
7 Gladstone Room 2,Weiran,East Boston,Private room,117,1,0,0.0,4,89,0,1.0,1,100,4.7,within an hour
A New 2BR Garden-Level Apt 20min Downtown Boston,Pamela,Dorchester,Entire home/apt,176,1,3,3.0,3,349,3,1.0,2,100,5.0,within an hour
558/2 - 3BR Boston | Renovated Nest near Aquarium,Tan,Dorchester,Entire home/apt,288,1,0,0.0,4,329,0,2.0,3,100,4.7,within an hour
5-story Luxury Boston Brownstone,Michael,Roxbury,Entire home/apt,708,3,0,0.0,2,251,0,3.5,6,100,4.7,within an hour
"(T8) South End Studio, Cute and Cozy",Boston,South End,Entire home/apt,314,1,1,1.0,3,129,1,1.0,0,97,5.0,within an hour
7 Gladstone Room 3,Weiran,East Boston,Private room,109,1,0,0.0,4,88,0,1.0,1,100,4.7,within an hour
7 Gladstone Room 4,Weiran,East Boston,Private room,99,1,1,1.0,4,83,1,1.0,1,100,4.0,within an hour
(F22) Fenway Studio! Location A+,Together We,Fenway,Entire home/apt,186,1,0,0.0,2,120,0,1.0,0,100,4.7,within an hour
Back Bay Studio and Private Patio,Paige,Back Bay,Entire home/apt,250,1,0,0.0,5,81,0,1.0,0,96,4.7,within an hour
Room 2 - two queen beds,Evon,Mattapan,Private room,138,3,0,0.0,5,352,0,2.0,1,100,4.7,within an hour
Great Value Studio in South End!,Justin And Mandy,South End,Entire home/apt,145,1,0,0.0,15,356,0,1.0,1,100,4.7,within an hour
Room 1 King Bed,Evon,Mattapan,Private room,135,3,0,0.0,5,352,0,2.0,1,100,4.7,within an hour
Room 3 Queen bed,Evon,Mattapan,Private room,135,3,0,0.0,5,352,0,2.0,1,100,4.7,within an hour
Room 4 - Queen bed,Evon,Mattapan,Private room,140,3,0,0.0,5,351,0,2.0,1,100,4.7,within an hour
Cozy Studio in Faneuil Hall/Quincy Market,Nina,Downtown,Entire home/apt,205,30,0,0.0,7,317,0,1.0,0,100,4.7,within an hour
Elegant 2BR 0.09mi Faneuil Hall/Quincy Market,Nina,Downtown,Entire home/apt,355,30,0,0.0,7,340,0,2.0,0,100,4.7,within an hour
"Renovated, 2BR, 2BA in Boston",Nina,Roxbury,Entire home/apt,276,30,0,0.0,7,362,0,2.0,0,100,4.7,within an hour
"New Reno, Elevator, South End",Nina,Roxbury,Entire home/apt,280,30,0,0.0,7,363,0,2.0,0,100,4.7,within an hour
"New Construction, near NEU/BMC, Elevator, 2B, 2BA",Nina,Roxbury,Entire home/apt,281,30,0,0.0,7,357,0,2.0,2,100,4.7,within an hour
NomadiQ boutique stay,Olsian,East Boston,Entire home/apt,181,1,1,1.0,3,359,1,1.0,1,100,5.0,within an hour
Quiet 2BR + Office | Midterm,Ifeoma,Roslindale,Entire home/apt,131,91,0,0.0,1,365,0,1.0,2,100,4.7,Unknown
"2 level, 2 bed with office in Back Bay",Nina,Back Bay,Entire home/apt,332,30,0,0.0,7,144,0,2.0,2,100,4.7,within an hour
"Sunny 2BR w/ Office, Near Copley & Shopping",Nina,Back Bay,Entire home/apt,200,30,0,0.0,7,189,0,1.0,2,100,4.7,within an hour
A tree house like room in Jamaica Plain,Allison,Jamaica Plain,Private room,102,1,0,0.0,2,359,0,1.0,1,100,4.7,within an hour
NQ East Boston 3 Bdrm,Olsian,East Boston,Entire home/apt,299,1,0,0.0,3,358,0,1.0,3,100,4.7,within an hour
Stylish Boston Getaway Near Arboretum & T Station!,Plushy,Roslindale,Entire home/apt,173,91,0,0.0,1,364,0,1.0,3,100,4.7,within an hour
